Results_Name,VSPAERO_History,,,,
Results_Timestamp,1639008966,,,,
Results_Date,12,8,2021,,
Results_Time,18,16,6,,
Alpha,0,0,0,0,0
AnalysisMethod,0,,,,
Beta,0,0,0,0,0
CDi,-0.00001,-0.00001,-0.00001,-0.00001,-0.00001
CDo,0.04517,0.04516,0.04516,0.04516,0.04516
CDtot,0.04516,0.04516,0.04516,0.04516,0.04516
CDtrefftz,0,0,0,0,0
CFx,-0.00001,-0.00001,-0.00001,-0.00001,-0.00001
CFy,-0.00002,0.00001,0,0,0
CFz,-0.00066,-0.00056,-0.00053,-0.00053,-0.00053
CL,-0.00066,-0.00056,-0.00053,-0.00053,-0.00053
CMx,-0.00003,0,0,0,0
CMy,-0.01084,-0.01139,-0.01139,-0.01141,-0.01141
CMz,-0.00002,0,0,0,0
CS,-0.00002,0.00001,0,0,0
E,-0.00432,-0.00287,-0.00247,-0.00247,-0.00247
FC_AoA_,0,,,,
FC_Beta_,0,,,,
FC_Bref_,7.5,,,,
FC_Cref_,1.481959,,,,
FC_Mach_,0.001,,,,
FC_Pitch_Rate,0,,,,
FC_ReCref_,50000,,,,
FC_Rho_,0.002377,,,,
FC_Roll__Rate,0,,,,
FC_Sref_,11.114691,,,,
FC_Vinf_,100,,,,
FC_Xcg_,4.521099,,,,
FC_Yaw___Rate,0,,,,
FC_Ycg_,0,,,,
FC_Zcg_,-0.223591,,,,
L/D,-0.0147,-0.01247,-0.01168,-0.01168,-0.01169
Mach,0.001,0.001,0.001,0.001,0.001
T/QS,0,0,0,0,0
WakeIter,1,2,3,4,5
Results_Name,VSPAERO_History,,,,
Results_Timestamp,1639008966,,,,
Results_Date,12,8,2021,,
Results_Time,18,16,6,,
Alpha,0.51282,0.51282,0.51282,0.51282,0.51282
AnalysisMethod,0,,,,
Beta,0,0,0,0,0
CDi,0.00007,0.00008,0.00009,0.00009,0.00009
CDo,0.04519,0.04518,0.04518,0.04518,0.04518
CDtot,0.04525,0.04526,0.04527,0.04527,0.04527
CDtrefftz,0,0,0,0,0
CFx,-0.00024,-0.00027,-0.00028,-0.00028,-0.00028
CFy,0.00028,0.00008,0,0,0
CFz,0.03407,0.03928,0.04125,0.04136,0.04139
CL,0.03407,0.03928,0.04125,0.04136,0.04139
CMx,0.00107,0.00037,0.00003,0.00001,0
CMy,0.02121,0.01184,0.0122,0.01221,0.01222
CMz,-0.00071,0.00003,0,0,0
CS,0.00028,0.00008,0,0,0
E,1.10502,1.22836,1.24423,1.2423,1.24235
FC_AoA_,0.512821,,,,
FC_Beta_,0,,,,
FC_Bref_,7.5,,,,
FC_Cref_,1.481959,,,,
FC_Mach_,0.001,,,,
FC_Pitch_Rate,0,,,,
FC_ReCref_,50000,,,,
FC_Rho_,0.002377,,,,
FC_Roll__Rate,0,,,,
FC_Sref_,11.114691,,,,
FC_Vinf_,100,,,,
FC_Xcg_,4.521099,,,,
FC_Yaw___Rate,0,,,,
FC_Ycg_,0,,,,
FC_Zcg_,-0.223591,,,,
L/D,0.75289,0.86794,0.91131,0.91365,0.91438
Mach,0.001,0.001,0.001,0.001,0.001
T/QS,0.00007,0.00009,0.0001,0.0001,0.0001
WakeIter,1,2,3,4,5
Results_Name,VSPAERO_History,,,,
Results_Timestamp,1639008966,,,,
Results_Date,12,8,2021,,
Results_Time,18,16,6,,
Alpha,1.02564,1.02564,1.02564,1.02564,1.02564
AnalysisMethod,0,,,,
Beta,0,0,0,0,0
CDi,0.00033,0.0004,0.00041,0.00041,0.00041
CDo,0.04521,0.04521,0.04521,0.04521,0.04521
CDtot,0.04554,0.04561,0.04562,0.04562,0.04562
CDtrefftz,0,0,0,0,0
CFx,-0.00095,-0.00108,-0.00108,-0.00108,-0.00108
CFy,0.0004,0.00001,0,0,0
CFz,0.07144,0.08268,0.08315,0.08321,0.08324
CL,0.07145,0.08269,0.08316,0.08322,0.08325
CMx,0.00212,0.00012,0.00002,0,0
CMy,0.03261,0.03605,0.03609,0.03608,0.03606
CMz,0.0001,0,0,0,0
CS,0.0004,0.00001,0,0,0
E,0.9621,1.06859,1.06815,1.06837,1.06849
FC_AoA_,1.025641,,,,
FC_Beta_,0,,,,
FC_Bref_,7.5,,,,
FC_Cref_,1.481959,,,,
FC_Mach_,0.001,,,,
FC_Pitch_Rate,0,,,,
FC_ReCref_,50000,,,,
FC_Rho_,0.002377,,,,
FC_Roll__Rate,0,,,,
FC_Sref_,11.114691,,,,
FC_Vinf_,100,,,,
FC_Xcg_,4.521099,,,,
FC_Yaw___Rate,0,,,,
FC_Ycg_,0,,,,
FC_Zcg_,-0.223591,,,,
L/D,1.56882,1.81283,1.82289,1.82421,1.82478
Mach,0.001,0.001,0.001,0.001,0.001
T/QS,0.00033,0.00041,0.00041,0.00041,0.00041
WakeIter,1,2,3,4,5
Results_Name,VSPAERO_History,,,,
Results_Timestamp,1639008966,,,,
Results_Date,12,8,2021,,
Results_Time,18,16,6,,
Alpha,1.53846,1.53846,1.53846,1.53846,1.53846
AnalysisMethod,0,,,,
Beta,0,0,0,0,0
CDi,0.00079,0.00094,0.00095,0.00095,0.00096
CDo,0.04525,0.04526,0.04526,0.04526,0.04526
CDtot,0.04603,0.0462,0.04621,0.04621,0.04621
CDtrefftz,0,0,0,0,0
CFx,-0.00208,-0.00239,-0.0024,-0.0024,-0.0024
CFy,0.00092,-0.00004,0,0,0
CFz,0.10666,0.12392,0.12481,0.1249,0.12498
CL,0.10667,0.12394,0.12483,0.12492,0.125
CMx,0.00408,0.00015,0.00002,0,0
CMy,0.05431,0.06051,0.06035,0.06035,0.06015
CMz,0.00064,0.00001,0,0,0
CS,0.00092,-0.00004,0,0,0
E,0.90847,1.02824,1.02823,1.02863,1.02852
FC_AoA_,1.538462,,,,
FC_Beta_,0,,,,
FC_Bref_,7.5,,,,
FC_Cref_,1.481959,,,,
FC_Mach_,0.001,,,,
FC_Pitch_Rate,0,,,,
FC_ReCref_,50000,,,,
FC_Rho_,0.002377,,,,
FC_Roll__Rate,0,,,,
FC_Sref_,11.114691,,,,
FC_Vinf_,100,,,,
FC_Xcg_,4.521099,,,,
FC_Yaw___Rate,0,,,,
FC_Ycg_,0,,,,
FC_Zcg_,-0.223591,,,,
L/D,2.3173,2.68298,2.70129,2.70322,2.70491
Mach,0.001,0.001,0.001,0.001,0.001
T/QS,0.00075,0.00092,0.00093,0.00094,0.00094
WakeIter,1,2,3,4,5
Results_Name,VSPAERO_History,,,,
Results_Timestamp,1639008966,,,,
Results_Date,12,8,2021,,
Results_Time,18,16,6,,
Alpha,2.05128,2.05128,2.05128,2.05128,2.05128
AnalysisMethod,0,,,,
Beta,0,0,0,0,0
CDi,0.00144,0.00171,0.00172,0.00172,0.00173
CDo,0.04529,0.04532,0.04532,0.04532,0.04532
CDtot,0.04673,0.04703,0.04703,0.04704,0.04705
CDtrefftz,0,0,0,0,0
CFx,-0.00369,-0.00422,-0.00422,-0.00423,-0.00424
CFy,0.00102,0.00004,0.00002,0.00001,0
CFz,0.14328,0.1655,0.16586,0.16639,0.16656
CL,0.14332,0.16554,0.1659,0.16644,0.16661
CMx,0.00532,0.00018,0.00012,0.00003,0
CMy,0.07584,0.08444,0.08469,0.08479,0.08466
CMz,0.00062,0.00014,0.00004,0,0
CS,0.00102,0.00004,0.00002,0.00001,0
E,0.89705,1.0083,1.00935,1.01056,1.0108
FC_AoA_,2.051282,,,,
FC_Beta_,0,,,,
FC_Bref_,7.5,,,,
FC_Cref_,1.481959,,,,
FC_Mach_,0.001,,,,
FC_Pitch_Rate,0,,,,
FC_ReCref_,50000,,,,
FC_Rho_,0.002377,,,,
FC_Roll__Rate,0,,,,
FC_Sref_,11.114691,,,,
FC_Vinf_,100,,,,
FC_Xcg_,4.521099,,,,
FC_Yaw___Rate,0,,,,
FC_Ycg_,0,,,,
FC_Zcg_,-0.223591,,,,
L/D,3.06668,3.52009,3.52725,3.53797,3.54138
Mach,0.001,0.001,0.001,0.001,0.001
T/QS,0.00136,0.00165,0.00166,0.00167,0.00167
WakeIter,1,2,3,4,5
Results_Name,VSPAERO_History,,,,
Results_Timestamp,1639008966,,,,
Results_Date,12,8,2021,,
Results_Time,18,16,6,,
Alpha,2.5641,2.5641,2.5641,2.5641,2.5641
AnalysisMethod,0,,,,
Beta,0,0,0,0,0
CDi,0.00229,0.0027,0.00271,0.00272,0.00272
CDo,0.04535,0.04539,0.04539,0.0454,0.04539
CDtot,0.04764,0.0481,0.04811,0.04812,0.04812
CDtrefftz,0,0,0,0,0
CFx,-0.00581,-0.00657,-0.00658,-0.00659,-0.00659
CFy,0.00101,-0.00001,-0.00001,0,0
CFz,0.18092,0.20715,0.2076,0.20789,0.20801
CL,0.181,0.20723,0.20769,0.20798,0.2081
CMx,0.00592,0.00012,0.00006,0.00002,0.00001
CMy,0.09985,0.11021,0.10963,0.10936,0.10919
CMz,0.00047,-0.00001,0,0,0
CS,0.00101,-0.00001,-0.00001,0,0
E,0.90042,0.99958,0.99963,0.99995,1.00017
FC_AoA_,2.564103,,,,
FC_Beta_,0,,,,
FC_Bref_,7.5,,,,
FC_Cref_,1.481959,,,,
FC_Mach_,0.001,,,,
FC_Pitch_Rate,0,,,,
FC_ReCref_,50000,,,,
FC_Rho_,0.002377,,,,
FC_Roll__Rate,0,,,,
FC_Sref_,11.114691,,,,
FC_Vinf_,100,,,,
FC_Xcg_,4.521099,,,,
FC_Yaw___Rate,0,,,,
FC_Ycg_,0,,,,
FC_Zcg_,-0.223591,,,,
L/D,3.79936,4.3087,4.317,4.32242,4.32478
Mach,0.001,0.001,0.001,0.001,0.001
T/QS,0.00217,0.00261,0.00262,0.00263,0.00263
WakeIter,1,2,3,4,5
Results_Name,VSPAERO_History,,,,
Results_Timestamp,1639008966,,,,
Results_Date,12,8,2021,,
Results_Time,18,16,6,,
Alpha,3.07692,3.07692,3.07692,3.07692,3.07692
AnalysisMethod,0,,,,
Beta,0,0,0,0,0
CDi,0.0035,0.00391,0.00394,0.00394,0.00394
CDo,0.04544,0.04549,0.04549,0.04549,0.04549
CDtot,0.04894,0.0494,0.04942,0.04943,0.04943
CDtrefftz,0,0,0,0,0
CFx,-0.00879,-0.00944,-0.00945,-0.00945,-0.00946
CFy,0.00076,0,-0.00001,0,0
CFz,0.22872,0.24846,0.24914,0.24929,0.24941
CL,0.22886,0.24861,0.24929,0.24944,0.24956
CMx,0.00465,0.00006,0.00001,0,0
CMy,0.13004,0.13585,0.13461,0.13431,0.13405
CMz,0.00119,0.00002,0,0,0
CS,0.00076,0,-0.00001,0,0
E,0.94221,0.99397,0.99258,0.99296,0.99318
FC_AoA_,3.076923,,,,
FC_Beta_,0,,,,
FC_Bref_,7.5,,,,
FC_Cref_,1.481959,,,,
FC_Mach_,0.001,,,,
FC_Pitch_Rate,0,,,,
FC_ReCref_,50000,,,,
FC_Rho_,0.002377,,,,
FC_Roll__Rate,0,,,,
FC_Sref_,11.114691,,,,
FC_Vinf_,100,,,,
FC_Xcg_,4.521099,,,,
FC_Yaw___Rate,0,,,,
FC_Ycg_,0,,,,
FC_Zcg_,-0.223591,,,,
L/D,4.67657,5.03293,5.04387,5.04657,5.04882
Mach,0.001,0.001,0.001,0.001,0.001
T/QS,0.00341,0.00385,0.00386,0.00386,0.00386
WakeIter,1,2,3,4,5
Results_Name,VSPAERO_History,,,,
Results_Timestamp,1639008966,,,,
Results_Date,12,8,2021,,
Results_Time,18,16,6,,
Alpha,3.58974,3.58974,3.58974,3.58974,3.58974
AnalysisMethod,0,,,,
Beta,0,0,0,0,0
CDi,0.00478,0.00534,0.00536,0.00537,0.00538
CDo,0.04553,0.04559,0.04559,0.04559,0.04559
CDtot,0.05031,0.05093,0.05096,0.05096,0.05097
CDtrefftz,0,0,0,0,0
CFx,-0.01194,-0.0128,-0.01282,-0.01283,-0.01283
CFy,0.00091,-0.00002,-0.00001,0,0
CFz,0.26671,0.2894,0.28999,0.29019,0.29058
CL,0.26693,0.28963,0.29023,0.29042,0.29081
CMx,0.00517,0.00007,0.00001,0.00001,0.00001
CMy,0.15672,0.16139,0.1606,0.1602,0.15925
CMz,0.00019,-0.00005,0,0,0
CS,0.00091,-0.00002,-0.00001,0,0
E,0.93727,0.98765,0.98763,0.98804,0.98796
FC_AoA_,3.589744,,,,
FC_Beta_,0,,,,
FC_Bref_,7.5,,,,
FC_Cref_,1.481959,,,,
FC_Mach_,0.001,,,,
FC_Pitch_Rate,0,,,,
FC_ReCref_,50000,,,,
FC_Rho_,0.002377,,,,
FC_Roll__Rate,0,,,,
FC_Sref_,11.114691,,,,
FC_Vinf_,100,,,,
FC_Xcg_,4.521099,,,,
FC_Yaw___Rate,0,,,,
FC_Ycg_,0,,,,
FC_Zcg_,-0.223591,,,,
L/D,5.30553,5.68653,5.6957,5.69908,5.70507
Mach,0.001,0.001,0.001,0.001,0.001
T/QS,0.00486,0.00544,0.00546,0.00546,0.00546
WakeIter,1,2,3,4,5
Results_Name,VSPAERO_History,,,,
Results_Timestamp,1639008966,,,,
Results_Date,12,8,2021,,
Results_Time,18,16,6,,
Alpha,4.10256,4.10256,4.10256,4.10256,4.10256
AnalysisMethod,0,,,,
Beta,0,0,0,0,0
CDi,0.00636,0.00689,0.00701,0.00702,0.00703
CDo,0.04565,0.0457,0.04571,0.04571,0.04571
CDtot,0.05201,0.05259,0.05272,0.05273,0.05274
CDtrefftz,0,0,0,0,0
CFx,-0.01579,-0.01659,-0.01669,-0.01671,-0.01672
CFy,0.00078,-0.00002,-0.00002,0,0
CFz,0.3091,0.32754,0.33068,0.33104,0.33132
CL,0.30944,0.32789,0.33103,0.33139,0.33166
CMx,0.005,0.00063,0.00004,0.00002,0.00001
CMy,0.18372,0.18691,0.18642,0.18594,0.18541
CMz,-0.00037,-0.00002,-0.00001,0,0
CS,0.00078,-0.00002,-0.00002,0,0
E,0.94678,0.98166,0.98328,0.98388,0.98421
FC_AoA_,4.102564,,,,
FC_Beta_,0,,,,
FC_Bref_,7.5,,,,
FC_Cref_,1.481959,,,,
FC_Mach_,0.001,,,,
FC_Pitch_Rate,0,,,,
FC_ReCref_,50000,,,,
FC_Rho_,0.002377,,,,
FC_Roll__Rate,0,,,,
FC_Sref_,11.114691,,,,
FC_Vinf_,100,,,,
FC_Xcg_,4.521099,,,,
FC_Yaw___Rate,0,,,,
FC_Ycg_,0,,,,
FC_Zcg_,-0.223591,,,,
L/D,5.94984,6.23483,6.27903,6.28462,6.28881
Mach,0.001,0.001,0.001,0.001,0.001
T/QS,0.00696,0.00747,0.00756,0.00755,0.00754
WakeIter,1,2,3,4,5
Results_Name,VSPAERO_History,,,,
Results_Timestamp,1639008966,,,,
Results_Date,12,8,2021,,
Results_Time,18,16,6,,
Alpha,4.61539,4.61539,4.61539,4.61539,4.61539
AnalysisMethod,0,,,,
Beta,0,0,0,0,0
CDi,0.00832,0.00883,0.00888,0.00889,0.0089
CDo,0.04579,0.04584,0.04585,0.04584,0.04584
CDtot,0.05411,0.05467,0.05473,0.05474,0.05475
CDtrefftz,0,0,0,0,0
CFx,-0.02028,-0.02102,-0.02108,-0.0211,-0.02111
CFy,0.00038,0.00002,-0.00001,0,0
CFz,0.35458,0.37011,0.37156,0.37186,0.37216
CL,0.35506,0.3706,0.37206,0.37235,0.37266
CMx,0.00389,0.00028,0.00002,0.00001,0.00001
CMy,0.21155,0.21287,0.2124,0.2119,0.21122
CMz,-0.0003,-0.00001,0,0,0
CS,0.00038,0.00002,-0.00001,0,0
E,0.9529,0.97874,0.98005,0.98063,0.98092
FC_AoA_,4.615385,,,,
FC_Beta_,0,,,,
FC_Bref_,7.5,,,,
FC_Cref_,1.481959,,,,
FC_Mach_,0.001,,,,
FC_Pitch_Rate,0,,,,
FC_ReCref_,50000,,,,
FC_Rho_,0.002377,,,,
FC_Roll__Rate,0,,,,
FC_Sref_,11.114691,,,,
FC_Vinf_,100,,,,
FC_Xcg_,4.521099,,,,
FC_Yaw___Rate,0,,,,
FC_Ycg_,0,,,,
FC_Zcg_,-0.223591,,,,
L/D,6.56175,6.77905,6.79816,6.80263,6.80684
Mach,0.001,0.001,0.001,0.001,0.001
T/QS,0.00932,0.00984,0.00986,0.00985,0.00983
WakeIter,1,2,3,4,5
Results_Name,VSPAERO_History,,,,
Results_Timestamp,1639008966,,,,
Results_Date,12,8,2021,,
Results_Time,18,16,6,,
Alpha,5.1282,5.1282,5.1282,5.1282,5.1282
AnalysisMethod,0,,,,
Beta,0,0,0,0,0
CDi,0.01037,0.0106,0.01087,0.01098,0.01099
CDo,0.04593,0.04597,0.04599,0.04599,0.04599
CDtot,0.0563,0.05657,0.05685,0.05697,0.05698
CDtrefftz,0,0,0,0,0
CFx,-0.02503,-0.02573,-0.0259,-0.02599,-0.02601
CFy,0.00039,0.00014,0.00008,0,0
CFz,0.39486,0.4053,0.41016,0.41241,0.4128
CL,0.39552,0.40598,0.41084,0.41308,0.41347
CMx,0.00408,0.0005,0.00034,0.00004,0.00002
CMy,0.2382,0.2489,0.23964,0.23781,0.23718
CMz,0.00042,0.0001,0.00003,0,0
CS,0.00039,0.00014,0.00008,0,0
E,0.94886,0.97834,0.97695,0.97746,0.97809
FC_AoA_,5.128205,,,,
FC_Beta_,0,,,,
FC_Bref_,7.5,,,,
FC_Cref_,1.481959,,,,
FC_Mach_,0.001,,,,
FC_Pitch_Rate,0,,,,
FC_ReCref_,50000,,,,
FC_Rho_,0.002377,,,,
FC_Roll__Rate,0,,,,
FC_Sref_,11.114691,,,,
FC_Vinf_,100,,,,
FC_Xcg_,4.521099,,,,
FC_Yaw___Rate,0,,,,
FC_Ycg_,0,,,,
FC_Zcg_,-0.223591,,,,
L/D,7.0252,7.17652,7.22629,7.25059,7.25586
Mach,0.001,0.001,0.001,0.001,0.001
T/QS,0.01088,0.01132,0.01144,0.01159,0.01157
WakeIter,1,2,3,4,5
Results_Name,VSPAERO_History,,,,
Results_Timestamp,1639008966,,,,
Results_Date,12,8,2021,,
Results_Time,18,16,6,,
Alpha,5.64103,5.64103,5.64103,5.64103,5.64103
AnalysisMethod,0,,,,
Beta,0,0,0,0,0
CDi,0.01266,0.01305,0.01299,0.01322,0.0133
CDo,0.04608,0.04614,0.04614,0.04615,0.04615
CDtot,0.05874,0.05919,0.05913,0.05937,0.05945
CDtrefftz,0,0,0,0,0
CFx,-0.03023,-0.0311,-0.03119,-0.03134,-0.0314
CFy,0.00046,0.00003,0.00002,0.00003,0.00001
CFz,0.43478,0.44759,0.44791,0.45187,0.45317
CL,0.43565,0.44848,0.4488,0.45276,0.45406
CMx,0.00467,0.00066,0.00027,0.00013,0.00005
CMy,0.25969,0.26632,0.27267,0.26545,0.26327
CMz,-0.0005,0.00016,0.00001,0.00002,0.00001
CS,0.00046,0.00003,0.00002,0.00003,0.00001
E,0.94302,0.96953,0.97548,0.97499,0.97526
FC_AoA_,5.641026,,,,
FC_Beta_,0,,,,
FC_Bref_,7.5,,,,
FC_Cref_,1.481959,,,,
FC_Mach_,0.001,,,,
FC_Pitch_Rate,0,,,,
FC_ReCref_,50000,,,,
FC_Rho_,0.002377,,,,
FC_Roll__Rate,0,,,,
FC_Sref_,11.114691,,,,
FC_Vinf_,100,,,,
FC_Xcg_,4.521099,,,,
FC_Yaw___Rate,0,,,,
FC_Ycg_,0,,,,
FC_Zcg_,-0.223591,,,,
L/D,7.41639,7.57705,7.5903,7.62552,7.63789
Mach,0.001,0.001,0.001,0.001,0.001
T/QS,0.01234,0.01276,0.01294,0.01317,0.0132
WakeIter,1,2,3,4,5
Results_Name,VSPAERO_History,,,,
Results_Timestamp,1639008966,,,,
Results_Date,12,8,2021,,
Results_Time,18,16,6,,
Alpha,6.15385,6.15385,6.15385,6.15385,6.15385
AnalysisMethod,0,,,,
Beta,0,0,0,0,0
CDi,0.01531,0.01596,0.01582,0.01563,0.01574
CDo,0.04625,0.04634,0.04633,0.04632,0.04632
CDtot,0.06156,0.0623,0.06215,0.06195,0.06207
CDtrefftz,0,0,0,0,0
CFx,-0.03591,-0.03717,-0.03717,-0.03717,-0.03726
CFy,0.00047,0.00006,-0.00008,-0.00003,0.00003
CFz,0.47593,0.49367,0.49238,0.4905,0.49241
CL,0.47704,0.49481,0.49353,0.49166,0.49357
CMx,0.00488,0.00022,0.00009,0.00002,0.00006
CMy,0.28358,0.28622,0.28993,0.29603,0.29192
CMz,-0.00084,0.00002,-0.00004,-0.00001,0.00002
CS,0.00047,0.00006,-0.00008,-0.00003,0.00003
E,0.9348,0.96473,0.96814,0.97305,0.97337
FC_AoA_,6.153846,,,,
FC_Beta_,0,,,,
FC_Bref_,7.5,,,,
FC_Cref_,1.481959,,,,
FC_Mach_,0.001,,,,
FC_Pitch_Rate,0,,,,
FC_ReCref_,50000,,,,
FC_Rho_,0.002377,,,,
FC_Roll__Rate,0,,,,
FC_Sref_,11.114691,,,,
FC_Vinf_,100,,,,
FC_Xcg_,4.521099,,,,
FC_Yaw___Rate,0,,,,
FC_Ycg_,0,,,,
FC_Zcg_,-0.223591,,,,
L/D,7.7487,7.9424,7.9404,7.93685,7.95234
Mach,0.001,0.001,0.001,0.001,0.001
T/QS,0.01423,0.01505,0.01496,0.01502,0.0151
WakeIter,1,2,3,4,5
Results_Name,VSPAERO_History,,,,
Results_Timestamp,1639008966,,,,
Results_Date,12,8,2021,,
Results_Time,18,16,6,,
Alpha,6.66667,6.66667,6.66667,6.66667,6.66667
AnalysisMethod,0,,,,
Beta,0,0,0,0,0
CDi,0.01865,0.01879,0.01881,0.01864,0.01842
CDo,0.04642,0.04652,0.04653,0.04652,0.04651
CDtot,0.06507,0.06531,0.06534,0.06517,0.06493
CDtrefftz,0,0,0,0,0
CFx,-0.04145,-0.04345,-0.0436,-0.04363,-0.04361
CFy,0.00064,0.00032,0.00005,-0.00001,-0.00002
CFz,0.51528,0.53354,0.53507,0.53384,0.53175
CL,0.5166,0.53498,0.53652,0.5353,0.53322
CMx,0.00575,0.00078,0.00013,0.00002,-0.00002
CMy,0.30417,0.30611,0.31105,0.31457,0.32052
CMz,0.00014,0.0001,-0.00008,0,-0.00001
CS,0.00064,0.00032,0.00005,-0.00001,-0.00002
E,0.90008,0.95817,0.96236,0.96666,0.97109
FC_AoA_,6.666667,,,,
FC_Beta_,0,,,,
FC_Bref_,7.5,,,,
FC_Cref_,1.481959,,,,
FC_Mach_,0.001,,,,
FC_Pitch_Rate,0,,,,
FC_ReCref_,50000,,,,
FC_Rho_,0.002377,,,,
FC_Roll__Rate,0,,,,
FC_Sref_,11.114691,,,,
FC_Vinf_,100,,,,
FC_Xcg_,4.521099,,,,
FC_Yaw___Rate,0,,,,
FC_Ycg_,0,,,,
FC_Zcg_,-0.223591,,,,
L/D,7.93877,8.19188,8.21098,8.21444,8.21265
Mach,0.001,0.001,0.001,0.001,0.001
T/QS,0.01637,0.0173,0.01737,0.01729,0.0173
WakeIter,1,2,3,4,5
Results_Name,VSPAERO_History,,,,
Results_Timestamp,1639008966,,,,
Results_Date,12,8,2021,,
Results_Time,18,16,6,,
Alpha,7.17949,7.17949,7.17949,7.17949,7.17949
AnalysisMethod,0,,,,
Beta,0,0,0,0,0
CDi,0.0209,0.02226,0.02204,0.0219,0.02168
CDo,0.04663,0.04674,0.04674,0.04673,0.04672
CDtot,0.06753,0.069,0.06878,0.06864,0.0684
CDtrefftz,0,0,0,0,0
CFx,-0.04917,-0.05039,-0.05059,-0.05057,-0.05059
CFy,0.00067,0,-0.00006,-0.0001,-0.00005
CFz,0.55756,0.5782,0.5779,0.57675,0.57505
CL,0.55933,0.57997,0.57969,0.57855,0.57686
CMx,0.00568,0.00045,0.00005,-0.00001,-0.00003
CMy,0.32585,0.3282,0.33204,0.3348,0.3389
CMz,-0.00043,0,-0.00001,-0.00003,-0.00003
CS,0.00067,0,-0.00006,-0.0001,-0.00005
E,0.94136,0.95029,0.95917,0.96109,0.96541
FC_AoA_,7.179487,,,,
FC_Beta_,0,,,,
FC_Bref_,7.5,,,,
FC_Cref_,1.481959,,,,
FC_Mach_,0.001,,,,
FC_Pitch_Rate,0,,,,
FC_ReCref_,50000,,,,
FC_Rho_,0.002377,,,,
FC_Roll__Rate,0,,,,
FC_Sref_,11.114691,,,,
FC_Vinf_,100,,,,
FC_Xcg_,4.521099,,,,
FC_Yaw___Rate,0,,,,
FC_Ycg_,0,,,,
FC_Zcg_,-0.223591,,,,
L/D,8.28284,8.40497,8.4286,8.42885,8.43309
Mach,0.001,0.001,0.001,0.001,0.001
T/QS,0.019,0.02012,0.02009,0.01999,0.01988
WakeIter,1,2,3,4,5
Results_Name,VSPAERO_History,,,,
Results_Timestamp,1639008966,,,,
Results_Date,12,8,2021,,
Results_Time,18,16,6,,
Alpha,7.69231,7.69231,7.69231,7.69231,7.69231
AnalysisMethod,0,,,,
Beta,0,0,0,0,0
CDi,0.02403,0.02515,0.02552,0.02532,0.02514
CDo,0.04683,0.04695,0.04696,0.04696,0.04695
CDtot,0.07085,0.0721,0.07248,0.07228,0.07209
CDtrefftz,0,0,0,0,0
CFx,-0.05639,-0.05814,-0.05801,-0.05802,-0.05803
CFy,0.001,0.00017,0.00002,-0.00004,-0.00004
CFz,0.59703,0.61839,0.62009,0.61876,0.61743
CL,0.59921,0.62061,0.62227,0.62096,0.61964
CMx,0.00612,0.00079,0.00026,0.0001,0.00002
CMy,0.34676,0.34935,0.35161,0.35524,0.35923
CMz,0.00256,-0.00008,-0.00001,-0.00006,-0.00002
CS,0.001,0.00017,0.00002,-0.00004,-0.00004
E,0.93988,0.96305,0.95453,0.9577,0.96065
FC_AoA_,7.692308,,,,
FC_Beta_,0,,,,
FC_Bref_,7.5,,,,
FC_Cref_,1.481959,,,,
FC_Mach_,0.001,,,,
FC_Pitch_Rate,0,,,,
FC_ReCref_,50000,,,,
FC_Rho_,0.002377,,,,
FC_Roll__Rate,0,,,,
FC_Sref_,11.114691,,,,
FC_Vinf_,100,,,,
FC_Xcg_,4.521099,,,,
FC_Yaw___Rate,0,,,,
FC_Ycg_,0,,,,
FC_Zcg_,-0.223591,,,,
L/D,8.45684,8.60715,8.58592,8.59116,8.59567
Mach,0.001,0.001,0.001,0.001,0.001
T/QS,0.02173,0.02294,0.02303,0.02292,0.0228
WakeIter,1,2,3,4,5
Results_Name,VSPAERO_History,,,,
Results_Timestamp,1639008966,,,,
Results_Date,12,8,2021,,
Results_Time,18,16,6,,
Alpha,8.20513,8.20513,8.20513,8.20513,8.20513
AnalysisMethod,0,,,,
Beta,0,0,0,0,0
CDi,0.02744,0.02851,0.02906,0.02899,0.02883
CDo,0.04705,0.04717,0.04719,0.04719,0.04719
CDtot,0.07449,0.07568,0.07625,0.07619,0.07602
CDtrefftz,0,0,0,0,0
CFx,-0.06429,-0.06605,-0.06601,-0.06604,-0.06602
CFy,0.00115,0.00033,0.00015,0.00004,-0.00003
CFz,0.63815,0.65786,0.6614,0.6611,0.65991
CL,0.64079,0.66055,0.66405,0.66376,0.66258
CMx,0.00666,0.00132,0.00042,0.00007,0
CMy,0.36959,0.3696,0.37281,0.3773,0.37976
CMz,0.00013,0.00015,-0.00005,-0.00001,-0.00006
CS,0.00115,0.00033,0.00015,0.00004,-0.00003
E,0.9412,0.96259,0.95443,0.95581,0.95769
FC_AoA_,8.205128,,,,
FC_Beta_,0,,,,
FC_Bref_,7.5,,,,
FC_Cref_,1.481959,,,,
FC_Mach_,0.001,,,,
FC_Pitch_Rate,0,,,,
FC_ReCref_,50000,,,,
FC_Rho_,0.002377,,,,
FC_Roll__Rate,0,,,,
FC_Sref_,11.114691,,,,
FC_Vinf_,100,,,,
FC_Xcg_,4.521099,,,,
FC_Yaw___Rate,0,,,,
FC_Ycg_,0,,,,
FC_Zcg_,-0.223591,,,,
L/D,8.60266,8.72813,8.70865,8.71239,8.71592
Mach,0.001,0.001,0.001,0.001,0.001
T/QS,0.02476,0.02593,0.02616,0.02611,0.02599
WakeIter,1,2,3,4,5
Results_Name,VSPAERO_History,,,,
Results_Timestamp,1639008966,,,,
Results_Date,12,8,2021,,
Results_Time,18,16,6,,
Alpha,8.71795,8.71795,8.71795,8.71795,8.71795
AnalysisMethod,0,,,,
Beta,0,0,0,0,0
CDi,0.03111,0.03264,0.03274,0.03306,0.03277
CDo,0.04728,0.04745,0.04745,0.04745,0.04744
CDtot,0.0784,0.08009,0.0802,0.08051,0.08021
CDtrefftz,0,0,0,0,0
CFx,-0.07276,-0.07496,-0.07494,-0.0745,-0.07455
CFy,0.00134,-0.00002,0.00001,-0.00002,-0.00006
CFz,0.67973,0.70418,0.70476,0.70399,0.70241
CL,0.68291,0.70741,0.70797,0.70715,0.70559
CMx,0.00686,0.00054,0.00008,0.00001,-0.00004
CMy,0.39283,0.39243,0.39512,0.39721,0.40047
CMz,-0.00023,-0.00018,0,-0.00001,-0.00004
CS,0.00134,-0.00002,0.00001,-0.00002,-0.00006
E,0.94284,0.96426,0.96282,0.95133,0.9555
FC_AoA_,8.717949,,,,
FC_Beta_,0,,,,
FC_Bref_,7.5,,,,
FC_Cref_,1.481959,,,,
FC_Mach_,0.001,,,,
FC_Pitch_Rate,0,,,,
FC_ReCref_,50000,,,,
FC_Rho_,0.002377,,,,
FC_Roll__Rate,0,,,,
FC_Sref_,11.114691,,,,
FC_Vinf_,100,,,,
FC_Xcg_,4.521099,,,,
FC_Yaw___Rate,0,,,,
FC_Ycg_,0,,,,
FC_Zcg_,-0.223591,,,,
L/D,8.71103,8.83236,8.82796,8.78342,8.7966
Mach,0.001,0.001,0.001,0.001,0.001
T/QS,0.02805,0.02967,0.02967,0.02957,0.02942
WakeIter,1,2,3,4,5
Results_Name,VSPAERO_History,,,,
Results_Timestamp,1639008966,,,,
Results_Date,12,8,2021,,
Results_Time,18,16,6,,
Alpha,9.23077,9.23077,9.23077,9.23077,9.23077
AnalysisMethod,0,,,,
Beta,0,0,0,0,0
CDi,0.03513,0.03677,0.03677,0.03684,0.03698
CDo,0.04754,0.04773,0.04772,0.04771,0.04771
CDtot,0.08267,0.0845,0.08449,0.08455,0.08469
CDtrefftz,0,0,0,0,0
CFx,-0.08171,-0.08422,-0.08412,-0.0839,-0.08357
CFy,0.00173,0.00012,0.00002,-0.00002,-0.00002
CFz,0.72174,0.74748,0.74679,0.74587,0.74476
CL,0.7255,0.75131,0.75061,0.74967,0.74852
CMx,0.0069,0.00027,0.00004,0,-0.00002
CMy,0.41069,0.41327,0.41658,0.41854,0.42075
CMz,-0.00024,-0.00001,0,-0.00002,-0.00001
CS,0.00173,0.00012,0.00002,-0.00002,-0.00002
E,0.94249,0.9655,0.96387,0.95958,0.95285
FC_AoA_,9.230769,,,,
FC_Beta_,0,,,,
FC_Bref_,7.5,,,,
FC_Cref_,1.481959,,,,
FC_Mach_,0.001,,,,
FC_Pitch_Rate,0,,,,
FC_ReCref_,50000,,,,
FC_Rho_,0.002377,,,,
FC_Roll__Rate,0,,,,
FC_Sref_,11.114691,,,,
FC_Vinf_,100,,,,
FC_Xcg_,4.521099,,,,
FC_Yaw___Rate,0,,,,
FC_Ycg_,0,,,,
FC_Zcg_,-0.223591,,,,
L/D,8.77604,8.89147,8.88442,8.86661,8.83849
Mach,0.001,0.001,0.001,0.001,0.001
T/QS,0.03159,0.03341,0.03331,0.0332,0.03306
WakeIter,1,2,3,4,5
Results_Name,VSPAERO_History,,,,
Results_Timestamp,1639008966,,,,
Results_Date,12,8,2021,,
Results_Time,18,16,6,,
Alpha,9.74359,9.74359,9.74359,9.74359,9.74359
AnalysisMethod,0,,,,
Beta,0,0,0,0,0
CDi,0.03917,0.04019,0.04076,0.04096,0.04115
CDo,0.04781,0.04793,0.04797,0.04799,0.04798
CDtot,0.08698,0.08812,0.08873,0.08894,0.08914
CDtrefftz,0,0,0,0,0
CFx,-0.09118,-0.09305,-0.09349,-0.09358,-0.09328
CFy,0.00228,0.00065,-0.00018,0.00001,-0.00003
CFz,0.76245,0.77938,0.78532,0.787,0.78637
CL,0.76688,0.78388,0.78981,0.79148,0.79081
CMx,0.007,0.00253,0.00088,0.00013,0.00002
CMy,0.43435,0.43136,0.43575,0.43946,0.44175
CMz,0.00118,-0.00062,-0.00028,-0.00001,-0.00002
CS,0.00228,0.00065,-0.00018,0.00001,-0.00003
E,0.94434,0.96155,0.96257,0.962,0.95577
FC_AoA_,9.74359,,,,
FC_Beta_,0,,,,
FC_Bref_,7.5,,,,
FC_Cref_,1.481959,,,,
FC_Mach_,0.001,,,,
FC_Pitch_Rate,0,,,,
FC_ReCref_,50000,,,,
FC_Rho_,0.002377,,,,
FC_Roll__Rate,0,,,,
FC_Sref_,11.114691,,,,
FC_Vinf_,100,,,,
FC_Xcg_,4.521099,,,,
FC_Yaw___Rate,0,,,,
FC_Ycg_,0,,,,
FC_Zcg_,-0.223591,,,,
L/D,8.81722,8.89569,8.90113,8.8987,8.87203
Mach,0.001,0.001,0.001,0.001,0.001
T/QS,0.03526,0.03642,0.03688,0.03697,0.03688
WakeIter,1,2,3,4,5
Results_Name,VSPAERO_History,,,,
Results_Timestamp,1639008966,,,,
Results_Date,12,8,2021,,
Results_Time,18,16,6,,
Alpha,10.25641,10.25641,10.25641,10.25641,10.25641
AnalysisMethod,0,,,,
Beta,0,0,0,0,0
CDi,0.04414,0.0448,0.04531,0.04544,0.04549
CDo,0.04814,0.04823,0.04827,0.04828,0.04827
CDtot,0.09228,0.09303,0.09359,0.09372,0.09376
CDtrefftz,0,0,0,0,0
CFx,-0.10194,-0.10318,-0.10376,-0.1038,-0.10361
CFy,0.00253,0.00011,0.0001,0.00002,0
CFz,0.81128,0.82186,0.82792,0.82883,0.82806
CL,0.81647,0.8271,0.83317,0.83407,0.83328
CMx,0.00565,0.00228,0.00069,0.00007,0.00001
CMy,0.44968,0.45016,0.45608,0.46082,0.46268
CMz,0.00019,0.00048,0.00005,0.00001,-0.00002
CS,0.00253,0.00011,0.0001,0.00002,0
E,0.94995,0.96036,0.96352,0.96298,0.96012
FC_AoA_,10.25641,,,,
FC_Beta_,0,,,,
FC_Bref_,7.5,,,,
FC_Cref_,1.481959,,,,
FC_Mach_,0.001,,,,
FC_Pitch_Rate,0,,,,
FC_ReCref_,50000,,,,
FC_Rho_,0.002377,,,,
FC_Roll__Rate,0,,,,
FC_Sref_,11.114691,,,,
FC_Vinf_,100,,,,
FC_Xcg_,4.521099,,,,
FC_Yaw___Rate,0,,,,
FC_Ycg_,0,,,,
FC_Zcg_,-0.223591,,,,
L/D,8.848,8.8907,8.90273,8.89987,8.88757
Mach,0.001,0.001,0.001,0.001,0.001
T/QS,0.03974,0.04049,0.04099,0.04102,0.04092
WakeIter,1,2,3,4,5
Results_Name,VSPAERO_History,,,,
Results_Timestamp,1639008966,,,,
Results_Date,12,8,2021,,
Results_Time,18,16,6,,
Alpha,10.76923,10.76923,10.76923,10.76923,10.76923
AnalysisMethod,0,,,,
Beta,0,0,0,0,0
CDi,0.04976,0.05008,0.05027,0.05025,0.05015
CDo,0.04855,0.04859,0.0486,0.04859,0.04858
CDtot,0.09831,0.09867,0.09887,0.09884,0.09873
CDtrefftz,0,0,0,0,0
CFx,-0.11397,-0.11459,-0.11469,-0.11455,-0.11435
CFy,0.00021,0.00013,0.00001,0,-0.00001
CFz,0.86551,0.87051,0.87204,0.8712,0.8696
CL,0.87157,0.87659,0.87811,0.87726,0.87565
CMx,0.00279,0.00081,0.0001,0.00002,-0.00001
CMy,0.47387,0.47508,0.47819,0.48017,0.48363
CMz,0.00106,0.00005,0,0,-0.00001
CS,0.00021,0.00013,0.00001,0,-0.00001
E,0.96012,0.96501,0.96476,0.9632,0.96156
FC_AoA_,10.769231,,,,
FC_Beta_,0,,,,
FC_Bref_,7.5,,,,
FC_Cref_,1.481959,,,,
FC_Mach_,0.001,,,,
FC_Pitch_Rate,0,,,,
FC_ReCref_,50000,,,,
FC_Rho_,0.002377,,,,
FC_Roll__Rate,0,,,,
FC_Sref_,11.114691,,,,
FC_Vinf_,100,,,,
FC_Xcg_,4.521099,,,,
FC_Yaw___Rate,0,,,,
FC_Ycg_,0,,,,
FC_Zcg_,-0.223591,,,,
L/D,8.86523,8.88382,8.88157,8.87534,8.86911
Mach,0.001,0.001,0.001,0.001,0.001
T/QS,0.04501,0.04538,0.04548,0.04537,0.04516
WakeIter,1,2,3,4,5
Results_Name,VSPAERO_History,,,,
Results_Timestamp,1639008966,,,,
Results_Date,12,8,2021,,
Results_Time,18,16,6,,
Alpha,11.28205,11.28205,11.28205,11.28205,11.28205
AnalysisMethod,0,,,,
Beta,0,0,0,0,0
CDi,0.05269,0.05488,0.05525,0.05521,0.05509
CDo,0.04873,0.0489,0.04892,0.04891,0.04889
CDtot,0.10142,0.10377,0.10417,0.10412,0.10398
CDtrefftz,0,0,0,0,0
CFx,-0.1242,-0.12577,-0.12592,-0.12578,-0.12558
CFy,-0.00385,-0.00011,-0.00001,-0.00002,-0.00002
CFz,0.89189,0.91096,0.91361,0.9127,0.91104
CL,0.89896,0.91797,0.92059,0.91967,0.918
CMx,0.00671,0.00094,0.00013,0.00003,-0.00001
CMy,0.49766,0.49393,0.49833,0.5005,0.50412
CMz,-0.00213,-0.00009,-0.00001,-0.00002,-0.00001
CS,-0.00385,-0.00011,-0.00001,-0.00002,-0.00002
E,0.96472,0.96581,0.9648,0.96352,0.96223
FC_AoA_,11.282051,,,,
FC_Beta_,0,,,,
FC_Bref_,7.5,,,,
FC_Cref_,1.481959,,,,
FC_Mach_,0.001,,,,
FC_Pitch_Rate,0,,,,
FC_ReCref_,50000,,,,
FC_Rho_,0.002377,,,,
FC_Roll__Rate,0,,,,
FC_Sref_,11.114691,,,,
FC_Vinf_,100,,,,
FC_Xcg_,4.521099,,,,
FC_Yaw___Rate,0,,,,
FC_Ycg_,0,,,,
FC_Zcg_,-0.223591,,,,
L/D,8.86391,8.84575,8.8376,8.83288,8.82877
Mach,0.001,0.001,0.001,0.001,0.001
T/QS,0.04647,0.04972,0.04996,0.04983,0.04961
WakeIter,1,2,3,4,5
Results_Name,VSPAERO_History,,,,
Results_Timestamp,1639008966,,,,
Results_Date,12,8,2021,,
Results_Time,18,16,6,,
Alpha,11.79487,11.79487,11.79487,11.79487,11.79487
AnalysisMethod,0,,,,
Beta,0,0,0,0,0
CDi,0.06352,0.05963,0.06026,0.06034,0.06032
CDo,0.0491,0.04917,0.04923,0.04923,0.04923
CDtot,0.11262,0.10881,0.10949,0.10958,0.10955
CDtrefftz,0,0,0,0,0
CFx,-0.1307,-0.13682,-0.1375,-0.13747,-0.13733
CFy,-0.0007,0.001,0.00018,-0.00005,-0.00003
CFz,0.93667,0.94695,0.95326,0.95351,0.95276
CL,0.94361,0.95492,0.96124,0.96148,0.96071
CMx,0.00573,0.0025,0.00054,0.00015,0.00001
CMy,0.52064,0.51371,0.51753,0.52054,0.52326
CMz,-0.00213,-0.0002,0.00001,-0.00006,-0.00002
CS,-0.0007,0.001,0.00018,-0.00005,-0.00003
E,0.88164,0.96177,0.96443,0.96356,0.96239
FC_AoA_,11.794872,,,,
FC_Beta_,0,,,,
FC_Bref_,7.5,,,,
FC_Cref_,1.481959,,,,
FC_Mach_,0.001,,,,
FC_Pitch_Rate,0,,,,
FC_ReCref_,50000,,,,
FC_Rho_,0.002377,,,,
FC_Roll__Rate,0,,,,
FC_Sref_,11.114691,,,,
FC_Vinf_,100,,,,
FC_Xcg_,4.521099,,,,
FC_Yaw___Rate,0,,,,
FC_Ycg_,0,,,,
FC_Zcg_,-0.223591,,,,
L/D,8.37895,8.7762,8.77909,8.77448,8.77001
Mach,0.001,0.001,0.001,0.001,0.001
T/QS,0.05312,0.05387,0.05445,0.05444,0.05432
WakeIter,1,2,3,4,5
Results_Name,VSPAERO_History,,,,
Results_Timestamp,1639008966,,,,
Results_Date,12,8,2021,,
Results_Time,18,16,6,,
Alpha,12.30769,12.30769,12.30769,12.30769,12.30769
AnalysisMethod,0,,,,
Beta,0,0,0,0,0
CDi,0.06419,0.06479,0.06577,0.06582,0.06575
CDo,0.04941,0.04951,0.04959,0.04958,0.04957
CDtot,0.1136,0.1143,0.11535,0.11541,0.11532
CDtrefftz,0,0,0,0,0
CFx,-0.14708,-0.14911,-0.14986,-0.14978,-0.14959
CFy,-0.00395,0.00331,0.00003,-0.00002,-0.00004
CFz,0.97527,0.98738,0.99544,0.9953,0.9941
CL,0.98421,0.99647,1.0045,1.00435,1.00314
CMx,0.00675,0.00263,0.00043,0.00004,0
CMy,0.5085,0.53407,0.53832,0.54064,0.5431
CMz,-0.00415,0.00115,-0.00037,-0.00001,-0.00002
CS,-0.00395,0.00331,0.00003,-0.00002,-0.00004
E,0.94917,0.9639,0.96496,0.96387,0.96262
FC_AoA_,12.307692,,,,
FC_Beta_,0,,,,
FC_Bref_,7.5,,,,
FC_Cref_,1.481959,,,,
FC_Mach_,0.001,,,,
FC_Pitch_Rate,0,,,,
FC_ReCref_,50000,,,,
FC_Rho_,0.002377,,,,
FC_Roll__Rate,0,,,,
FC_Sref_,11.114691,,,,
FC_Vinf_,100,,,,
FC_Xcg_,4.521099,,,,
FC_Yaw___Rate,0,,,,
FC_Ycg_,0,,,,
FC_Zcg_,-0.223591,,,,
L/D,8.66392,8.71824,8.70798,8.70274,8.69882
Mach,0.001,0.001,0.001,0.001,0.001
T/QS,0.05768,0.0587,0.05943,0.05937,0.0592
WakeIter,1,2,3,4,5
Results_Name,VSPAERO_History,,,,
Results_Timestamp,1639008966,,,,
Results_Date,12,8,2021,,
Results_Time,18,16,6,,
Alpha,12.82051,12.82051,12.82051,12.82051,12.82051
AnalysisMethod,0,,,,
Beta,0,0,0,0,0
CDi,0.06658,0.06821,0.07097,0.07124,0.07135
CDo,0.04977,0.04988,0.04989,0.04992,0.04992
CDtot,0.11635,0.11809,0.12086,0.12115,0.12127
CDtrefftz,0,0,0,0,0
CFx,-0.16342,-0.16477,-0.16212,-0.16235,-0.1623
CFy,-0.00135,-0.00113,0.0009,0.0002,0
CFz,1.01818,1.03144,1.0322,1.03446,1.03474
CL,1.02906,1.04229,1.04244,1.04469,1.04496
CMx,0.00637,0.00245,0.00146,0.00058,0.00011
CMy,0.54398,0.54128,0.55455,0.55956,0.56262
CMz,-0.0018,0.00066,-0.00024,-0.00006,-0.00001
CS,-0.00135,-0.00113,0.0009,0.0002,0
E,1.00035,1.00169,0.96307,0.96357,0.96258
FC_AoA_,12.820513,,,,
FC_Beta_,0,,,,
FC_Bref_,7.5,,,,
FC_Cref_,1.481959,,,,
FC_Mach_,0.001,,,,
FC_Pitch_Rate,0,,,,
FC_ReCref_,50000,,,,
FC_Rho_,0.002377,,,,
FC_Roll__Rate,0,,,,
FC_Sref_,11.114691,,,,
FC_Vinf_,100,,,,
FC_Xcg_,4.521099,,,,
FC_Yaw___Rate,0,,,,
FC_Ycg_,0,,,,
FC_Zcg_,-0.223591,,,,
L/D,8.84472,8.82587,8.62497,8.62282,8.61688
Mach,0.001,0.001,0.001,0.001,0.001
T/QS,0.06275,0.06398,0.06404,0.06423,0.06422
WakeIter,1,2,3,4,5
Results_Name,VSPAERO_History,,,,
Results_Timestamp,1639008966,,,,
Results_Date,12,8,2021,,
Results_Time,18,16,6,,
Alpha,13.33333,13.33333,13.33333,13.33333,13.33333
AnalysisMethod,0,,,,
Beta,0,0,0,0,0
CDi,0.07427,0.0769,0.07745,0.0774,0.07729
CDo,0.05016,0.05031,0.05032,0.05031,0.05029
CDtot,0.12442,0.12721,0.12777,0.12771,0.12758
CDtrefftz,0,0,0,0,0
CFx,-0.17556,-0.17623,-0.17605,-0.17587,-0.17566
CFy,-0.00086,-0.00049,0.00007,-0.0001,-0.00003
CFz,1.06278,1.07705,1.07866,1.07766,1.07629
CL,1.07462,1.08866,1.09019,1.08917,1.08779
CMx,0.00576,0.00113,0.00025,0.00009,0.00001
CMy,0.57271,0.57185,0.57707,0.58027,0.58321
CMz,-0.00056,-0.00053,0.00003,-0.00006,-0.00002
CS,-0.00086,-0.00049,0.00007,-0.0001,-0.00003
E,0.97798,0.96931,0.9652,0.96403,0.96294
FC_AoA_,13.333333,,,,
FC_Beta_,0,,,,
FC_Bref_,7.5,,,,
FC_Cref_,1.481959,,,,
FC_Mach_,0.001,,,,
FC_Pitch_Rate,0,,,,
FC_ReCref_,50000,,,,
FC_Rho_,0.002377,,,,
FC_Roll__Rate,0,,,,
FC_Sref_,11.114691,,,,
FC_Vinf_,100,,,,
FC_Xcg_,4.521099,,,,
FC_Yaw___Rate,0,,,,
FC_Ycg_,0,,,,
FC_Zcg_,-0.223591,,,,
L/D,8.6367,8.55794,8.53242,8.52868,8.5262
Mach,0.001,0.001,0.001,0.001,0.001
T/QS,0.06839,0.0698,0.06993,0.06977,0.06956
WakeIter,1,2,3,4,5
Results_Name,VSPAERO_History,,,,
Results_Timestamp,1639008966,,,,
Results_Date,12,8,2021,,
Results_Time,18,16,6,,
Alpha,13.84615,13.84615,13.84615,13.84615,13.84615
AnalysisMethod,0,,,,
Beta,0,0,0,0,0
CDi,0.07802,0.08302,0.08291,0.08331,0.08336
CDo,0.05054,0.05059,0.05064,0.05067,0.05067
CDtot,0.12856,0.1336,0.13355,0.13397,0.13403
CDtrefftz,0,0,0,0,0
CFx,-0.19064,-0.18796,-0.18921,-0.18945,-0.18941
CFy,0.00014,-0.00057,0.00148,0.00012,-0.00003
CFz,1.09947,1.10947,1.11413,1.11673,1.11682
CL,1.11315,1.12222,1.12704,1.12962,1.1297
CMx,0.00576,0.00362,0.00171,0.00061,0.00008
CMy,0.62132,0.55986,0.59242,0.59795,0.60225
CMz,-0.00015,-0.00069,-0.00017,-0.00008,-0.00001
CS,0.00014,-0.00057,0.00148,0.00012,-0.00003
E,0.99886,0.95416,0.96356,0.9634,0.9629
FC_AoA_,13.846154,,,,
FC_Beta_,0,,,,
FC_Bref_,7.5,,,,
FC_Cref_,1.481959,,,,
FC_Mach_,0.001,,,,
FC_Pitch_Rate,0,,,,
FC_ReCref_,50000,,,,
FC_Rho_,0.002377,,,,
FC_Roll__Rate,0,,,,
FC_Sref_,11.114691,,,,
FC_Vinf_,100,,,,
FC_Xcg_,4.521099,,,,
FC_Yaw___Rate,0,,,,
FC_Ycg_,0,,,,
FC_Zcg_,-0.223591,,,,
L/D,8.65848,8.39958,8.43906,8.43166,8.4286
Mach,0.001,0.001,0.001,0.001,0.001
T/QS,0.07386,0.07436,0.07482,0.07505,0.075
WakeIter,1,2,3,4,5
Results_Name,VSPAERO_History,,,,
Results_Timestamp,1639008966,,,,
Results_Date,12,8,2021,,
Results_Time,18,16,6,,
Alpha,14.35897,14.35897,14.35897,14.35897,14.35897
AnalysisMethod,0,,,,
Beta,0,0,0,0,0
CDi,0.09128,0.08881,0.08972,0.08987,0.08976
CDo,0.05089,0.05101,0.05107,0.05108,0.05107
CDtot,0.14217,0.13982,0.1408,0.14095,0.14083
CDtrefftz,0,0,0,0,0
CFx,-0.19638,-0.20325,-0.20394,-0.20401,-0.20377
CFy,0.00144,0.00011,-0.00054,-0.00001,-0.00004
CFz,1.13521,1.15207,1.15846,1.15932,1.15793
CL,1.14845,1.16648,1.17285,1.1737,1.17229
CMx,0.00669,0.00312,0.00085,0.00012,0.00002
CMy,0.56835,0.60715,0.61279,0.61777,0.6211
CMz,-0.00044,-0.00307,-0.00045,-0.00001,-0.00002
CS,0.00144,0.00011,-0.00054,-0.00001,-0.00004
E,0.90878,0.96365,0.96427,0.96408,0.96295
FC_AoA_,14.358975,,,,
FC_Beta_,0,,,,
FC_Bref_,7.5,,,,
FC_Cref_,1.481959,,,,
FC_Mach_,0.001,,,,
FC_Pitch_Rate,0,,,,
FC_ReCref_,50000,,,,
FC_Rho_,0.002377,,,,
FC_Roll__Rate,0,,,,
FC_Sref_,11.114691,,,,
FC_Vinf_,100,,,,
FC_Xcg_,4.521099,,,,
FC_Yaw___Rate,0,,,,
FC_Ycg_,0,,,,
FC_Zcg_,-0.223591,,,,
L/D,8.07778,8.34284,8.33011,8.3268,8.32431
Mach,0.001,0.001,0.001,0.001,0.001
T/QS,0.07926,0.08021,0.08093,0.08097,0.08075
WakeIter,1,2,3,4,5
Results_Name,VSPAERO_History,,,,
Results_Timestamp,1639008966,,,,
Results_Date,12,8,2021,,
Results_Time,18,16,6,,
Alpha,14.87179,14.87179,14.87179,14.87179,14.87179
AnalysisMethod,0,,,,
Beta,0,0,0,0,0
CDi,0.09661,0.09634,0.09662,0.09652,0.09635
CDo,0.05145,0.05148,0.05151,0.05149,0.05147
CDtot,0.14805,0.14782,0.14813,0.14801,0.14782
CDtrefftz,0,0,0,0,0
CFx,-0.21747,-0.21886,-0.21915,-0.21889,-0.2186
CFy,0.00365,0.00008,-0.00004,0.00001,-0.00002
CFz,1.19536,1.19952,1.20172,1.20033,1.19858
CL,1.21114,1.21551,1.21771,1.2163,1.21453
CMx,0.00306,0.0015,0.00023,0.00006,0
CMy,0.6304,0.62638,0.63272,0.63615,0.63985
CMz,0.00012,-0.00001,-0.00002,0,-0.00001
CS,0.00365,0.00008,-0.00004,0.00001,-0.00002
E,0.95499,0.9646,0.96529,0.96407,0.96292
FC_AoA_,14.871795,,,,
FC_Beta_,0,,,,
FC_Bref_,7.5,,,,
FC_Cref_,1.481959,,,,
FC_Mach_,0.001,,,,
FC_Pitch_Rate,0,,,,
FC_ReCref_,50000,,,,
FC_Rho_,0.002377,,,,
FC_Roll__Rate,0,,,,
FC_Sref_,11.114691,,,,
FC_Vinf_,100,,,,
FC_Xcg_,4.521099,,,,
FC_Yaw___Rate,0,,,,
FC_Ycg_,0,,,,
FC_Zcg_,-0.223591,,,,
L/D,8.18034,8.22311,8.22071,8.21793,8.21631
Mach,0.001,0.001,0.001,0.001,0.001
T/QS,0.08665,0.08699,0.08717,0.08694,0.08665
WakeIter,1,2,3,4,5
Results_Name,VSPAERO_History,,,,
Results_Timestamp,1639008966,,,,
Results_Date,12,8,2021,,
Results_Time,18,16,6,,
Alpha,15.38461,15.38461,15.38461,15.38461,15.38461
AnalysisMethod,0,,,,
Beta,0,0,0,0,0
CDi,0.11131,0.10269,0.10331,0.10336,0.10319
CDo,0.05188,0.05181,0.05191,0.05191,0.05188
CDtot,0.16319,0.1545,0.15522,0.15527,0.15507
CDtrefftz,0,0,0,0,0
CFx,-0.2224,-0.23342,-0.2344,-0.23428,-0.23396
CFy,-0.04481,0.00022,-0.00003,0,-0.00002
CFz,1.22784,1.2354,1.24129,1.24102,1.23923
CL,1.24284,1.25306,1.259,1.2587,1.25689
CMx,0.0111,0.00336,0.00052,0.00005,-0.00001
CMy,0.63063,0.63786,0.64919,0.6544,0.65757
CMz,-0.02492,0.00063,-0.00004,0.00001,-0.00001
CS,-0.04481,0.00022,-0.00003,0,-0.00002
E,0.87278,0.96171,0.96499,0.96412,0.96295
FC_AoA_,15.384615,,,,
FC_Beta_,0,,,,
FC_Bref_,7.5,,,,
FC_Cref_,1.481959,,,,
FC_Mach_,0.001,,,,
FC_Pitch_Rate,0,,,,
FC_ReCref_,50000,,,,
FC_Rho_,0.002377,,,,
FC_Roll__Rate,0,,,,
FC_Sref_,11.114691,,,,
FC_Vinf_,100,,,,
FC_Xcg_,4.521099,,,,
FC_Yaw___Rate,0,,,,
FC_Ycg_,0,,,,
FC_Zcg_,-0.223591,,,,
L/D,7.61572,8.11025,8.11082,8.10678,8.10531
Mach,0.001,0.001,0.001,0.001,0.001
T/QS,0.09822,0.09272,0.09319,0.09308,0.09279
WakeIter,1,2,3,4,5
Results_Name,VSPAERO_History,,,,
Results_Timestamp,1639008966,,,,
Results_Date,12,8,2021,,
Results_Time,18,16,6,,
Alpha,15.89744,15.89744,15.89744,15.89744,15.89744
AnalysisMethod,0,,,,
Beta,0,0,0,0,0
CDi,0.1101,0.1105,0.11065,0.11044,0.11023
CDo,0.05231,0.05234,0.05235,0.05233,0.05231
CDtot,0.16242,0.16284,0.163,0.16278,0.16254
CDtrefftz,0,0,0,0,0
CFx,-0.24957,-0.25044,-0.25044,-0.25012,-0.24979
CFy,-0.01272,-0.00023,-0.00009,-0.00016,-0.00003
CFz,1.27825,1.28275,1.2833,1.28141,1.27948
CL,1.29772,1.30228,1.30282,1.30091,1.29897
CMx,0.00437,0.00133,0.00042,0.00014,0.00002
CMy,0.64842,0.66061,0.66576,0.67098,0.67517
CMz,-0.00701,0.00026,-0.00006,-0.00011,-0.00001
CS,-0.01272,-0.00023,-0.00009,-0.00016,-0.00003
E,0.96202,0.96529,0.96478,0.96379,0.96277
FC_AoA_,15.897436,,,,
FC_Beta_,0,,,,
FC_Bref_,7.5,,,,
FC_Cref_,1.481959,,,,
FC_Mach_,0.001,,,,
FC_Pitch_Rate,0,,,,
FC_ReCref_,50000,,,,
FC_Rho_,0.002377,,,,
FC_Roll__Rate,0,,,,
FC_Sref_,11.114691,,,,
FC_Vinf_,100,,,,
FC_Xcg_,4.521099,,,,
FC_Yaw___Rate,0,,,,
FC_Ycg_,0,,,,
FC_Zcg_,-0.223591,,,,
L/D,7.99001,7.99708,7.99251,7.99205,7.99178
Mach,0.001,0.001,0.001,0.001,0.001
T/QS,0.09981,0.09984,0.0998,0.09944,0.0991
WakeIter,1,2,3,4,5
Results_Name,VSPAERO_History,,,,
Results_Timestamp,1639008966,,,,
Results_Date,12,8,2021,,
Results_Time,18,16,6,,
Alpha,16.41026,16.41026,16.41026,16.41026,16.41026
AnalysisMethod,0,,,,
Beta,0,0,0,0,0
CDi,0.11855,0.11779,0.11797,0.11779,0.11752
CDo,0.05274,0.05277,0.05279,0.05277,0.05275
CDtot,0.17129,0.17057,0.17076,0.17056,0.17026
CDtrefftz,0,0,0,0,0
CFx,-0.26432,-0.26674,-0.2669,-0.26652,-0.26615
CFy,-0.00165,0.00099,-0.00028,-0.00013,-0.00003
CFz,1.31714,1.32264,1.32382,1.32189,1.31969
CL,1.33816,1.34411,1.34529,1.34334,1.34112
CMx,0.00331,0.00134,0.00041,0.00013,0.00001
CMy,0.61854,0.67823,0.68349,0.68796,0.6924
CMz,0.0002,0.00117,-0.00015,-0.00003,-0.00001
CS,-0.00165,0.00099,-0.00028,-0.00013,-0.00003
E,0.95,0.96467,0.96493,0.96356,0.96264
FC_AoA_,16.410255,,,,
FC_Beta_,0,,,,
FC_Bref_,7.5,,,,
FC_Cref_,1.481959,,,,
FC_Mach_,0.001,,,,
FC_Pitch_Rate,0,,,,
FC_ReCref_,50000,,,,
FC_Rho_,0.002377,,,,
FC_Roll__Rate,0,,,,
FC_Sref_,11.114691,,,,
FC_Vinf_,100,,,,
FC_Xcg_,4.521099,,,,
FC_Yaw___Rate,0,,,,
FC_Ycg_,0,,,,
FC_Zcg_,-0.223591,,,,
L/D,7.81227,7.88025,7.87822,7.87589,7.87683
Mach,0.001,0.001,0.001,0.001,0.001
T/QS,0.10594,0.10637,0.10641,0.10604,0.10564
WakeIter,1,2,3,4,5
Results_Name,VSPAERO_History,,,,
Results_Timestamp,1639008966,,,,
Results_Date,12,8,2021,,
Results_Time,18,16,6,,
Alpha,16.92308,16.92308,16.92308,16.92308,16.92308
AnalysisMethod,0,,,,
Beta,0,0,0,0,0
CDi,0.12446,0.12544,0.12562,0.12538,0.12503
CDo,0.05316,0.05324,0.05325,0.05323,0.05319
CDtot,0.17762,0.17868,0.17887,0.1786,0.17823
CDtrefftz,0,0,0,0,0
CFx,-0.2818,-0.28389,-0.2839,-0.28349,-0.28304
CFy,-0.00243,-0.00122,-0.00007,-0.00007,-0.00004
CFz,1.35373,1.36398,1.36461,1.36245,1.35978
CL,1.37714,1.38755,1.38816,1.38597,1.38328
CMx,0.0055,0.00147,0.00023,0.00005,-0.00002
CMy,0.69383,0.69283,0.70085,0.7053,0.70985
CMz,-0.00287,-0.00064,0.00006,-0.00003,-0.00002
CS,-0.00243,-0.00122,-0.00007,-0.00007,-0.00004
E,0.95843,0.96536,0.96485,0.96362,0.96255
FC_AoA_,16.923077,,,,
FC_Beta_,0,,,,
FC_Bref_,7.5,,,,
FC_Cref_,1.481959,,,,
FC_Mach_,0.001,,,,
FC_Pitch_Rate,0,,,,
FC_ReCref_,50000,,,,
FC_Rho_,0.002377,,,,
FC_Roll__Rate,0,,,,
FC_Sref_,11.114691,,,,
FC_Vinf_,100,,,,
FC_Xcg_,4.521099,,,,
FC_Yaw___Rate,0,,,,
FC_Ycg_,0,,,,
FC_Zcg_,-0.223591,,,,
L/D,7.75346,7.76569,7.76071,7.75996,7.76135
Mach,0.001,0.001,0.001,0.001,0.001
T/QS,0.11243,0.11331,0.11327,0.11287,0.11239
WakeIter,1,2,3,4,5
Results_Name,VSPAERO_History,,,,
Results_Timestamp,1639008966,,,,
Results_Date,12,8,2021,,
Results_Time,18,16,6,,
Alpha,17.4359,17.4359,17.4359,17.4359,17.4359
AnalysisMethod,0,,,,
Beta,0,0,0,0,0
CDi,0.13388,0.13368,0.13345,0.13316,0.13284
CDo,0.05377,0.05375,0.05372,0.05369,0.05365
CDtot,0.18765,0.18743,0.18717,0.18684,0.18649
CDtrefftz,0,0,0,0,0
CFx,-0.30192,-0.30178,-0.30138,-0.30092,-0.30044
CFy,-0.00065,-0.00077,-0.00009,-0.00001,0.00001
CFz,1.40813,1.40702,1.40495,1.40251,1.39995
CL,1.4339,1.4328,1.4307,1.42824,1.42565
CMx,0.00155,0.0008,0.00021,0.00003,-0.00002
CMy,0.70629,0.71238,0.71739,0.72221,0.7263
CMz,-0.00049,-0.00037,-0.00001,0,0.00001
CS,-0.00065,-0.00077,-0.00009,-0.00001,0.00001
E,0.96592,0.96588,0.96475,0.96353,0.96233
FC_AoA_,17.435898,,,,
FC_Beta_,0,,,,
FC_Bref_,7.5,,,,
FC_Cref_,1.481959,,,,
FC_Mach_,0.001,,,,
FC_Pitch_Rate,0,,,,
FC_ReCref_,50000,,,,
FC_Rho_,0.002377,,,,
FC_Roll__Rate,0,,,,
FC_Sref_,11.114691,,,,
FC_Vinf_,100,,,,
FC_Xcg_,4.521099,,,,
FC_Yaw___Rate,0,,,,
FC_Ycg_,0,,,,
FC_Zcg_,-0.223591,,,,
L/D,7.64123,7.64443,7.64401,7.64407,7.64459
Mach,0.001,0.001,0.001,0.001,0.001
T/QS,0.12101,0.12076,0.12033,0.11987,0.1194
WakeIter,1,2,3,4,5
Results_Name,VSPAERO_History,,,,
Results_Timestamp,1639008966,,,,
Results_Date,12,8,2021,,
Results_Time,18,16,6,,
Alpha,17.94872,17.94872,17.94872,17.94872,17.94872
AnalysisMethod,0,,,,
Beta,0,0,0,0,0
CDi,0.1414,0.1417,0.1415,0.14117,0.14081
CDo,0.05422,0.05422,0.0542,0.05416,0.05412
CDtot,0.19562,0.19592,0.1957,0.19533,0.19494
CDtrefftz,0,0,0,0,0
CFx,-0.31971,-0.31972,-0.31939,-0.31885,-0.31833
CFy,-0.00227,-0.00021,-0.00002,-0.00003,0
CFz,1.44583,1.44683,1.44514,1.44243,1.43966
CL,1.47399,1.47494,1.47323,1.47049,1.46769
CMx,0.00216,0.00078,0.00012,0.00001,-0.00002
CMy,0.72942,0.72905,0.73421,0.73858,0.74276
CMz,-0.00072,0.00002,0.00002,-0.00001,0
CS,-0.00227,-0.00021,-0.00002,-0.00003,0
E,0.96642,0.96562,0.96474,0.9634,0.96216
FC_AoA_,17.948717,,,,
FC_Beta_,0,,,,
FC_Bref_,7.5,,,,
FC_Cref_,1.481959,,,,
FC_Mach_,0.001,,,,
FC_Pitch_Rate,0,,,,
FC_ReCref_,50000,,,,
FC_Rho_,0.002377,,,,
FC_Roll__Rate,0,,,,
FC_Sref_,11.114691,,,,
FC_Vinf_,100,,,,
FC_Xcg_,4.521099,,,,
FC_Yaw___Rate,0,,,,
FC_Ycg_,0,,,,
FC_Zcg_,-0.223591,,,,
L/D,7.53486,7.52834,7.52812,7.5283,7.52913
Mach,0.001,0.001,0.001,0.001,0.001
T/QS,0.12784,0.12796,0.12759,0.12708,0.12657
WakeIter,1,2,3,4,5
Results_Name,VSPAERO_History,,,,
Results_Timestamp,1639008966,,,,
Results_Date,12,8,2021,,
Results_Time,18,16,6,,
Alpha,18.46154,18.46154,18.46154,18.46154,18.46154
AnalysisMethod,0,,,,
Beta,0,0,0,0,0
CDi,0.15011,0.15007,0.1498,0.1494,0.14902
CDo,0.0547,0.05472,0.05468,0.05464,0.0546
CDtot,0.20481,0.20479,0.20448,0.20404,0.20361
CDtrefftz,0,0,0,0,0
CFx,-0.33799,-0.3384,-0.33787,-0.33728,-0.33672
CFy,0.00006,-0.00022,-0.00011,-0.00004,0
CFz,1.48644,1.48753,1.48507,1.48208,1.47918
CL,1.51697,1.51814,1.51564,1.51261,1.50968
CMx,0.00262,0.00049,0.00015,0.00001,-0.00002
CMy,0.73973,0.74428,0.74936,0.75438,0.75874
CMz,-0.00016,-0.00001,-0.00005,-0.00002,0
CS,0.00006,-0.00022,-0.00011,-0.00004,0
E,0.96419,0.96593,0.96453,0.96322,0.96197
FC_AoA_,18.461538,,,,
FC_Beta_,0,,,,
FC_Bref_,7.5,,,,
FC_Cref_,1.481959,,,,
FC_Mach_,0.001,,,,
FC_Pitch_Rate,0,,,,
FC_ReCref_,50000,,,,
FC_Rho_,0.002377,,,,
FC_Roll__Rate,0,,,,
FC_Sref_,11.114691,,,,
FC_Vinf_,100,,,,
FC_Xcg_,4.521099,,,,
FC_Yaw___Rate,0,,,,
FC_Ycg_,0,,,,
FC_Zcg_,-0.223591,,,,
L/D,7.40676,7.41311,7.4123,7.41331,7.4144
Mach,0.001,0.001,0.001,0.001,0.001
T/QS,0.13551,0.13556,0.13507,0.1345,0.13394
WakeIter,1,2,3,4,5
Results_Name,VSPAERO_History,,,,
Results_Timestamp,1639008966,,,,
Results_Date,12,8,2021,,
Results_Time,18,16,6,,
Alpha,18.97436,18.97436,18.97436,18.97436,18.97436
AnalysisMethod,0,,,,
Beta,0,0,0,0,0
CDi,0.1575,0.15872,0.1584,0.15787,0.15748
CDo,0.05503,0.05523,0.05518,0.05513,0.05509
CDtot,0.21254,0.21394,0.21358,0.213,0.21257
CDtrefftz,0,0,0,0,0
CFx,-0.35502,-0.35756,-0.35694,-0.35623,-0.35564
CFy,-0.00118,-0.00007,-0.00008,-0.00003,-0.00004
CFz,1.51696,1.52809,1.52531,1.52162,1.51869
CL,1.54997,1.56132,1.55849,1.55476,1.55181
CMx,0.00557,0.00023,0.00005,-0.00002,-0.00004
CMy,0.7542,0.76049,0.76474,0.77027,0.77428
CMz,-0.00103,0.0001,-0.00001,-0.00001,-0.00001
CS,-0.00118,-0.00007,-0.00008,-0.00003,-0.00004
E,0.95935,0.96603,0.96444,0.96307,0.96178
FC_AoA_,18.974359,,,,
FC_Beta_,0,,,,
FC_Bref_,7.5,,,,
FC_Cref_,1.481959,,,,
FC_Mach_,0.001,,,,
FC_Pitch_Rate,0,,,,
FC_ReCref_,50000,,,,
FC_Rho_,0.002377,,,,
FC_Roll__Rate,0,,,,
FC_Sref_,11.114691,,,,
FC_Vinf_,100,,,,
FC_Xcg_,4.521099,,,,
FC_Yaw___Rate,0,,,,
FC_Ycg_,0,,,,
FC_Zcg_,-0.223591,,,,
L/D,7.29271,7.29787,7.29694,7.29944,7.30033
Mach,0.001,0.001,0.001,0.001,0.001
T/QS,0.14172,0.14337,0.14285,0.14213,0.14157
WakeIter,1,2,3,4,5
Results_Name,VSPAERO_History,,,,
Results_Timestamp,1639008966,,,,
Results_Date,12,8,2021,,
Results_Time,18,16,6,,
Alpha,19.48718,19.48718,19.48718,19.48718,19.48718
AnalysisMethod,0,,,,
Beta,0,0,0,0,0
CDi,0.16634,0.16691,0.16701,0.16655,0.1661
CDo,0.05559,0.05567,0.05567,0.05563,0.05558
CDtot,0.22192,0.22258,0.22268,0.22218,0.22168
CDtrefftz,0,0,0,0,0
CFx,-0.37546,-0.37644,-0.37631,-0.37565,-0.37501
CFy,-0.00234,-0.00038,-0.00006,-0.00003,-0.00003
CFz,1.55964,1.56411,1.56406,1.56081,1.55765
CL,1.59555,1.60009,1.6,1.59671,1.59352
CMx,0.00247,0.00114,0.00023,0.00003,-0.00002
CMy,0.82507,0.77177,0.7796,0.78492,0.78973
CMz,0.01159,0.00088,0,-0.00001,-0.00002
CS,-0.00234,-0.00038,-0.00006,-0.00003,-0.00003
E,0.96263,0.96481,0.96412,0.96279,0.96154
FC_AoA_,19.487179,,,,
FC_Beta_,0,,,,
FC_Bref_,7.5,,,,
FC_Cref_,1.481959,,,,
FC_Mach_,0.001,,,,
FC_Pitch_Rate,0,,,,
FC_ReCref_,50000,,,,
FC_Rho_,0.002377,,,,
FC_Roll__Rate,0,,,,
FC_Sref_,11.114691,,,,
FC_Vinf_,100,,,,
FC_Xcg_,4.521099,,,,
FC_Yaw___Rate,0,,,,
FC_Ycg_,0,,,,
FC_Zcg_,-0.223591,,,,
L/D,7.1896,7.18893,7.18523,7.18667,7.1883
Mach,0.001,0.001,0.001,0.001,0.001
T/QS,0.15008,0.1507,0.1506,0.14996,0.14934
WakeIter,1,2,3,4,5
Results_Name,VSPAERO_History,,,,
Results_Timestamp,1639008966,,,,
Results_Date,12,8,2021,,
Results_Time,18,16,6,,
Alpha,20,20,20,20,20
AnalysisMethod,0,,,,
Beta,0,0,0,0,0
CDi,0.17492,0.17603,0.17585,0.17543,0.17495
CDo,0.05606,0.05621,0.05617,0.05613,0.05608
CDtot,0.23097,0.23224,0.23202,0.23156,0.23104
CDtrefftz,0,0,0,0,0
CFx,-0.39479,-0.39681,-0.39618,-0.39554,-0.39487
CFy,-0.00353,-0.00007,-0.00013,0,-0.00005
CFz,1.59611,1.6049,1.60266,1.59964,1.59643
CL,1.63488,1.64383,1.64151,1.63845,1.63521
CMx,0.00497,0.00069,0.0004,0.00008,0
CMy,0.78434,0.78902,0.7931,0.79939,0.80466
CMz,-0.00046,0.00014,0.00006,0.00001,-0.00001
CS,-0.00353,-0.00007,-0.00013,0,-0.00005
E,0.9611,0.96551,0.96374,0.96249,0.96129
FC_AoA_,20,,,,
FC_Beta_,0,,,,
FC_Bref_,7.5,,,,
FC_Cref_,1.481959,,,,
FC_Mach_,0.001,,,,
FC_Pitch_Rate,0,,,,
FC_ReCref_,50000,,,,
FC_Rho_,0.002377,,,,
FC_Roll__Rate,0,,,,
FC_Sref_,11.114691,,,,
FC_Vinf_,100,,,,
FC_Xcg_,4.521099,,,,
FC_Yaw___Rate,0,,,,
FC_Ycg_,0,,,,
FC_Zcg_,-0.223591,,,,
L/D,7.07827,7.07808,7.07472,7.07581,7.07773
Mach,0.001,0.001,0.001,0.001,0.001
T/QS,0.15777,0.15901,0.15858,0.15797,0.15731
WakeIter,1,2,3,4,5
