194.216,-212.67
194.484,-212.67
194.753,-212.67
195.022,-176.85
195.29,102.53
195.559,77.46
195.827,-8.51
196.096,-38.95
196.364,-31.79
196.633,64.92
196.901,-115.96
197.17,88.2
197.438,-44.32
197.706,81.04
197.975,-3.13
198.243,-94.47
198.512,25.52
198.78,167
199.048,229.68
199.317,321.01
199.585,303.1
199.853,321.01
200.122,333.55
200.39,319.22
200.658,245.8
200.926,337.13
201.195,346.09
201.463,274.45
201.731,295.94
201.999,258.33
202.267,326.39
202.536,351.46
202.804,362.2
203.072,380.11
203.34,265.5
203.608,317.43
203.876,286.99
204.144,292.36
204.412,229.68
204.68,251.17
204.948,201.02
205.216,362.2
205.484,263.71
205.752,279.82
206.02,304.9
206.288,279.82
206.556,195.65
206.824,331.76
207.092,315.64
207.36,342.5
207.628,204.61
207.896,340.71
208.164,258.33
208.431,347.88
208.699,324.59
208.967,310.27
209.235,278.03
209.503,415.93
209.77,299.52
210.038,337.13
210.306,261.91
210.573,278.03
210.841,150.88
211.109,353.25
211.377,258.33
211.644,321.01
211.912,256.54
212.179,186.7
212.447,261.91
212.715,265.5
212.982,406.97
213.25,324.59
213.517,301.31
213.785,260.12
214.052,244.01
214.32,242.21
214.587,229.68
214.855,226.1
215.122,218.93
215.39,276.24
215.657,245.8
215.925,258.33
216.192,252.96
216.459,263.71
216.727,292.36
216.994,279.82
217.261,265.5
217.529,272.66
217.796,252.96
218.063,356.83
218.331,261.91
218.598,286.99
218.865,286.99
219.132,229.68
219.399,299.52
219.667,174.16
219.934,290.57
220.201,301.31
220.468,197.44
220.735,295.94
221.002,240.42
221.27,245.8
221.537,279.82
221.804,389.07
222.071,172.37
222.338,331.76
222.605,329.97
222.872,240.42
223.139,286.99
223.406,337.13
223.673,290.57
223.94,265.5
224.207,281.61
224.474,304.9
224.741,344.29
225.007,224.31
225.274,294.15
225.541,204.61
225.808,245.8
226.075,308.48
226.342,201.02
226.609,279.82
226.875,260.12
227.142,272.66
227.409,175.95
227.676,387.28
227.942,333.55
228.209,283.4
228.476,240.42
228.742,238.63
229.009,269.08
229.276,285.2
229.542,292.36
229.809,220.72
230.076,247.59
230.342,328.18
230.609,292.36
230.875,356.83
231.142,295.94
231.408,417.72
231.675,278.03
231.941,235.05
232.208,267.29
232.474,362.2
232.741,254.75
233.007,199.23
233.274,288.78
233.54,290.57
233.807,188.49
234.073,263.71
234.339,245.8
234.606,229.68
234.872,306.69
235.138,312.06
235.405,274.45
235.671,276.24
235.937,283.4
236.203,328.18
236.47,184.91
236.736,254.75
237.002,267.29
237.268,238.63
237.535,270.87
237.801,281.61
238.067,299.52
238.333,319.22
238.599,254.75
238.865,224.31
239.131,258.33
239.397,313.85
239.663,231.47
239.929,288.78
240.195,329.97
240.462,233.26
240.728,306.69
240.993,222.52
241.259,405.18
241.525,254.75
241.791,199.23
242.057,403.39
242.323,276.24
242.589,206.4
242.855,267.29
243.121,217.14
243.387,254.75
243.652,306.69
243.918,267.29
244.184,147.3
244.45,244.01
244.716,338.92
244.981,267.29
245.247,254.75
245.513,299.52
245.779,240.42
246.044,244.01
246.31,322.8
246.576,338.92
246.841,278.03
247.107,227.89
247.373,226.1
247.638,365.78
247.904,351.46
248.169,335.34
248.435,256.54
248.7,213.56
248.966,329.97
249.231,204.61
249.497,303.1
249.762,385.48
250.028,356.83
250.293,279.82
250.559,227.89
250.824,215.35
251.09,367.58
251.355,360.41
251.62,279.82
251.886,252.96
252.151,279.82
252.416,286.99
252.682,322.8
252.947,308.48
253.212,365.78
253.477,294.15
253.743,365.78
254.008,290.57
254.273,222.52
254.538,301.31
254.804,344.29
255.069,340.71
255.334,195.65
255.599,222.52
255.864,261.91
256.129,254.75
256.394,270.87
256.659,172.37
256.925,233.26
257.19,238.63
257.455,206.4
257.72,285.2
257.985,312.06
258.25,313.85
258.515,276.24
258.78,242.21
259.044,242.21
259.309,249.38
259.574,235.05
259.839,274.45
260.104,306.69
260.369,177.74
260.634,209.98
260.899,353.25
261.163,218.93
261.428,220.72
261.693,213.56
261.958,244.01
262.223,215.35
262.487,238.63
262.752,342.5
263.017,224.31
263.281,294.15
263.546,247.59
263.811,215.35
264.075,299.52
264.34,269.08
264.605,226.1
264.869,399.81
265.134,132.97
265.398,113.27
265.663,288.78
265.927,313.85
266.192,256.54
266.457,256.54
266.721,424.88
266.985,297.73
267.25,231.47
267.514,209.98
267.779,238.63
268.043,380.11
268.308,174.16
268.572,301.31
268.836,276.24
269.101,240.42
269.365,233.26
269.629,312.06
269.894,279.82
270.158,328.18
270.422,267.29
270.687,242.21
270.951,249.38
271.215,261.91
271.479,174.16
271.743,190.28
272.008,98.95
272.272,252.96
272.536,281.61
272.8,240.42
273.064,303.1
273.328,292.36
273.592,229.68
273.856,211.77
274.12,227.89
274.385,204.61
274.649,217.14
274.913,301.31
275.177,238.63
275.441,235.05
275.704,252.96
275.968,204.61
276.232,215.35
276.496,201.02
276.76,235.05
277.024,294.15
277.288,188.49
277.552,233.26
277.816,233.26
278.079,328.18
278.343,265.5
278.607,240.42
278.871,292.36
279.135,281.61
279.398,188.49
279.662,236.84
279.926,163.42
280.189,217.14
280.453,229.68
280.717,286.99
280.98,279.82
281.244,252.96
281.508,369.37
281.771,158.04
282.035,301.31
282.298,290.57
282.562,233.26
282.826,270.87
283.089,347.88
283.353,211.77
283.616,217.14
283.88,224.31
284.143,303.1
284.407,256.54
284.67,184.91
284.933,362.2
285.197,208.19
285.46,251.17
285.724,245.8
285.987,220.72
286.25,313.85
286.514,337.13
286.777,218.93
287.04,247.59
287.303,410.56
287.567,270.87
287.83,254.75
288.093,299.52
288.356,167
288.62,229.68
288.883,227.89
289.146,299.52
289.409,124.02
289.672,201.02
289.935,215.35
290.198,188.49
290.461,245.8
290.725,272.66
290.988,193.86
291.251,244.01
291.514,215.35
291.777,208.19
292.04,208.19
292.303,283.4
292.566,261.91
292.829,290.57
293.091,362.2
293.354,269.08
293.617,249.38
293.88,260.12
294.143,202.82
294.406,281.61
294.669,285.2
294.932,281.61
295.194,211.77
295.457,279.82
295.72,265.5
295.983,335.34
296.245,233.26
296.508,227.89
296.771,261.91
297.034,319.22
297.296,206.4
297.559,321.01
297.822,249.38
298.084,317.43
298.347,267.29
298.609,274.45
298.872,220.72
299.135,270.87
299.397,283.4
299.66,193.86
299.922,358.62
300.185,252.96
300.447,260.12
300.71,328.18
300.972,351.46
301.235,236.84
301.497,233.26
301.759,297.73
302.022,360.41
302.284,279.82
302.546,340.71
302.809,270.87
303.071,285.2
303.333,247.59
303.596,340.71
303.858,353.25
304.12,303.1
304.383,353.25
304.645,274.45
304.907,310.27
305.169,294.15
305.431,415.93
305.694,286.99
305.956,408.77
306.218,290.57
306.48,344.29
306.742,254.75
307.004,283.4
307.266,362.2
307.528,482.19
307.79,340.71
308.052,367.58
308.314,299.52
308.576,424.88
308.838,286.99
309.1,335.34
309.362,276.24
309.624,367.58
309.886,408.77
310.148,415.93
310.41,428.47
310.672,392.65
310.934,383.69
311.196,398.02
311.457,441
311.719,321.01
311.981,424.88
312.243,457.12
312.504,424.88
312.766,514.43
313.028,417.72
313.29,487.56
313.551,406.97
313.813,537.71
314.075,453.54
314.336,530.54
314.598,326.39
314.86,457.12
315.121,408.77
315.383,412.35
315.644,423.09
315.906,417.72
316.167,525.17
316.429,437.42
316.69,446.37
316.952,362.2
317.213,433.84
317.475,505.47
317.736,566.36
317.998,512.64
318.259,467.86
318.521,618.3
318.782,525.17
319.043,469.65
319.305,435.63
319.566,577.11
319.827,569.94
320.089,473.24
320.35,546.66
320.611,589.64
320.872,478.61
321.134,478.61
321.395,523.38
321.656,562.78
321.917,566.36
322.178,528.75
322.44,485.77
322.701,494.73
322.962,668.44
323.223,501.89
323.484,675.6
323.745,650.53
324.006,537.71
324.267,670.23
324.528,659.49
324.789,544.87
325.05,532.34
325.311,473.24
325.572,600.39
325.833,602.18
326.094,573.53
326.355,666.65
326.616,559.2
326.877,704.26
327.138,620.09
327.398,691.72
327.659,680.98
327.92,616.51
328.181,627.25
328.442,765.15
328.702,725.75
328.963,781.27
329.224,684.56
329.485,639.79
329.745,664.86
330.006,673.81
330.267,817.08
330.527,707.84
330.788,731.12
331.049,757.98
331.309,781.27
331.57,720.38
331.83,772.31
332.091,738.29
332.351,772.31
332.612,770.52
332.873,804.55
333.133,761.57
333.393,784.85
333.654,854.69
333.914,779.48
334.175,888.72
334.435,877.97
334.696,912
334.956,713.21
335.216,829.62
335.477,781.27
335.737,876.18
335.997,849.32
336.258,980.05
336.518,965.73
336.778,931.7
337.038,895.88
337.299,962.14
337.559,937.07
337.819,879.76
338.079,813.5
338.34,842.16
338.6,856.48
338.86,897.67
339.12,901.25
339.38,894.09
339.64,840.36
339.9,926.33
340.16,924.54
340.42,983.63
340.68,976.47
340.94,963.93
341.2,1014.08
341.46,1010.5
341.72,1006.92
341.98,1017.66
342.24,969.31
342.5,1069.6
342.76,1003.33
343.02,1126.9
343.28,1139.44
343.54,1082.13
343.799,1060.64
344.059,1014.08
344.319,1057.06
344.579,1232.56
344.839,1042.73
345.098,992.59
345.358,1151.98
345.618,1019.45
345.878,1067.8
346.137,1216.45
346.397,1051.69
346.657,1105.41
346.916,1196.75
347.176,1107.2
347.435,1187.79
347.695,1191.37
347.955,1186
348.214,1282.71
348.474,1180.63
348.733,1166.3
348.993,1250.47
349.252,1302.41
349.512,1322.11
349.771,1277.34
350.031,1320.32
350.29,1230.77
350.549,1395.53
350.809,1302.41
351.068,1189.58
351.328,1268.38
351.587,1263.01
351.846,1302.41
352.106,1356.13
352.365,1293.45
352.624,1368.67
352.883,1393.74
353.143,1377.62
353.402,1472.54
353.661,1309.57
353.92,1433.14
354.179,1434.93
354.439,1465.38
354.698,1449.26
354.957,1488.66
355.216,1494.03
355.475,1411.65
355.734,1391.95
355.993,1529.85
356.252,1377.62
356.511,1535.22
356.77,1547.76
357.029,1569.25
357.288,1585.37
357.547,1619.39
357.806,1579.99
358.065,1719.68
358.324,1612.23
358.583,1676.7
358.842,1669.54
359.101,1628.35
359.36,1701.77
359.619,1551.34
359.877,1619.39
360.136,1665.95
360.395,1794.9
360.654,1785.94
360.913,1789.52
361.171,1615.81
361.43,1785.94
361.689,1746.54
361.947,1780.57
362.206,1889.81
362.465,1893.39
362.723,1716.1
362.982,1782.36
363.241,1832.51
363.499,1907.72
363.758,1773.41
364.016,1746.54
364.275,1828.92
364.533,1861.16
364.792,1902.35
365.05,2000.85
365.309,1857.58
365.567,1888.02
365.826,1990.1
366.084,1975.77
366.343,1945.33
366.601,1837.88
366.86,2004.43
367.118,2040.25
367.376,1947.12
367.635,1947.12
367.893,1922.05
368.151,1929.21
368.409,1990.1
368.668,2011.59
368.926,2093.97
369.184,1984.73
369.442,2174.56
369.701,2047.41
369.959,1997.26
370.217,2167.4
370.475,2045.62
370.733,2205.01
370.991,2086.81
371.25,2126.21
371.508,2287.39
371.766,2151.28
372.024,2283.8
372.282,2231.87
372.54,2290.97
372.798,2217.54
373.056,2339.32
373.314,2405.58
373.572,2423.49
373.83,2337.53
374.088,2513.03
374.345,2487.96
374.603,2419.91
374.861,2400.21
375.119,2461.1
375.377,2444.98
375.635,2507.66
375.893,2591.83
376.15,2561.39
376.408,2641.98
376.666,2579.3
376.924,2633.02
377.181,2602.58
377.439,2699.28
377.697,2634.81
377.954,2607.95
378.212,2710.03
378.47,2754.8
378.727,2799.57
378.985,2835.39
379.243,2837.18
379.5,2679.59
379.758,2792.41
380.015,2856.88
380.273,2903.44
380.53,3001.94
380.788,2973.29
381.045,2903.44
381.303,3071.79
381.56,2976.87
381.818,3095.07
382.075,3023.43
382.332,2958.96
382.59,3057.46
382.847,3211.47
383.105,3195.36
383.362,3148.79
383.619,3091.48
383.876,3161.33
384.134,3270.57
384.391,3173.86
384.648,3361.91
384.905,3182.82
385.163,3417.42
385.42,3372.65
385.677,3453.24
385.934,3399.51
386.191,3460.4
386.449,3481.89
386.706,3429.96
386.963,3467.57
387.22,3605.46
387.477,3607.25
387.734,3567.86
387.991,3512.34
388.248,3675.31
388.505,3678.89
388.762,3673.52
389.019,3757.69
389.276,3789.92
389.533,3772.01
389.79,3788.13
390.047,3770.22
390.304,3730.82
390.56,3703.96
390.817,3773.81
391.074,3813.2
391.331,3922.45
391.588,3934.98
391.844,3954.68
392.101,3823.95
392.358,3850.81
392.615,4067.51
392.871,4037.06
393.128,4029.9
393.385,4010.2
393.641,4217.94
393.898,4020.94
394.155,3992.29
394.411,4035.27
394.668,4221.52
394.925,4350.46
395.181,4065.72
395.438,4237.64
395.694,4316.44
395.951,4323.6
396.207,4305.69
396.464,4278.83
396.72,4321.81
396.977,4450.75
397.233,4407.77
397.489,4438.22
397.746,4667.45
398.002,4542.09
398.259,4463.29
398.515,4474.03
398.771,4626.26
399.028,4497.32
399.284,4753.41
399.54,4577.9
399.796,4687.15
400.053,4615.51
400.309,4726.55
400.565,4791.02
400.821,4749.83
401.078,4685.36
401.334,4749.83
401.59,4876.98
401.846,5009.5
402.102,4842.95
402.358,4943.24
402.614,5032.78
402.87,5099.05
403.126,5201.13
403.382,5108
403.638,5039.95
403.894,5224.41
404.15,5256.64
404.406,5401.7
404.662,5501.99
404.918,5349.77
405.174,5530.65
405.43,5317.53
405.686,5365.89
405.942,5258.43
406.198,5690.03
406.454,5713.31
406.709,5423.19
406.965,5552.14
407.221,5559.3
407.477,5648.84
407.732,5521.69
407.988,5724.06
408.244,5645.26
408.5,5509.16
408.755,5672.12
409.011,5711.52
409.267,5813.6
409.522,5813.6
409.778,5759.88
410.033,5747.34
410.289,5698.99
410.545,5836.88
410.8,5815.39
411.056,5971.2
411.311,5745.55
411.567,6015.97
411.822,5994.48
412.078,5833.3
412.333,5786.74
412.588,6100.14
412.844,5869.12
413.099,6198.64
413.355,6110.89
413.61,6051.79
413.865,6048.21
414.121,6003.44
414.376,6089.4
414.631,5827.93
414.887,6270.27
415.142,6279.23
415.397,6143.12
415.652,6218.34
415.907,6195.06
416.163,6354.45
416.418,6177.15
416.673,6216.55
416.928,6168.19
417.183,6295.35
417.438,6408.17
417.693,6401.01
417.949,6187.89
418.204,6300.72
418.459,6209.38
418.714,6363.4
418.969,6227.29
419.224,6556.81
419.479,6187.89
419.734,6216.55
419.989,6246.99
420.243,6368.77
420.498,6436.82
420.753,6599.79
421.008,6402.8
421.263,6594.42
421.518,6522.79
421.773,6449.36
422.027,6537.11
422.282,6732.32
422.537,6617.7
422.792,6542.49
423.047,6630.24
423.301,6750.23
423.556,6689.34
423.811,6796.79
424.065,6551.44
424.32,6685.76
424.575,6812.91
424.829,7036.77
425.084,6900.66
425.338,6814.7
425.593,6837.98
425.848,6934.69
426.102,6845.14
426.357,6981.25
426.611,6762.76
426.866,7026.02
427.12,6984.83
427.374,7144.22
427.629,7212.27
427.883,7231.97
428.138,7115.56
428.392,7056.47
428.646,7267.79
428.901,7308.98
429.155,7237.34
429.409,7432.55
429.664,7744.16
429.918,7488.06
430.172,7758.49
430.427,7428.97
430.681,7255.25
430.935,7461.2
431.189,7428.97
431.443,7475.53
431.698,7736.99
431.952,7713.71
432.206,7599.1
432.46,7597.31
432.714,7767.44
432.968,8062.93
433.222,8293.95
433.476,7896.38
433.73,7756.69
433.984,8080.84
434.238,7964.43
434.492,8200.83
434.746,8227.69
435,8816.89
435.254,8915.39
435.508,8773.91
435.762,9006.72
436.016,8752.42
436.27,8978.07
436.523,8233.06
436.777,8501.7
437.031,8528.56
437.285,8555.42
437.539,8603.77
437.792,8671.83
438.046,8856.29
438.3,8533.93
438.553,9115.96
438.807,8936.88
439.061,8874.2
439.314,8578.7
439.568,9026.42
439.822,8784.65
440.075,8766.74
440.329,8884.94
440.582,8874.2
440.836,9223.41
441.09,8858.08
441.343,9357.73
441.597,9266.4
441.85,9028.21
442.103,9289.68
442.357,9268.19
442.61,8961.95
442.864,9289.68
443.117,9384.59
443.371,9411.46
443.624,9210.88
443.877,9373.85
444.131,9239.53
444.384,9470.55
444.637,9321.91
444.89,9490.25
445.144,9708.74
445.397,9264.6
445.65,9567.26
445.903,9839.47
446.157,9458.02
446.41,9696.2
446.663,9685.46
446.916,9837.68
447.169,10041.84
447.422,9979.16
447.675,9744.56
447.928,10054.38
448.181,10197.65
448.435,10142.13
448.688,10208.39
448.941,9950.51
449.194,10091.99
449.446,9980.95
449.699,10099.15
449.952,10022.14
450.205,10344.5
450.458,10149.29
450.711,10083.03
450.964,10134.97
451.217,10183.32
451.47,10315.84
451.722,10256.75
451.975,10779.68
452.228,10468.07
452.481,10786.84
452.733,10763.56
452.986,10500.3
453.239,11080.54
453.492,11042.94
453.744,10690.13
453.997,11098.45
454.25,11019.65
454.502,10833.4
454.755,11102.03
455.007,10942.65
455.26,11390.36
455.513,11196.95
455.765,11845.24
456.018,11653.62
456.27,11864.94
456.523,11462
456.775,11522.89
457.028,11879.27
457.28,11875.69
457.532,11895.39
457.785,12160.44
458.037,11796.89
458.29,12275.05
458.542,12144.32
458.794,12348.48
459.047,12670.83
459.299,12316.24
459.551,12667.25
459.803,12572.34
460.056,12491.75
460.308,12839.18
460.56,12980.65
460.812,13191.98
461.064,13073.78
461.317,12935.88
461.569,13732.82
461.821,13363.9
462.073,13684.47
462.325,13578.8
462.577,13774.01
462.829,13811.62
463.081,13888.62
463.333,14606.76
463.585,13953.1
463.837,14189.49
464.089,14363.2
464.341,14433.05
464.593,14416.93
464.845,14304.11
465.097,14694.51
465.349,14628.25
465.601,14673.02
465.852,14597.81
466.104,15264.01
466.356,15341.02
466.608,15255.06
466.86,15194.17
467.111,15317.74
467.363,15869.32
467.615,15496.82
467.867,15503.99
468.118,16000.06
468.37,15649.05
468.622,15871.11
468.873,15924.84
469.125,15817.39
469.376,16553.43
469.628,15944.54
469.88,16918.77
470.131,16788.04
470.383,16304.5
470.634,16485.38
470.886,16814.9
471.137,16693.12
471.389,17251.87
471.64,17400.51
471.892,17285.9
472.143,17547.37
472.394,17515.13
472.646,17665.56
472.897,17722.87
473.148,18098.95
473.4,18150.89
473.651,17909.12
473.902,18446.38
474.154,18231.48
474.405,19078.56
474.656,18448.17
474.907,19051.69
475.159,19227.2
475.41,19406.29
475.661,19223.62
475.912,19699.99
476.163,19737.6
476.414,19814.6
476.665,19796.7
476.917,20650.94
477.168,20727.95
477.419,20412.75
477.67,20523.79
477.921,21367.29
478.172,21403.1
478.423,21628.75
478.674,21535.63
478.925,22135.57
479.176,21961.85
479.426,22123.03
479.677,22300.33
479.928,22440.02
480.179,22776.7
480.43,23190.39
480.681,23321.12
480.932,22998.77
481.182,23380.22
481.433,23867.34
481.684,24166.41
481.935,24343.71
482.185,24135.97
482.436,24515.63
482.687,25253.47
482.937,24827.24
483.188,25122.73
483.439,25470.16
483.689,25233.77
483.94,25584.78
484.19,25554.33
484.441,26440.81
484.692,26456.93
484.942,26503.49
485.193,26969.12
485.443,27382.81
485.694,27135.67
485.944,27454.44
486.194,27792.92
486.445,27606.67
486.695,27753.52
486.946,27719.49
487.196,28380.32
487.446,29401.12
487.697,28469.87
487.947,28826.25
488.197,28702.68
488.448,29673.33
488.698,29553.34
488.948,29549.76
489.198,29524.69
489.449,30045.83
489.699,30717.4
489.949,30339.53
490.199,30316.25
490.449,30833.81
490.699,30846.35
490.949,30875
491.2,30867.84
491.45,31114.98
491.7,31838.49
491.95,31677.31
492.2,31655.82
492.45,31867.14
492.7,32492.15
492.95,31782.97
493.2,32615.72
493.45,32501.11
493.699,32065.93
493.949,32714.22
494.199,32395.45
494.449,32837.79
494.699,32830.63
494.949,32873.61
495.199,33323.12
495.448,32830.63
495.698,33084.93
495.948,33314.16
496.198,33564.88
496.447,33659.8
496.697,33736.81
496.947,34243.62
497.196,34157.66
497.446,34497.93
497.696,34394.06
497.945,34376.15
498.195,34607.17
498.444,34900.87
498.694,34465.69
498.944,34872.22
499.193,34773.72
499.443,35065.63
499.692,35112.19
499.942,34811.33
500.191,35366.5
500.44,35670.94
500.69,35373.66
500.939,35909.13
501.189,35382.61
501.438,35928.83
501.687,35805.26
501.937,36100.75
502.186,36131.2
502.435,36555.63
502.685,35826.75
502.934,36322.82
503.183,36095.38
503.432,36965.74
503.682,36190.3
503.931,36530.56
504.18,37037.38
504.429,36553.84
504.678,36215.37
504.927,36673.83
505.176,36865.45
505.426,37143.04
505.675,37549.56
505.924,37091.1
506.173,37273.77
506.422,37092.89
506.671,37458.23
506.92,37574.64
507.169,37460.02
507.418,37515.54
507.667,37461.81
507.915,37698.21
508.164,38167.41
508.413,37999.07
508.662,37708.95
508.911,37642.69
509.16,38613.34
509.408,38371.57
509.657,38459.32
509.906,38382.32
510.155,38745.86
510.404,38726.16
510.652,38727.95
510.901,38233.67
511.15,39267.01
511.398,38434.25
511.647,39431.77
511.896,39163.14
512.144,39034.19
512.393,39447.88
512.641,39109.41
512.89,39082.55
513.138,39435.35
513.387,39707.56
513.635,39806.06
513.884,39440.72
514.132,40246.61
514.381,39320.73
514.629,40438.23
514.878,40089.01
515.126,39856.2
515.374,39954.7
515.623,40885.95
515.871,39850.83
516.119,40291.38
516.368,40755.22
516.616,40096.18
516.864,40823.27
517.113,40939.68
517.361,40540.31
517.609,41294.27
517.857,41014.89
518.105,40912.81
518.354,40552.85
518.602,41168.91
518.85,40819.69
519.098,41310.39
519.346,41849.44
519.594,41580.81
519.842,41476.94
520.09,41419.63
520.338,41575.43
520.586,42064.34
520.834,41629.16
521.082,41913.91
521.33,41971.22
521.578,42456.54
521.826,41971.22
522.074,42669.65
522.322,42089.41
522.57,42598.02
522.817,42184.33
523.065,42383.11
523.313,42023.15
523.561,42413.56
523.809,42352.67
524.056,42639.21
524.304,42972.31
524.552,43260.64
524.8,42721.59
525.047,42465.49
525.295,43224.82
525.543,43287.5
525.79,43421.82
526.038,43473.75
526.285,43156.77
526.533,43597.32
526.781,43796.11
527.028,43713.73
527.276,43437.94
527.523,43771.04
527.771,44152.49
528.018,43835.51
528.266,43815.81
528.513,43975.2
528.76,43432.56
529.008,44168.61
529.255,43919.68
529.502,44025.34
529.75,44455.15
529.997,43851.63
530.244,44107.72
530.492,44263.53
530.739,44856.3
530.986,44505.29
531.234,44680.8
531.481,44435.45
531.728,44245.62
531.975,44401.42
532.222,44462.31
532.469,44270.69
532.717,45180.45
532.964,44745.27
533.211,44858.09
533.458,45046.13
533.705,45445.5
533.952,45012.11
534.199,45227.01
534.446,45449.08
534.693,45581.6
534.94,45266.41
535.187,45794.72
535.434,45282.53
535.681,45826.95
535.928,45667.57
536.174,45578.02
536.421,45705.17
536.668,46014.99
536.915,45853.82
537.162,45878.89
537.409,45407.89
537.655,46025.74
537.902,46163.64
538.149,45950.52
538.396,46335.56
538.642,46081.26
538.889,46029.32
539.136,46817.3
539.382,45905.75
539.629,46584.49
539.875,46736.71
540.122,46994.6
540.369,46822.67
540.615,47118.17
540.862,47311.58
541.108,47540.81
541.355,47272.18
541.601,47787.95
541.848,47786.16
542.094,48427.29
542.341,47753.93
542.587,48325.21
542.833,48464.9
543.08,48373.57
543.326,48669.06
543.572,48794.42
543.819,48694.13
544.065,48878.59
544.311,48660.1
544.558,48826.66
544.804,48957.39
545.05,48549.07
545.296,49134.68
545.542,49340.63
545.789,49138.27
546.035,49184.83
546.281,48117.47
546.527,48540.12
546.773,49100.66
547.019,48362.82
547.265,48343.12
547.511,48486.39
547.757,48450.57
548.003,48482.81
548.249,48346.7
548.495,47847.05
548.741,48753.23
548.987,48939.48
549.233,48235.67
549.479,48837.4
549.725,48572.35
549.971,48541.91
550.217,48452.36
550.463,48506.09
550.708,48488.18
550.954,47997.48
551.2,48862.47
551.446,48230.3
551.691,49199.16
551.937,48957.39
552.183,49037.98
552.429,48916.2
552.674,48842.77
552.92,48926.94
553.165,49077.38
553.411,49000.37
553.657,48842.77
553.902,49442.71
554.148,49227.81
554.393,48948.43
554.639,49242.14
554.884,49346.01
555.13,48980.67
555.375,48583.1
555.621,49446.3
555.866,49428.39
556.112,49021.86
556.357,49165.13
556.602,49532.26
556.848,49297.65
557.093,49002.16
557.338,49152.59
557.584,49346.01
557.829,49501.81
558.074,49283.33
558.32,49437.34
558.565,49630.75
558.81,49813.42
559.055,49095.29
559.3,49820.59
559.546,49990.72
559.791,50076.68
560.036,49512.56
560.281,49895.8
560.526,49895.8
560.771,49963.86
561.016,49741.79
561.261,50103.54
561.506,50520.82
561.751,50137.57
561.996,50082.05
562.241,50554.84
562.486,50366.8
562.731,50973.91
562.976,51172.69
563.221,50997.19
563.466,50549.47
563.71,51348.2
563.955,51468.18
564.2,51546.98
564.445,51584.59
564.69,51349.99
564.934,51602.5
565.179,52349.29
565.424,52012.61
565.669,52193.49
565.913,52172
566.158,52592.85
566.403,53105.04
566.647,52771.94
566.892,53465
567.136,52917
567.381,53201.74
567.626,53583.2
567.87,53423.81
568.115,53470.37
568.359,53289.5
568.604,53538.43
568.848,53780.19
569.093,53434.56
569.337,53790.94
569.581,53751.54
569.826,53832.13
570.07,53384.41
570.315,53522.31
570.559,53783.78
570.803,53742.59
571.048,54136.58
571.292,53704.98
571.536,53796.31
571.78,53959.28
572.025,54041.66
572.269,53457.84
572.513,53687.07
572.757,53509.77
573.001,53835.71
573.245,53640.51
573.49,54186.72
573.734,53216.07
573.978,53717.51
574.222,53841.08
574.466,53486.49
574.71,53511.56
574.954,53187.42
575.198,53370.09
575.442,53593.94
575.686,53473.96
575.93,53246.52
576.174,53180.25
576.418,53647.67
576.661,53294.87
576.905,53355.76
577.149,53418.44
577.393,53710.35
577.637,53364.71
577.881,53703.19
578.124,53031.61
578.368,53676.32
578.612,53377.25
578.856,53936
579.099,53556.34
579.343,53647.67
579.587,53486.49
579.83,53457.84
580.074,53246.52
580.318,53862.57
580.561,53361.13
580.805,53427.39
581.048,53524.1
581.292,53593.94
581.535,53278.75
581.779,53848.25
582.022,54027.33
582.266,53842.87
582.509,53524.1
582.753,53531.26
582.996,53461.42
583.239,53970.03
583.483,53683.49
583.726,53821.38
583.969,53649.46
584.213,53579.62
584.456,53314.57
584.699,53987.94
584.943,53547.38
585.186,53246.52
585.429,53867.95
585.672,53484.7
585.915,53978.98
586.159,53679.91
586.402,53762.29
586.645,53556.34
586.888,53375.46
587.131,54063.15
587.374,53921.67
587.617,54113.3
587.86,53533.05
588.103,53991.52
588.346,53593.94
588.589,53547.38
588.832,53955.7
589.075,53135.48
589.318,53880.48
589.561,53778.4
589.804,53482.91
590.047,53131.9
590.29,53642.3
590.532,53312.78
590.775,53543.8
591.018,53507.98
591.261,53443.51
591.504,53529.47
591.746,53658.42
591.989,53767.66
592.232,53678.11
592.474,53674.53
592.717,53165.93
592.96,53832.13
593.202,53380.83
593.445,53887.65
593.688,53362.92
593.93,53373.67
594.173,53674.53
594.415,53739
594.658,53728.26
594.9,53944.95
595.143,53678.11
595.385,53878.69
595.628,53882.27
595.87,53250.1
596.112,53814.22
596.355,53991.52
596.597,53841.08
596.84,53739
597.082,54190.3
597.324,53866.16
597.567,54027.33
597.809,54109.71
598.051,54261.94
598.293,53728.26
598.536,54605.78
598.778,54446.4
599.02,54107.92
599.262,54405.21
599.504,54381.93
599.746,54509.08
599.988,54852.92
600.231,55542.41
600.473,54659.51
600.715,54813.52
600.957,55621.21
601.199,55574.64
601.441,55486.89
601.683,55904.16
601.925,55734.03
602.167,55819.99
602.409,55868.35
602.65,56034.9
602.892,56376.95
603.134,56430.68
603.376,56480.82
603.618,57161.35
603.86,56344.72
604.101,57311.78
604.343,57320.74
604.585,57027.04
604.827,57435.35
605.068,57399.54
605.31,57317.16
605.552,58001.27
605.794,57879.49
606.035,57288.5
606.277,58209.01
606.518,57963.66
606.76,57922.47
607.002,58398.84
607.243,58142.75
607.485,58355.86
607.726,58287.81
607.968,58022.76
608.209,58250.2
608.451,58155.28
608.692,58346.91
608.933,58470.48
609.175,58216.17
609.416,58531.37
609.658,58608.37
609.899,58930.73
610.14,58465.1
610.382,59068.63
610.623,59093.7
610.864,59140.26
611.105,59312.18
611.347,58932.52
611.588,59312.18
611.829,58830.44
612.07,59022.06
612.311,58842.98
612.553,58760.6
612.794,58778.51
613.035,58212.59
613.276,58522.41
613.517,57995.9
613.758,58033.5
613.999,57795.32
614.24,57730.85
614.481,57689.66
614.722,57573.25
614.963,57702.19
615.204,57748.76
615.445,57182.84
615.686,57089.72
615.927,56548.88
616.167,56530.97
616.408,56224.73
616.649,56436.05
616.89,56289.2
617.131,56222.94
617.372,55970.43
617.612,56063.55
617.853,56008.03
618.094,55558.53
618.334,55651.65
618.575,55614.04
618.816,55391.98
619.056,56045.64
619.297,55297.06
619.538,55336.46
619.778,55085.74
620.019,55064.25
620.259,54634.44
620.5,55137.67
620.74,55103.65
620.981,54989.03
621.221,54802.78
621.462,54498.33
621.702,54797.41
621.943,54861.88
622.183,54754.43
622.423,54274.47
622.664,54526.99
622.904,54372.97
623.144,54612.95
623.385,54329.99
623.625,54537.73
623.865,54355.06
624.105,54632.65
624.346,54233.28
624.586,54342.53
624.826,54360.44
625.066,53538.43
625.306,54544.89
625.546,54082.85
625.787,53869.74
626.027,54093.6
626.267,53735.42
626.507,54181.35
626.747,53549.17
626.987,53776.61
627.227,53848.25
627.467,53579.62
627.707,54197.47
627.947,53164.14
628.187,53726.47
628.427,53558.13
628.666,54079.27
628.906,53481.12
629.146,53867.95
629.386,53461.42
629.626,53162.35
629.866,53268.01
630.105,53416.65
630.345,53617.23
630.585,53293.08
630.825,53156.97
631.064,53819.59
631.304,53352.18
631.544,53456.05
631.783,53191
632.023,53208.91
632.262,52476.44
632.502,53248.31
632.742,53361.13
632.981,52931.32
633.221,53148.02
633.46,53076.38
633.7,53443.51
633.939,53439.93
634.179,53010.12
634.418,53142.65
634.657,52884.76
634.897,53047.73
635.136,52845.36
635.376,52931.32
635.615,52882.97
635.854,52746.86
636.094,52576.73
636.333,52594.64
636.572,52533.75
636.811,52623.29
637.051,52519.42
637.29,53165.93
637.529,52515.84
637.768,52263.33
638.007,52415.55
638.246,52517.63
638.486,52693.14
638.725,52841.78
638.964,51980.37
639.203,52154.09
639.442,52218.56
639.681,52127.22
639.92,51435.95
640.159,52490.77
640.398,52180.95
640.637,52374.36
640.876,52263.33
641.114,51989.33
641.353,51321.33
641.592,52025.14
641.831,52114.69
642.07,51557.73
642.309,52001.86
642.548,52368.99
642.786,51919.48
643.025,51982.16
643.264,51770.84
643.502,51788.75
643.741,51575.64
643.98,51858.59
644.219,52127.22
644.457,51473.56
644.696,51840.69
644.934,51722.49
645.173,51018.68
645.412,51461.02
645.65,51564.89
645.889,51539.82
646.127,51846.06
646.366,51570.26
646.604,51246.12
646.842,51258.65
647.081,51242.54
647.319,51403.71
647.558,50689.16
647.796,51722.49
648.034,51407.3
648.273,51197.76
648.511,50848.54
648.749,51523.7
648.988,50878.99
649.226,50678.41
649.464,51251.49
649.702,51000.77
649.941,51020.47
650.179,50827.05
650.417,51271.19
650.655,51102.85
650.893,51074.19
651.131,50975.7
651.369,50836.01
651.607,51043.75
651.845,50637.22
652.083,50873.62
652.321,50936.3
652.559,50501.12
652.797,50490.37
653.035,50945.25
653.273,50698.11
653.511,50157.27
653.749,50450.97
653.987,50116.08
654.225,50404.41
654.463,50022.95
654.701,50042.65
654.938,50787.66
655.176,50280.84
655.414,49894.01
655.652,50073.1
655.889,50103.54
656.127,49817
656.365,50191.3
656.602,49962.07
656.84,50019.37
657.078,49843.87
657.315,50442.02
657.553,49498.23
657.79,50114.29
658.028,49537.63
658.266,49517.93
658.503,49967.44
658.741,49723.88
658.978,49512.56
659.215,49503.6
659.453,49387.2
659.69,49693.44
659.928,49457.04
660.165,49838.5
660.402,49591.36
660.64,49636.13
660.877,49500.02
661.114,49324.52
661.352,49367.5
661.589,49286.91
661.826,49571.66
662.063,49406.9
662.301,48806.96
662.538,49448.09
662.775,49639.71
663.012,49134.68
663.249,49177.67
663.486,49059.47
663.723,49093.49
663.961,49620.01
664.198,48765.77
664.435,48733.53
664.672,49211.69
664.909,48511.46
665.146,48678.01
665.383,49003.95
665.619,48676.22
665.856,48946.64
666.093,48608.17
666.33,48801.58
666.567,47904.36
666.804,49138.27
667.041,48778.3
667.278,48756.81
667.514,48710.25
667.751,48532.95
667.988,48312.68
668.225,48758.6
668.461,48260.74
668.698,48051.21
668.935,47870.33
669.171,48275.07
669.408,47700.2
669.644,48035.09
669.881,48416.55
670.118,47460.22
670.354,47949.13
670.591,48459.53
670.827,47291.88
671.064,48018.97
671.3,47598.12
671.537,48011.81
671.773,48004.65
672.01,47714.53
672.246,47651.85
672.482,47893.61
672.719,47684.08
672.955,47368.89
673.191,47578.42
673.428,47798.7
673.664,47342.03
673.9,47739.6
674.136,47141.45
674.373,47786.16
674.609,47227.41
674.845,47084.14
675.081,47200.55
675.317,47746.76
675.553,47084.14
675.79,47105.63
676.026,47152.19
676.262,46949.83
676.498,46982.06
676.734,46879.98
676.97,47069.81
677.206,47089.51
677.442,46573.74
677.678,46901.47
677.914,46566.58
678.15,46450.17
678.386,46475.25
678.621,46876.4
678.857,45857.4
679.093,46901.47
679.329,45957.69
679.565,46346.3
679.8,46829.84
680.036,46317.65
680.272,46211.99
680.508,46070.51
680.743,46690.15
680.979,46419.73
681.215,46303.32
681.45,45997.08
681.686,46100.96
681.922,45952.31
682.157,45946.94
682.393,45809.04
682.628,45753.53
682.864,46357.05
683.099,45601.3
683.335,45896.8
683.57,45511.76
683.806,45800.09
684.041,45495.64
684.277,45805.46
684.512,45212.68
684.747,45663.98
684.983,45895.01
685.218,45427.59
685.453,45194.78
685.689,45200.15
685.924,45135.68
686.159,45508.18
686.394,45046.13
686.63,44729.15
686.865,45475.94
687.1,45064.04
687.335,44734.52
687.57,45227.01
687.806,44335.16
688.041,45148.21
688.276,44734.52
688.511,44698.71
688.746,44512.46
688.981,45012.11
689.216,44376.35
689.451,44849.14
689.686,43903.56
689.921,44881.37
690.156,44043.25
690.391,44490.97
690.625,44430.08
690.86,44541.11
691.095,44582.3
691.33,44227.71
691.565,44107.72
691.8,44492.76
692.034,44451.57
692.269,44208.01
692.504,43869.53
692.739,43754.92
692.973,44012.8
693.208,43980.57
693.443,44123.84
693.677,43762.08
693.912,43944.75
694.146,43794.32
694.381,43724.47
694.616,43853.42
694.85,43457.63
695.085,43892.82
695.319,43334.07
695.554,43910.72
695.788,43466.59
696.023,43742.38
696.257,42805.76
696.491,43493.45
696.726,42546.08
696.96,43921.47
697.194,42820.09
697.429,43337.65
697.663,42506.68
697.897,42834.41
698.132,42898.88
698.366,42968.73
698.6,43119.16
698.834,42707.26
699.068,42814.71
699.303,42313.27
699.537,42544.29
699.771,42483.4
700.005,42327.6
700.239,42109.11
700.473,42324.02
700.707,42332.97
700.941,42452.96
701.175,41983.75
701.409,42010.61
701.643,42039.27
701.877,41675.72
702.111,42515.64
702.345,41869.14
702.579,41844.06
702.813,41915.7
703.047,42062.55
703.281,41946.14
703.514,41829.74
703.748,41763.47
703.982,41659.6
704.216,41156.37
704.449,41356.95
704.683,41297.85
704.917,41387.39
705.15,41281.73
705.384,41444.7
705.618,41168.91
705.851,41129.51
706.085,41116.97
706.319,40540.31
706.552,40816.11
706.786,41018.47
707.019,40830.43
707.253,40783.87
707.486,40757.01
707.72,40970.12
707.953,40728.35
708.187,41038.17
708.42,40595.83
708.653,40894.9
708.887,40474.05
709.12,40744.47
709.353,40522.4
709.587,40714.03
709.82,40511.66
710.053,40337.94
710.286,39752.33
710.52,40124.83
710.753,40139.16
710.986,40341.53
711.219,40327.2
711.452,39732.63
711.686,39725.47
711.919,40409.58
712.152,39752.33
712.385,39723.68
712.618,40060.36
712.851,39788.15
713.084,39442.51
713.317,39618.02
713.55,39653.83
713.783,39453.26
714.016,39191.79
714.249,39055.68
714.482,39061.06
714.714,39100.45
714.947,38813.92
715.18,39019.87
715.413,39012.7
715.646,38695.72
715.878,38801.38
716.111,39206.12
716.344,38869.43
716.577,38733.33
716.809,38831.82
717.042,38319.64
717.275,38375.15
717.507,38690.35
717.74,38199.65
717.973,37864.76
718.205,37791.33
718.438,37916.69
718.67,37888.04
718.903,38090.41
719.135,37302.42
719.368,37868.34
719.6,37734.02
719.833,37705.37
720.065,37511.96
720.297,37271.98
720.53,37289.89
720.762,37173.48
720.995,37008.72
721.227,37563.89
721.459,36877.99
721.691,36693.53
721.924,36820.68
722.156,37311.38
722.388,36589.66
722.62,36684.57
722.853,36612.94
723.085,36935.3
723.317,36449.97
723.549,36206.41
723.781,36369.38
724.013,36448.18
724.245,36523.4
724.477,36172.39
724.709,35968.23
724.941,36333.56
725.173,35696.02
725.405,36098.96
725.637,36059.56
725.869,35989.72
726.101,35656.62
726.333,35857.19
726.565,36186.71
726.797,35794.51
727.028,35516.93
727.26,36149.11
727.492,35189.2
727.724,35894.8
727.956,35289.49
728.187,35302.03
728.419,35226.81
728.651,35642.29
728.882,35121.15
729.114,35384.4
729.346,34958.18
729.577,35260.84
729.809,34927.73
730.04,34967.13
730.272,34995.79
730.503,35069.21
730.735,34908.03
730.966,35400.52
731.198,34635.82
731.429,35169.5
731.661,34580.31
731.892,35026.23
732.124,34709.25
732.355,35072.79
732.586,34451.36
732.818,34857.89
733.049,34476.44
733.28,34403.01
733.512,34288.39
733.743,34084.24
733.974,34514.04
734.205,34361.82
734.436,34286.6
734.668,34465.69
734.899,34080.65
735.13,34123.63
735.361,34082.44
735.592,34195.27
735.823,33622.19
736.054,34078.86
736.285,33892.61
736.516,34143.33
736.747,33964.25
736.978,34064.54
737.209,33360.72
737.44,33973.2
737.671,33640.1
737.902,33428.78
738.133,33353.56
738.364,34026.93
738.594,32918.38
738.825,33511.16
739.056,32639.01
739.287,33493.25
739.518,33113.59
739.748,33070.6
739.979,32741.08
740.21,33167.31
740.44,32538.72
740.671,32857.49
740.902,32807.35
741.132,32653.33
741.363,32952.41
741.593,32615.72
741.824,32456.34
742.055,32735.71
742.285,32784.07
742.516,32300.53
742.746,32117.86
742.976,32416.94
743.207,32101.75
743.437,32456.34
743.668,32651.54
743.898,32227.11
744.128,31988.92
744.359,32766.16
744.589,32159.05
744.819,32443.8
745.05,32198.45
745.28,32681.99
745.51,32529.76
745.74,32597.82
745.971,32350.68
746.201,32570.95
746.431,32572.74
746.661,32852.12
746.891,32338.14
747.121,32479.62
747.351,32724.97
747.581,32701.69
747.811,32511.85
748.041,32887.94
748.271,33006.13
748.501,33170.89
748.731,32905.84
748.961,33255.06
749.191,32569.16
749.421,33050.9
749.651,33111.79
749.881,33054.49
750.111,32859.28
750.34,33129.7
750.57,32757.2
750.8,32834.21
751.03,33041.95
751.259,32751.83
751.489,32724.97
751.719,32807.35
751.949,32681.99
752.178,32814.51
752.408,32526.18
752.637,32347.09
752.867,32288
753.097,32046.23
753.326,32151.89
753.556,32133.98
753.785,32058.76
754.015,32436.64
754.244,32284.41
754.474,32139.35
754.703,31768.64
754.932,32006.83
755.162,31591.35
755.391,31858.19
755.621,31385.4
755.85,31664.77
756.079,31516.13
756.309,32128.61
756.538,31161.54
756.767,31258.25
756.996,31308.39
757.225,31041.55
757.455,30935.89
757.684,31118.56
757.913,30862.46
758.142,31267.2
758.371,30738.9
758.6,30733.52
758.829,30932.31
759.058,30498.92
759.287,30615.33
759.516,30538.32
759.745,30115.67
759.974,30459.52
760.203,30038.67
760.432,30253.57
760.661,29610.65
760.89,30011.8
761.119,29965.24
761.348,30004.64
761.577,29352.76
761.805,29419.03
762.034,29214.87
762.263,29381.42
762.492,28874.6
762.721,28992.8
762.949,29182.63
763.178,29152.19
763.407,28759.99
763.635,28788.64
763.864,28725.96
764.092,28641.79
764.321,28641.79
764.55,28459.12
764.778,28426.89
765.007,28496.73
765.235,28213.77
765.464,28292.57
765.692,28169
765.921,28410.77
766.149,27998.87
766.377,28244.22
766.606,27735.61
766.834,27830.53
767.062,27286.1
767.291,27814.41
767.519,27527.87
767.747,27155.37
767.976,27375.65
768.204,27468.77
768.432,27144.62
768.66,27277.15
768.889,26636.02
769.117,27223.42
769.345,26643.18
769.573,26985.24
769.801,26653.93
770.029,26867.04
770.257,26551.85
770.485,26813.31
770.713,26616.32
770.941,26406.79
771.169,26546.47
771.397,26442.6
771.625,25917.88
771.853,26456.93
772.081,26268.89
772.309,26009.21
772.537,26233.07
772.765,26240.24
772.992,26028.91
773.22,26064.73
773.448,25740.58
773.676,26494.54
773.903,25373.46
774.131,25980.56
774.359,25819.38
774.586,25871.32
774.814,25468.37
775.042,25445.09
775.269,25561.5
775.497,25251.68
775.725,25034.98
775.952,25430.76
776.18,24965.14
776.407,25323.31
776.635,24746.65
776.862,25274.96
777.09,24990.21
777.317,24922.16
777.544,24861.27
777.772,24648.16
777.999,24710.84
778.227,24795.01
778.454,24760.98
778.681,24798.59
778.908,24329.38
779.136,24315.05
779.363,24377.73
779.59,24408.18
779.817,24386.69
780.045,24452.95
780.272,24177.16
780.499,24080.45
780.726,24184.32
780.953,23715.11
781.18,24139.55
781.407,23840.47
781.634,23949.72
781.861,23858.38
782.088,23720.49
782.315,23820.77
782.542,23625.57
782.769,23765.26
782.996,23469.76
783.223,23539.61
783.45,23593.33
783.677,23471.56
783.904,23179.64
784.13,23353.36
784.357,23102.64
784.584,23258.44
784.811,23129.5
785.038,22789.23
785.264,22919.97
785.491,22758.79
785.718,22774.91
785.944,22595.82
786.171,22848.33
786.398,22771.33
786.624,22422.11
786.851,22748.04
787.077,22461.51
787.304,22542.1
787.53,22595.82
787.757,22350.47
787.983,22019.16
788.21,22148.1
788.436,22298.54
788.663,22386.29
788.889,21892.01
789.115,21786.35
789.342,22037.07
789.568,21997.67
789.794,22013.79
790.021,21766.65
790.247,21888.43
790.473,21698.6
790.699,21682.48
790.926,21691.43
791.152,21284.91
791.378,21399.52
791.604,21215.06
791.83,21159.55
792.056,21336.84
792.282,21476.53
792.508,21369.08
792.735,21077.17
792.961,21059.26
793.187,21284.91
793.413,21139.85
793.638,21010.9
793.864,21032.39
794.09,20905.24
794.316,20735.11
794.542,21039.56
794.768,20591.84
794.994,20996.58
795.22,20405.59
795.445,20822.86
795.671,20520.21
795.897,20582.89
796.123,20376.94
796.348,20353.66
796.574,20224.71
796.8,20174.57
797.025,20179.94
797.251,20174.57
797.477,20036.67
797.702,20201.43
797.928,20036.67
798.153,20025.93
798.379,20076.07
798.604,20015.18
798.83,19818.19
799.055,20162.03
799.281,19966.83
799.506,19877.28
799.732,19306
799.957,19708.94
800.182,19379.42
800.408,19646.26
800.633,19658.8
800.858,19449.27
801.084,19109
801.309,19356.14
801.534,19304.21
801.759,19048.11
801.985,19051.69
802.21,19060.65
802.435,19044.53
802.66,18989.01
802.885,19109
803.11,18799.18
803.335,18655.91
803.561,18831.42
803.786,18688.15
804.011,18838.58
804.236,18335.35
804.461,18700.68
804.685,18512.64
804.91,18602.19
805.135,18240.43
805.36,18312.07
805.585,18251.18
805.81,18607.56
806.035,18172.38
806.26,18485.78
806.484,17801.67
806.709,18390.86
806.934,17595.72
807.159,17935.98
807.383,17975.38
807.608,17826.74
807.833,17855.4
808.057,17794.51
808.282,17595.72
808.507,17676.31
808.731,17574.23
808.956,17910.91
809.18,17490.06
809.405,17669.15
809.629,17359.32
809.854,17525.88
810.078,17336.04
810.303,17097.86
810.527,16947.43
810.751,17300.23
810.976,17316.34
811.2,17024.43
811.425,17137.26
811.649,17237.55
811.873,16992.2
812.097,16899.07
812.322,17011.9
812.546,16569.55
812.77,16480.01
812.994,16874
813.219,16698.49
813.443,16539.11
813.667,16358.23
813.891,16445.98
814.115,16531.94
814.339,16533.74
814.563,16589.25
814.787,16266.9
815.011,16442.4
815.235,16256.15
815.459,16272.27
815.683,16080.65
815.907,16463.89
816.131,16157.65
816.355,16107.51
816.579,16123.63
816.802,16112.88
817.026,16114.67
817.25,16084.23
817.474,16073.48
817.698,15625.77
817.921,15749.34
818.145,15743.96
818.369,15799.48
818.592,15385.79
818.816,15745.75
819.04,15435.93
819.263,15597.11
819.487,15364.3
819.71,15493.24
819.934,15305.2
820.158,15503.99
820.381,15025.82
820.605,15461.01
820.828,15192.38
821.051,15049.11
821.275,15083.13
821.498,15045.52
821.722,15222.82
821.945,14877.18
822.168,15002.54
822.392,15067.01
822.615,14943.44
822.838,14950.61
823.061,14963.14
823.285,14821.67
823.508,14510.06
823.731,14886.14
823.954,14560.2
824.177,14579.9
824.401,14456.33
824.624,14755.4
824.847,14470.66
825.07,14493.94
825.293,14187.7
825.516,14363.2
825.739,14142.93
825.962,14180.54
826.185,14313.06
826.408,14329.18
826.631,14277.24
826.854,14065.92
827.077,14046.22
827.299,14330.97
827.522,13739.98
827.745,13979.96
827.968,13698.79
828.191,14024.73
828.413,13748.94
828.636,13739.98
828.859,13562.69
829.082,13503.59
829.304,13387.18
829.527,13750.73
829.75,13643.28
829.972,13464.19
830.195,13571.64
830.417,13415.84
830.64,13308.38
830.862,13516.12
831.085,13308.38
831.307,13387.18
831.53,13147.2
831.752,13233.17
831.975,13190.19
832.197,13498.21
832.42,13118.55
832.642,13234.96
832.864,12880.37
833.087,13109.6
833.309,12844.55
833.531,13034.38
833.753,12910.81
833.976,12797.99
834.198,12622.48
834.42,12916.18
834.642,12581.29
834.864,13027.22
835.086,12900.07
835.309,12812.31
835.531,12525.77
835.753,12647.55
835.975,12513.24
836.197,12620.69
836.419,12258.93
836.641,12301.92
836.863,12208.79
837.085,12233.86
837.307,12412.95
837.529,12156.86
837.75,12189.09
837.972,12232.07
838.194,11879.27
838.416,11958.07
838.638,11916.88
838.859,12244.61
839.081,11943.74
839.303,12060.15
839.525,11827.34
839.746,12165.81
839.968,11705.56
840.19,11913.3
840.411,11861.36
840.633,11924.04
840.855,11558.71
841.076,11658.99
841.298,11734.21
841.519,11650.04
841.741,11700.18
841.962,11442.3
842.184,11327.68
842.405,11644.67
842.626,11343.8
842.848,11436.93
843.069,11279.33
843.291,11626.76
843.512,11202.32
843.733,11517.52
843.955,11195.16
844.176,11417.23
844.397,11322.31
844.618,11273.96
844.839,11177.25
845.061,11166.51
845.282,11012.49
845.503,10976.67
845.724,10733.12
845.945,10734.91
846.166,10811.91
846.387,10774.31
846.608,10910.41
846.829,10849.52
847.05,10729.53
847.271,10802.96
847.492,10731.32
847.713,10946.23
847.934,10550.45
848.155,10647.15
848.376,10462.69
848.597,10591.64
848.818,10516.42
849.038,10564.77
849.259,10498.51
849.48,10443
849.701,10532.54
849.921,10297.94
850.142,10167.2
850.363,10443
850.584,10253.16
850.804,10229.88
851.025,10177.95
851.245,10254.95
851.466,10045.42
851.687,9993.49
851.907,9929.02
852.128,10034.68
852.348,10181.53
852.569,9807.24
852.789,10029.3
853.009,9853.8
853.23,9916.48
853.45,9875.29
853.671,9638.9
853.891,9882.45
854.111,9884.24
854.332,9843.05
854.552,9809.03
854.772,9647.85
854.992,9329.08
855.213,9529.65
855.433,9656.8
855.653,9395.34
855.873,9511.74
856.093,9477.72
856.313,9481.3
856.533,9484.88
856.753,9543.98
856.974,9343.4
857.194,9409.66
857.414,9096.26
857.634,9212.67
857.854,9370.27
858.073,9058.65
858.293,9164.32
858.513,9189.39
858.733,9105.22
858.953,8908.22
859.173,9214.46
859.393,8904.64
859.612,8931.5
859.832,8772.12
860.052,8845.54
860.272,8890.31
860.491,8926.13
860.711,8949.41
860.931,8988.81
861.15,8773.91
861.37,8782.86
861.59,8550.05
861.809,8990.6
862.029,8648.55
862.248,8655.71
862.468,8793.61
862.687,8677.2
862.907,8514.23
863.126,8829.42
863.346,8482
863.565,8440.81
863.785,8374.54
864.004,8276.05
864.223,8344.1
864.443,8385.29
864.662,8224.11
864.881,8345.89
865.1,8130.99
865.32,8311.86
865.539,8218.74
865.758,8138.15
865.977,8073.68
866.196,8062.93
866.416,8134.57
866.635,8102.33
866.854,7869.52
867.073,8216.95
867.292,7932.2
867.511,8071.89
867.73,7772.81
867.949,7914.29
868.168,7855.19
868.387,7822.96
868.606,7767.44
868.825,7812.21
869.044,7717.3
869.262,7710.13
869.481,7504.18
869.7,7608.05
869.919,7638.5
870.138,7654.61
870.356,7482.69
870.575,7599.1
870.794,7532.84
871.013,7428.97
871.231,7430.76
871.45,7348.38
871.668,7334.05
871.887,7466.57
872.106,7432.55
872.324,7382.4
872.543,7348.38
872.761,7394.94
872.98,6988.41
873.198,7205.11
873.417,7151.38
873.635,7140.64
873.854,7110.19
874.072,7069
874.29,7226.6
874.509,7110.19
874.727,6975.88
874.945,6940.06
875.164,6914.99
875.382,6893.5
875.6,6839.77
875.818,6943.64
876.037,7065.42
876.255,6809.33
876.473,6855.89
876.691,6653.52
876.909,6716.2
877.127,6709.04
877.345,6836.19
877.563,6691.13
877.781,6911.4
877.999,6553.23
878.217,6660.68
878.435,6572.93
878.653,6465.48
878.871,6614.12
879.089,6438.62
879.307,6624.87
879.525,6402.8
879.743,6460.11
879.96,6318.63
880.178,6427.87
880.396,6409.96
880.614,6345.49
880.832,6366.98
881.049,6236.25
881.267,6350.86
881.485,6463.69
881.702,6080.44
881.92,6270.27
882.137,6084.02
882.355,6184.31
882.573,6214.76
882.79,6055.37
883.008,6182.52
883.225,5985.53
883.443,6300.72
883.66,6076.86
883.877,5856.58
884.095,6121.63
884.312,5947.92
884.53,5958.66
884.747,5989.11
884.964,5998.06
885.182,5951.5
885.399,5838.68
885.616,5919.26
885.833,5799.28
886.051,5777.79
886.268,6041.04
886.485,5756.3
886.702,5838.68
886.919,5758.09
887.136,5747.34
887.353,5752.71
887.57,5715.11
887.788,5656.01
888.005,5722.27
888.222,5731.22
888.439,5684.66
888.655,5493.04
888.872,5557.51
889.089,5557.51
889.306,5505.57
889.523,5582.58
889.74,5636.31
889.957,5514.53
890.174,5715.11
890.39,5772.41
890.607,5534.23
890.824,5424.98
891.041,5664.96
891.257,5564.67
891.474,5761.67
891.691,5568.25
891.907,5616.61
892.124,5593.33
892.34,5600.49
892.557,5702.57
892.774,5530.65
892.99,5867.33
893.207,5736.6
893.423,5457.22
893.64,5688.24
893.856,5713.31
894.072,5663.17
894.289,5775.99
894.505,5729.43
894.722,5684.66
894.938,5639.89
895.154,5793.9
895.37,5591.54
895.587,5775.99
895.803,5786.74
896.019,5763.46
896.235,5937.17
896.452,5876.28
896.668,6046.42
896.884,5919.26
897.1,5976.57
897.316,6230.88
897.532,6003.44
897.748,6024.93
897.964,6118.05
898.18,6075.07
898.396,6395.64
898.612,6143.12
898.828,6243.41
899.044,6171.78
899.26,6343.7
899.476,6381.31
899.692,6359.82
899.908,6331.16
900.123,6324
900.339,6474.43
900.555,6424.29
900.771,6517.41
900.986,6485.18
901.202,6377.73
901.418,6549.65
901.633,6435.03
901.849,6560.39
902.065,6404.59
902.28,6572.93
902.496,6336.54
902.711,6340.12
902.927,6366.98
903.143,6569.35
903.358,6363.4
903.573,6463.69
903.789,6322.21
904.004,6388.47
904.22,6243.41
904.435,6057.16
904.651,6186.1
904.866,6137.75
905.081,6044.63
905.296,6037.46
905.512,6023.13
905.727,5955.08
905.942,5761.67
906.157,5847.63
906.373,5693.62
906.588,5847.63
906.803,5777.79
907.018,5688.24
907.233,5433.94
907.448,5586.16
907.663,5455.43
907.878,5432.15
908.093,5355.14
908.308,5231.57
908.523,5116.96
908.738,5224.41
908.953,5208.29
909.168,5127.7
909.383,4989.8
909.598,5133.07
909.813,5097.26
910.027,4961.15
910.242,4912.8
910.457,4844.74
910.672,4751.62
910.887,4808.93
911.101,4665.66
911.316,4626.26
911.531,4549.25
911.745,4384.49
911.96,4434.64
912.174,4538.51
912.389,4450.75
912.604,4291.37
912.818,4359.42
913.033,4420.31
913.247,4232.27
913.462,4262.71
913.676,4051.39
913.89,4128.4
914.105,4076.46
914.319,4121.23
914.534,4037.06
914.748,4139.14
914.962,3929.61
915.177,4040.64
915.391,3825.74
915.605,4013.78
915.819,3960.06
916.034,4028.11
916.248,3886.63
916.462,3951.1
916.676,3782.76
916.89,3856.19
917.104,3714.71
917.318,3816.79
917.532,3630.54
917.746,3850.81
917.96,3711.12
918.174,3763.06
918.388,3677.1
918.602,3598.3
918.816,3551.74
919.03,3517.71
919.244,3675.31
919.458,3503.38
919.672,3567.86
919.886,3619.79
920.099,3510.55
920.313,3596.51
920.527,3367.28
920.741,3463.99
920.954,3338.62
921.168,3299.23
921.382,3320.72
921.595,3381.61
921.809,3243.71
922.023,3238.34
922.236,3211.47
922.45,3286.69
922.663,3274.15
922.877,3347.58
923.09,3324.3
923.304,3163.12
923.517,3175.66
923.731,3270.57
923.944,3091.48
924.157,3238.34
924.371,3121.93
924.584,2998.36
924.797,3035.97
925.011,3043.13
925.224,3027.01
925.437,2939.26
925.65,2942.84
925.864,2975.08
926.077,2914.19
926.29,3086.11
926.503,2962.54
926.716,2960.75
926.929,3019.85
927.142,2885.54
927.355,2828.23
927.568,3000.15
927.781,2908.82
927.994,2710.03
928.207,2749.43
928.42,2717.19
928.633,2806.74
928.846,2761.97
929.059,2647.35
929.272,2742.27
929.485,2772.71
929.697,2670.63
929.91,2570.34
930.123,2616.9
930.336,2627.65
930.549,2658.09
930.761,2581.09
930.974,2699.28
931.187,2672.42
931.399,2631.23
931.612,2618.7
931.824,2525.57
932.037,2573.92
932.249,2532.73
932.462,2421.7
932.675,2509.45
932.887,2520.2
933.099,2453.94
933.312,2459.31
933.524,2403.79
933.737,2271.27
933.949,2348.27
934.161,2351.86
934.374,2332.16
934.586,2333.95
934.798,2382.3
935.011,2283.8
935.223,2357.23
935.435,2212.17
935.647,2176.35
935.859,2176.35
936.072,2133.37
936.284,2145.91
936.496,2208.59
936.708,2240.82
936.92,2076.06
937.132,2036.66
937.344,2033.08
937.556,2016.96
937.768,2050.99
937.98,1961.45
938.192,1981.15
938.404,1972.19
938.616,1879.07
938.828,1877.28
939.039,1850.41
939.251,1854
939.463,1734.01
939.675,1622.97
939.887,1812.81
940.098,1644.46
940.31,1653.42
940.522,1662.37
940.733,1545.97
940.945,1615.81
941.157,1606.86
941.368,1495.82
941.58,1579.99
941.791,1531.64
942.003,1381.21
942.214,1529.85
942.426,1366.88
942.637,1517.31
942.849,1545.97
943.06,1452.84
943.272,1420.61
943.483,1255.85
943.694,1388.37
943.906,1277.34
944.117,1273.75
944.328,1304.2
944.54,1168.09
944.751,1298.83
944.962,1178.84
945.173,1288.08
945.384,1343.6
945.596,1207.49
945.807,1264.8
946.018,1280.92
946.229,1209.28
946.44,1248.68
946.651,1295.24
946.862,1259.43
947.073,1345.39
947.284,1259.43
947.495,1250.47
947.706,1280.92
947.917,1313.15
948.128,1270.17
948.339,1187.79
948.549,1166.3
948.76,1162.72
948.971,1261.22
949.182,1171.67
949.393,1220.03
949.603,1155.56
949.814,1139.44
950.025,1239.73
950.235,1159.14
950.446,1243.31
950.657,1200.33
950.867,1264.8
951.078,1239.73
951.288,1216.45
951.499,1288.08
951.709,1234.36
951.92,1194.96
952.13,1357.93
952.341,1187.79
952.551,1348.97
952.762,1182.42
952.972,1316.74
953.182,1184.21
953.393,1259.43
953.603,1175.26
953.813,1314.94
954.024,1259.43
954.234,1264.8
954.444,1184.21
954.654,1257.64
954.865,1184.21
955.075,1220.03
955.285,1384.79
955.495,1286.29
955.705,1320.32
955.915,1343.6
956.125,1343.6
956.335,1322.11
956.545,1187.79
956.755,1357.93
956.965,1241.52
957.175,1399.12
957.385,1148.39
957.595,1180.63
957.805,1323.9
958.015,1340.02
958.224,1218.24
958.434,1311.36
958.644,1216.45
958.854,1270.17
959.064,1225.4
959.273,1300.62
959.483,1232.56
959.693,1245.1
959.902,1196.75
960.112,1196.75
960.322,1280.92
960.531,1168.09
960.741,1223.61
960.95,1225.4
961.16,1293.45
961.369,1309.57
961.579,1211.07
961.788,1248.68
961.998,1218.24
962.207,1291.66
962.416,1270.17
962.626,1293.45
962.835,1261.22
963.044,1354.34
963.254,1239.73
963.463,1264.8
963.672,1151.98
963.881,1271.96
964.091,1128.69
964.3,1225.4
964.509,1184.21
964.718,1151.98
964.927,1280.92
965.136,1295.24
965.345,1189.58
965.554,1275.55
965.763,1205.7
965.972,1180.63
966.181,1166.3
966.39,1268.38
966.599,1182.42
966.808,1271.96
967.017,1151.98
967.226,1212.86
967.435,1114.37
967.644,1228.98
967.852,1205.7
968.061,1220.03
968.27,1225.4
968.479,1148.39
968.687,1151.98
968.896,1311.36
969.105,1132.28
969.313,1128.69
969.522,1096.46
969.731,1212.86
969.939,1125.11
970.148,1168.09
970.356,1105.41
970.565,1132.28
970.773,996.17
970.982,1135.86
971.19,1003.33
971.399,1121.53
971.607,1196.75
971.815,1057.06
972.024,1137.65
972.232,1092.88
972.44,1044.52
972.649,1010.5
972.857,1040.94
973.065,1108.99
973.273,1169.88
973.482,1073.18
973.69,992.59
973.898,1035.57
974.106,1094.67
974.314,1035.57
974.522,1098.25
974.73,1044.52
974.938,994.38
975.146,1080.34
975.354,1130.49
975.562,1139.44
975.77,951.4
975.978,1112.58
976.186,912
976.394,1048.11
976.602,1035.57
976.81,1040.94
977.018,999.75
977.225,1132.28
977.433,996.17
977.641,1058.85
977.849,971.1
978.056,1026.61
978.264,949.61
978.472,938.86
978.679,937.07
978.887,1008.71
979.094,960.35
979.302,951.4
979.51,928.12
979.717,926.33
979.925,851.11
980.132,1031.99
980.339,1001.54
980.547,933.49
980.754,877.97
980.962,983.63
981.169,938.86
981.376,958.56
981.584,903.04
981.791,1040.94
981.998,885.14
982.206,978.26
982.413,990.8
982.62,906.63
982.827,770.52
983.034,976.47
983.242,768.73
983.449,877.97
983.656,793.8
983.863,915.58
984.07,820.66
984.277,899.46
984.484,872.6
984.691,854.69
984.898,818.87
985.105,804.55
985.312,783.06
985.519,940.65
985.725,856.48
985.932,777.68
986.139,885.14
986.346,813.5
986.553,920.95
986.759,711.42
986.966,886.93
987.173,858.27
987.38,865.44
987.586,815.29
987.793,738.29
988,793.8
988.206,718.59
988.413,840.36
988.619,822.46
988.826,741.87
989.032,872.6
989.239,759.78
989.445,788.43
989.652,840.36
989.858,722.17
990.064,743.66
990.271,788.43
990.477,695.3
990.684,802.76
990.89,693.51
991.096,786.64
991.302,817.08
991.509,770.52
991.715,877.97
991.921,625.46
992.127,750.82
992.333,652.32
992.539,729.33
992.746,632.62
992.952,698.89
993.158,700.68
993.364,752.61
993.57,646.95
993.776,666.65
993.982,697.1
994.188,704.26
994.394,695.3
994.599,623.67
994.805,634.41
995.011,680.98
995.217,688.14
995.423,716.79
995.629,680.98
995.834,707.84
996.04,670.23
996.246,634.41
996.452,677.4
996.657,720.38
996.863,560.99
997.068,732.91
997.274,668.44
997.48,668.44
997.685,686.35
997.891,577.11
998.096,673.81
998.302,552.03
998.507,591.43
998.713,736.49
998.918,643.37
999.123,627.25
999.329,609.34
999.534,614.72
999.74,564.57
999.945,646.95
1000.15,593.22
1000.355,580.69
1000.561,689.93
1000.766,539.5
1000.971,663.07
1001.176,607.55
1001.381,566.36
1001.586,580.69
1001.792,530.54
1001.997,571.73
1002.202,532.34
1002.407,573.53
1002.612,627.25
1002.817,458.91
1003.022,600.39
1003.227,552.03
1003.432,638
1003.637,528.75
1003.841,559.2
1004.046,514.43
1004.251,512.64
1004.456,512.64
1004.661,500.1
1004.865,480.4
1005.07,543.08
1005.275,661.28
1005.48,381.9
1005.684,532.34
1005.889,448.16
1006.094,503.68
1006.298,466.07
1006.503,580.69
1006.707,541.29
1006.912,528.75
1007.116,448.16
1007.321,519.8
1007.525,587.85
1007.73,510.84
1007.934,414.14
1008.139,507.26
1008.343,528.75
1008.547,401.6
1008.752,441
1008.956,489.35
1009.16,406.97
1009.364,374.74
1009.569,512.64
1009.773,467.86
1009.977,433.84
1010.181,346.09
1010.385,487.56
1010.589,414.14
1010.794,448.16
1010.998,417.72
1011.202,473.24
1011.406,437.42
1011.61,410.56
1011.814,385.48
1012.018,451.75
1012.222,466.07
1012.426,419.51
1012.629,487.56
1012.833,432.05
1013.037,322.8
1013.241,390.86
1013.445,367.58
1013.649,430.26
1013.852,444.58
1014.056,444.58
1014.26,346.09
1014.463,458.91
1014.667,380.11
1014.871,398.02
1015.074,304.9
1015.278,358.62
1015.482,326.39
1015.685,423.09
1015.889,410.56
1016.092,292.36
1016.296,358.62
1016.499,371.16
1016.703,362.2
1016.906,290.57
1017.109,399.81
1017.313,297.73
1017.516,432.05
1017.719,396.23
1017.923,328.18
1018.126,313.85
1018.329,367.58
1018.532,376.53
1018.736,369.37
1018.939,342.5
1019.142,414.14
1019.345,344.29
1019.548,331.76
1019.751,385.48
1019.954,363.99
1020.157,295.94
1020.361,340.71
1020.564,369.37
1020.766,328.18
1020.969,367.58
1021.172,276.24
1021.375,252.96
1021.578,278.03
1021.781,292.36
1021.984,387.28
1022.187,295.94
1022.389,405.18
1022.592,346.09
1022.795,349.67
1022.998,240.42
1023.2,376.53
1023.403,231.47
1023.606,347.88
1023.808,274.45
1024.011,338.92
1024.214,285.2
1024.416,351.46
1024.619,256.54
1024.821,269.08
1025.024,304.9
1025.226,274.45
1025.429,179.53
1025.631,292.36
1025.833,260.12
1026.036,260.12
1026.238,319.22
1026.441,304.9
1026.643,353.25
1026.845,276.24
1027.047,297.73
1027.25,231.47
1027.452,270.87
1027.654,308.48
1027.856,267.29
1028.058,278.03
1028.261,172.37
1028.463,285.2
1028.665,333.55
1028.867,161.63
1029.069,324.59
1029.271,276.24
1029.473,245.8
1029.675,260.12
1029.877,195.65
1030.079,276.24
1030.281,213.56
1030.482,175.95
1030.684,218.93
1030.886,301.31
1031.088,213.56
1031.29,306.69
1031.491,177.74
1031.693,213.56
1031.895,197.44
1032.097,260.12
1032.298,249.38
1032.5,270.87
1032.701,127.6
1032.903,195.65
1033.105,254.75
1033.306,267.29
1033.508,267.29
1033.709,213.56
1033.911,222.52
1034.112,192.07
1034.314,201.02
1034.515,272.66
1034.716,224.31
1034.918,244.01
1035.119,192.07
1035.32,172.37
1035.522,147.3
1035.723,304.9
1035.924,172.37
1036.125,177.74
1036.327,190.28
1036.528,224.31
1036.729,156.25
1036.93,204.61
1037.131,202.82
1037.332,231.47
1037.533,183.12
1037.734,167
1037.935,70.29
1038.136,132.97
1038.337,140.14
1038.538,116.85
1038.739,244.01
1038.94,184.91
1039.141,188.49
1039.342,242.21
1039.543,172.37
1039.744,168.79
1039.944,167
1040.145,175.95
1040.346,235.05
1040.547,240.42
1040.747,120.44
1040.948,154.46
1041.149,192.07
1041.349,220.72
1041.55,113.27
1041.75,217.14
1041.951,63.13
1042.152,163.42
1042.352,167
1042.553,70.29
1042.753,158.04
1042.953,238.63
1043.154,116.85
1043.354,140.14
1043.555,141.93
1043.755,143.72
1043.955,179.53
1044.156,136.55
1044.356,145.51
1044.556,188.49
1044.756,111.48
1044.957,172.37
1045.157,104.32
1045.357,111.48
1045.557,118.64
1045.757,106.11
1045.957,125.81
1046.157,102.53
1046.357,149.09
1046.557,235.05
1046.757,141.93
1046.957,134.76
1047.157,201.02
1047.357,77.46
1047.557,159.83
1047.757,66.71
1047.957,109.69
1048.157,175.95
1048.356,102.53
1048.556,129.39
1048.756,140.14
1048.956,161.63
1049.156,152.67
1049.355,111.48
1049.555,129.39
1049.755,106.11
1049.954,81.04
1050.154,154.46
1050.353,213.56
1050.553,229.68
1050.752,63.13
1050.952,147.3
1051.151,81.04
1051.351,127.6
1051.55,107.9
1051.75,149.09
1051.949,131.18
1052.148,333.55
1052.348,145.51
1052.547,143.72
1052.746,63.13
1052.946,111.48
1053.145,27.31
1053.344,136.55
1053.543,47.01
1053.743,98.95
1053.942,45.22
1054.141,174.16
1054.34,36.27
1054.539,30.89
1054.738,120.44
1054.937,82.83
1055.136,82.83
1055.335,111.48
1055.534,61.34
1055.733,134.76
1055.932,134.76
1056.131,134.76
