194.216,-200.43
194.484,-200.43
194.753,-200.43
195.022,-173.56
195.29,0.15
195.559,18.06
195.827,-8.81
196.096,23.43
196.364,-58.95
196.633,34.18
196.901,-32.09
197.17,52.08
197.438,-32.09
197.706,-8.81
197.975,-33.88
198.243,-17.76
198.512,64.62
198.78,68.2
199.048,-8.81
199.317,64.62
199.585,147
199.853,148.79
200.122,53.88
200.39,109.39
200.658,-1.64
200.926,28.8
201.195,1.94
201.463,7.31
201.731,61.04
201.999,34.18
202.267,62.83
202.536,96.86
202.804,73.57
203.072,50.29
203.34,77.16
203.608,27.01
203.876,-89.39
204.144,18.06
204.412,-5.22
204.68,-26.71
204.948,77.16
205.216,-46.41
205.484,-24.92
205.752,68.2
206.02,-7.01
206.288,73.57
206.556,-10.6
206.824,107.6
207.092,32.38
207.36,87.9
207.628,57.46
207.896,-7.01
208.164,16.27
208.431,32.38
208.699,-7.01
208.967,52.08
209.235,77.16
209.503,100.44
209.77,-28.5
210.038,5.52
210.306,7.31
210.573,123.72
210.841,-44.62
211.109,9.1
211.377,138.05
211.644,34.18
211.912,-64.32
212.179,-5.22
212.447,-39.25
212.715,61.04
212.982,145.21
213.25,102.23
213.517,39.55
213.785,57.46
214.052,-39.25
214.32,21.64
214.587,18.06
214.855,82.53
215.122,-23.13
215.39,89.69
215.657,5.52
215.925,53.88
216.192,-39.25
216.459,5.52
216.727,53.88
216.994,-44.62
217.261,39.55
217.529,10.89
217.796,105.81
218.063,82.53
218.331,48.5
218.598,0.15
218.865,39.55
219.132,-12.39
219.399,39.55
219.667,98.65
219.934,59.25
220.201,21.64
220.468,28.8
220.735,3.73
221.002,37.76
221.27,18.06
221.537,-8.81
221.804,84.32
222.071,53.88
222.338,96.86
222.605,32.38
222.872,19.85
223.139,48.5
223.406,3.73
223.673,46.71
223.94,111.18
224.207,27.01
224.474,52.08
224.741,39.55
225.007,-7.01
225.274,93.27
225.541,69.99
225.808,-67.9
226.075,28.8
226.342,-33.88
226.609,-5.22
226.875,34.18
227.142,78.95
227.409,120.14
227.676,114.76
227.942,18.06
228.209,84.32
228.476,48.5
228.742,-30.3
229.009,62.83
229.276,96.86
229.542,-23.13
229.809,62.83
230.076,77.16
230.342,37.76
230.609,-24.92
230.875,73.57
231.142,69.99
231.408,55.67
231.675,28.8
231.941,46.71
232.208,64.62
232.474,59.25
232.741,1.94
233.007,-8.81
233.274,93.27
233.54,66.41
233.807,7.31
234.073,3.73
234.339,44.92
234.606,5.52
234.872,39.55
235.138,105.81
235.405,132.67
235.671,82.53
235.937,69.99
236.203,-7.01
236.47,41.34
236.736,43.13
237.002,-7.01
237.268,41.34
237.535,48.5
237.801,69.99
238.067,23.43
238.333,5.52
238.599,-5.22
238.865,9.1
239.131,-1.64
239.397,61.04
239.663,-5.22
239.929,14.48
240.195,-32.09
240.462,44.92
240.728,68.2
240.993,-28.5
241.259,105.81
241.525,32.38
241.791,10.89
242.057,86.11
242.323,69.99
242.589,-48.2
242.855,82.53
243.121,10.89
243.387,-19.55
243.652,66.41
243.918,14.48
244.184,-24.92
244.45,-21.34
244.716,147
244.981,-17.76
245.247,59.25
245.513,25.22
245.779,44.92
246.044,25.22
246.31,39.55
246.576,43.13
246.841,14.48
247.107,-14.18
247.373,10.89
247.638,107.6
247.904,95.07
248.169,34.18
248.435,-91.18
248.7,28.8
248.966,34.18
249.231,18.06
249.497,87.9
249.762,86.11
250.028,95.07
250.293,27.01
250.559,43.13
250.824,3.73
251.09,55.67
251.355,68.2
251.62,66.41
251.886,9.1
252.151,104.02
252.416,-30.3
252.682,28.8
252.947,93.27
253.212,64.62
253.477,18.06
253.743,120.14
254.008,84.32
254.273,55.67
254.538,-15.97
254.804,39.55
255.069,59.25
255.334,-8.81
255.599,59.25
255.864,59.25
256.129,71.78
256.394,-67.9
256.659,-19.55
256.925,25.22
257.19,14.48
257.455,123.72
257.72,93.27
257.985,89.69
258.25,100.44
258.515,41.34
258.78,14.48
259.044,59.25
259.309,-42.83
259.574,30.59
259.839,95.07
260.104,-1.64
260.369,10.89
260.634,-73.28
260.899,100.44
261.163,61.04
261.428,116.56
261.693,10.89
261.958,109.39
262.223,-69.69
262.487,-10.6
262.752,43.13
263.017,57.46
263.281,39.55
263.546,0.15
263.811,43.13
264.075,62.83
264.34,-12.39
264.605,-28.5
264.869,62.83
265.134,16.27
265.398,41.34
265.663,61.04
265.927,80.74
266.192,9.1
266.457,14.48
266.721,80.74
266.985,-39.25
267.25,7.31
267.514,28.8
267.779,37.76
268.043,125.51
268.308,39.55
268.572,98.65
268.836,19.85
269.101,39.55
269.365,25.22
269.629,125.51
269.894,48.5
270.158,69.99
270.422,32.38
270.687,10.89
270.951,53.88
271.215,87.9
271.479,-58.95
271.743,-32.09
272.008,14.48
272.272,-7.01
272.536,25.22
272.8,37.76
273.064,82.53
273.328,112.97
273.592,23.43
273.856,71.78
274.12,50.29
274.385,-7.01
274.649,-23.13
274.913,39.55
275.177,-15.97
275.441,77.16
275.704,12.69
275.968,5.52
276.232,46.71
276.496,-44.62
276.76,-1.64
277.024,109.39
277.288,19.85
277.552,-3.43
277.816,12.69
278.079,95.07
278.343,25.22
278.607,55.67
278.871,7.31
279.135,34.18
279.398,25.22
279.662,7.31
279.926,-26.71
280.189,77.16
280.453,59.25
280.717,64.62
280.98,23.43
281.244,82.53
281.508,134.46
281.771,3.73
282.035,48.5
282.298,147
282.562,125.51
282.826,30.59
283.089,-32.09
283.353,77.16
283.616,-35.67
283.88,121.93
284.143,32.38
284.407,46.71
284.67,-23.13
284.933,141.63
285.197,34.18
285.46,53.88
285.724,0.15
285.987,141.63
286.25,5.52
286.514,91.48
286.777,7.31
287.04,23.43
287.303,224.01
287.567,30.59
287.83,27.01
288.093,120.14
288.356,-32.09
288.62,28.8
288.883,39.55
289.146,12.69
289.409,48.5
289.672,-50
289.935,69.99
290.198,64.62
290.461,52.08
290.725,69.99
290.988,5.52
291.251,27.01
291.514,-62.53
291.777,89.69
292.04,19.85
292.303,-33.88
292.566,-19.55
292.829,64.62
293.091,114.76
293.354,105.81
293.617,43.13
293.88,-42.83
294.143,-12.39
294.406,-33.88
294.669,55.67
294.932,-15.97
295.194,59.25
295.457,86.11
295.72,-3.43
295.983,52.08
296.245,19.85
296.508,25.22
296.771,37.76
297.034,57.46
297.296,-28.5
297.559,-1.64
297.822,3.73
298.084,-10.6
298.347,-19.55
298.609,9.1
298.872,5.52
299.135,-14.18
299.397,-3.43
299.66,-46.41
299.922,21.64
300.185,-1.64
300.447,1.94
300.71,71.78
300.972,-17.76
301.235,-5.22
301.497,-15.97
301.759,53.88
302.022,44.92
302.284,-32.09
302.546,104.02
302.809,59.25
303.071,43.13
303.333,-14.18
303.596,7.31
303.858,71.78
304.12,7.31
304.383,23.43
304.645,-23.13
304.907,77.16
305.169,16.27
305.431,77.16
305.694,61.04
305.956,-23.13
306.218,-26.71
306.48,68.2
306.742,-30.3
307.004,32.38
307.266,138.05
307.528,132.67
307.79,75.37
308.052,84.32
308.314,-3.43
308.576,25.22
308.838,-57.16
309.1,-50
309.362,-51.79
309.624,75.37
309.886,-10.6
310.148,5.52
310.41,44.92
310.672,-5.22
310.934,53.88
311.196,-10.6
311.457,34.18
311.719,43.13
311.981,-21.34
312.243,75.37
312.504,10.89
312.766,95.07
313.028,109.39
313.29,48.5
313.551,-60.74
313.813,78.95
314.075,39.55
314.336,118.35
314.598,52.08
314.86,35.97
315.121,-15.97
315.383,-7.01
315.644,64.62
315.906,25.22
316.167,52.08
316.429,130.88
316.69,27.01
316.952,37.76
317.213,93.27
317.475,250.87
317.736,293.85
317.998,378.02
318.259,394.14
318.521,499.8
318.782,410.26
319.043,335.04
319.305,238.33
319.566,277.73
319.827,177.45
320.089,132.67
320.35,127.3
320.611,129.09
320.872,-8.81
321.134,41.34
321.395,-10.6
321.656,12.69
321.917,-58.95
322.178,-1.64
322.44,27.01
322.701,25.22
322.962,-1.64
323.223,-26.71
323.484,5.52
323.745,-12.39
324.006,89.69
324.267,37.76
324.528,35.97
324.789,-41.04
325.05,0.15
325.311,-14.18
325.572,68.2
325.833,59.25
326.094,3.73
326.355,44.92
326.616,12.69
326.877,3.73
327.138,0.15
327.398,-46.41
327.659,68.2
327.92,105.81
328.181,61.04
328.442,69.99
328.702,104.02
328.963,78.95
329.224,55.67
329.485,28.8
329.745,59.25
330.006,64.62
330.267,-8.81
330.527,37.76
330.788,-58.95
331.049,46.71
331.309,16.27
331.57,98.65
331.83,-42.83
332.091,-76.86
332.351,57.46
332.612,39.55
332.873,127.3
333.133,19.85
333.393,46.71
333.654,37.76
333.914,18.06
334.175,112.97
334.435,69.99
334.696,21.64
334.956,39.55
335.216,43.13
335.477,12.69
335.737,44.92
335.997,30.59
336.258,61.04
336.518,66.41
336.778,98.65
337.038,75.37
337.299,18.06
337.559,7.31
337.819,10.89
338.079,-12.39
338.34,0.15
338.6,-14.18
338.86,1.94
339.12,18.06
339.38,0.15
339.64,12.69
339.9,170.28
340.16,14.48
340.42,-14.18
340.68,-1.64
340.94,-105.51
341.2,16.27
341.46,-5.22
341.72,41.34
341.98,84.32
342.24,25.22
342.5,14.48
342.76,-32.09
343.02,102.23
343.28,59.25
343.54,39.55
343.799,16.27
344.059,-32.09
344.319,35.97
344.579,232.96
344.839,28.8
345.098,61.04
345.358,0.15
345.618,-8.81
345.878,3.73
346.137,173.86
346.397,18.06
346.657,77.16
346.916,62.83
347.176,136.26
347.435,-21.34
347.695,100.44
347.955,-48.2
348.214,102.23
348.474,-23.13
348.733,-12.39
348.993,27.01
349.252,82.53
349.512,68.2
349.771,16.27
350.031,93.27
350.29,1.94
350.549,43.13
350.809,100.44
351.068,-14.18
351.328,37.76
351.587,3.73
351.846,34.18
352.106,-8.81
352.365,41.34
352.624,86.11
352.883,0.15
353.143,-12.39
353.402,87.9
353.661,62.83
353.92,112.97
354.179,138.05
354.439,89.69
354.698,0.15
354.957,34.18
355.216,-48.2
355.475,43.13
355.734,14.48
355.993,102.23
356.252,-8.81
356.511,96.86
356.77,62.83
357.029,-8.81
357.288,35.97
357.547,9.1
357.806,57.46
358.065,98.65
358.324,52.08
358.583,109.39
358.842,28.8
359.101,19.85
359.36,44.92
359.619,35.97
359.877,-17.76
360.136,34.18
360.395,-5.22
360.654,64.62
360.913,44.92
361.171,-24.92
361.43,44.92
361.689,46.71
361.947,23.43
362.206,-14.18
362.465,114.76
362.723,75.37
362.982,57.46
363.241,7.31
363.499,59.25
363.758,16.27
364.016,10.89
364.275,-30.3
364.533,1.94
364.792,107.6
365.05,111.18
365.309,118.35
365.567,55.67
365.826,71.78
366.084,105.81
366.343,14.48
366.601,50.29
366.86,109.39
367.118,27.01
367.376,16.27
367.635,73.57
367.893,48.5
368.151,-35.67
368.409,37.76
368.668,-3.43
368.926,-3.43
369.184,-33.88
369.442,19.85
369.701,93.27
369.959,7.31
370.217,25.22
370.475,50.29
370.733,55.67
370.991,16.27
371.25,-5.22
371.508,21.64
371.766,5.52
372.024,9.1
372.282,-10.6
372.54,43.13
372.798,52.08
373.056,-1.64
373.314,46.71
373.572,118.35
373.83,41.34
374.088,-10.6
374.345,98.65
374.603,64.62
374.861,61.04
375.119,62.83
375.377,-28.5
375.635,27.01
375.893,127.3
376.15,104.02
376.408,87.9
376.666,59.25
376.924,148.79
377.181,52.08
377.439,86.11
377.697,154.16
377.954,7.31
378.212,37.76
378.47,46.71
378.727,55.67
378.985,-14.18
379.243,9.1
379.5,18.06
379.758,96.86
380.015,141.63
380.273,-48.2
380.53,96.86
380.788,82.53
381.045,82.53
381.303,55.67
381.56,68.2
381.818,129.09
382.075,71.78
382.332,64.62
382.59,77.16
382.847,139.84
383.105,98.65
383.362,55.67
383.619,48.5
383.876,27.01
384.134,10.89
384.391,44.92
384.648,34.18
384.905,44.92
385.163,12.69
385.42,0.15
385.677,14.48
385.934,138.05
386.191,104.02
386.449,170.28
386.706,266.99
386.963,578.6
387.22,1794.6
387.477,3395.63
387.734,5897.48
387.991,9076.26
388.248,12366.09
388.505,13703.87
388.762,13648.35
389.019,12095.67
389.276,7971.3
389.533,5619.89
389.79,4676.1
390.047,4219.43
390.304,4058.25
390.56,3469.06
390.817,2972.99
391.074,2136.65
391.331,1273.46
391.588,687.84
391.844,372.65
392.101,159.54
392.358,125.51
392.615,220.43
392.871,69.99
393.128,91.48
393.385,78.95
393.641,129.09
393.898,91.48
394.155,55.67
394.411,77.16
394.668,-5.22
394.925,66.41
395.181,52.08
395.438,120.14
395.694,159.54
395.951,218.64
396.207,215.05
396.464,204.31
396.72,188.19
396.977,136.26
397.233,96.86
397.489,48.5
397.746,121.93
398.002,50.29
398.259,116.56
398.515,35.97
398.771,27.01
399.028,-41.04
399.284,9.1
399.54,3.73
399.796,16.27
400.053,-19.55
400.309,100.44
400.565,64.62
400.821,64.62
401.078,129.09
401.334,168.49
401.59,231.17
401.846,338.62
402.102,410.26
402.358,338.62
402.614,297.43
402.87,318.92
403.126,172.07
403.382,211.47
403.638,150.58
403.894,172.07
404.15,175.65
404.406,152.37
404.662,82.53
404.918,84.32
405.174,84.32
405.43,118.35
405.686,-3.43
405.942,121.93
406.198,41.34
406.454,98.65
406.709,82.53
406.965,100.44
407.221,84.32
407.477,27.01
407.732,9.1
407.988,89.69
408.244,1.94
408.5,-12.39
408.755,5.52
409.011,139.84
409.267,14.48
409.522,-10.6
409.778,82.53
410.033,141.63
410.289,50.29
410.545,-37.46
410.8,28.8
411.056,39.55
411.311,48.5
411.567,145.21
411.822,62.83
412.078,62.83
412.333,7.31
412.588,1.94
412.844,-17.76
413.099,177.45
413.355,5.52
413.61,55.67
413.865,7.31
414.121,89.69
414.376,41.34
414.631,80.74
414.887,27.01
415.142,98.65
415.397,25.22
415.652,102.23
415.907,50.29
416.163,27.01
416.418,102.23
416.673,78.95
416.928,75.37
417.183,-8.81
417.438,34.18
417.693,68.2
417.949,-44.62
418.204,-7.01
418.459,-8.81
418.714,16.27
418.969,28.8
419.224,62.83
419.479,52.08
419.734,-1.64
419.989,-46.41
420.243,27.01
420.498,41.34
420.753,89.69
421.008,23.43
421.263,7.31
421.518,52.08
421.773,12.69
422.027,25.22
422.282,61.04
422.537,-37.46
422.792,7.31
423.047,-12.39
423.301,-10.6
423.556,-53.58
423.811,145.21
424.065,48.5
424.32,78.95
424.575,25.22
424.829,53.88
425.084,25.22
425.338,30.59
425.593,-8.81
425.848,121.93
426.102,39.55
426.357,18.06
426.611,35.97
426.866,9.1
427.12,44.92
427.374,78.95
427.629,28.8
427.883,87.9
428.138,75.37
428.392,-42.83
428.646,30.59
428.901,-1.64
429.155,57.46
429.409,-67.9
429.664,62.83
429.918,28.8
430.172,23.43
430.427,41.34
430.681,0.15
430.935,-48.2
431.189,12.69
431.443,136.26
431.698,-26.71
431.952,19.85
432.206,39.55
432.46,23.43
432.714,-48.2
432.968,25.22
433.222,34.18
433.476,-3.43
433.73,78.95
433.984,53.88
434.238,104.02
434.492,55.67
434.746,53.88
435,209.68
435.254,154.16
435.508,189.98
435.762,181.03
436.016,211.47
436.27,139.84
436.523,25.22
436.777,10.89
437.031,96.86
437.285,96.86
437.539,147
437.792,129.09
438.046,139.84
438.3,121.93
438.553,197.14
438.807,57.46
439.061,123.72
439.314,64.62
439.568,134.46
439.822,89.69
440.075,116.56
440.329,25.22
440.582,95.07
440.836,-15.97
441.09,3.73
441.343,132.67
441.597,32.38
441.85,104.02
442.103,102.23
442.357,10.89
442.61,75.37
442.864,3.73
443.117,25.22
443.371,14.48
443.624,132.67
443.877,43.13
444.131,71.78
444.384,-57.16
444.637,27.01
444.89,86.11
445.144,52.08
445.397,23.43
445.65,320.71
445.903,671.72
446.157,1126.6
446.41,1619.09
446.663,2310.37
446.916,2580.79
447.169,2641.68
447.422,2339.02
447.675,1577.9
447.928,1185.7
448.181,1085.41
448.435,983.34
448.688,734.4
448.941,737.99
449.194,677.1
449.446,501.59
449.699,397.72
449.952,136.26
450.205,80.74
450.458,96.86
450.711,48.5
450.964,43.13
451.217,30.59
451.47,35.97
451.722,53.88
451.975,1.94
452.228,48.5
452.481,53.88
452.733,52.08
452.986,-17.76
453.239,75.37
453.492,34.18
453.744,61.04
453.997,25.22
454.25,68.2
454.502,0.15
454.755,30.59
455.007,28.8
455.26,93.27
455.513,129.09
455.765,-23.13
456.018,10.89
456.27,116.56
456.523,55.67
456.775,-26.71
457.028,130.88
457.28,100.44
457.532,-60.74
457.785,73.57
458.037,3.73
458.29,-3.43
458.542,-8.81
458.794,10.89
459.047,86.11
459.299,-10.6
459.551,75.37
459.803,55.67
460.056,100.44
460.308,80.74
460.56,57.46
460.812,-17.76
461.064,19.85
461.317,37.76
461.569,121.93
461.821,84.32
462.073,10.89
462.325,95.07
462.577,53.88
462.829,9.1
463.081,23.43
463.333,39.55
463.585,28.8
463.837,53.88
464.089,86.11
464.341,104.02
464.593,86.11
464.845,105.81
465.097,68.2
465.349,52.08
465.601,57.46
465.852,66.41
466.104,95.07
466.356,64.62
466.608,78.95
466.86,105.81
467.111,43.13
467.363,132.67
467.615,37.76
467.867,55.67
468.118,-23.13
468.37,66.41
468.622,61.04
468.873,32.38
469.125,77.16
469.376,123.72
469.628,78.95
469.88,14.48
470.131,222.22
470.383,331.46
470.634,404.89
470.886,571.44
471.137,668.14
471.389,582.18
471.64,583.97
471.892,440.7
472.143,263.41
472.394,344
472.646,197.14
472.897,236.54
473.148,215.05
473.4,102.23
473.651,263.41
473.902,161.33
474.154,105.81
474.405,84.32
474.656,143.42
474.907,87.9
475.159,7.31
475.41,-26.71
475.661,-58.95
475.912,84.32
476.163,28.8
476.414,37.76
476.665,-67.9
476.917,-41.04
477.168,19.85
477.419,-12.39
477.67,50.29
477.921,129.09
478.172,46.71
478.423,116.56
478.674,68.2
478.925,44.92
479.176,80.74
479.426,57.46
479.677,86.11
479.928,68.2
480.179,-28.5
480.43,100.44
480.681,-33.88
480.932,105.81
481.182,71.78
481.433,37.76
481.684,55.67
481.935,-50
482.185,5.52
482.436,148.79
482.687,78.95
482.937,-19.55
483.188,-15.97
483.439,95.07
483.689,130.88
483.94,69.99
484.19,71.78
484.441,173.86
484.692,39.55
484.942,-35.67
485.193,-15.97
485.443,166.7
485.694,118.35
485.944,75.37
486.194,59.25
486.445,138.05
486.695,32.38
486.946,46.71
487.196,125.51
487.446,562.48
487.697,100.44
487.947,118.35
488.197,104.02
488.448,107.6
488.698,211.47
488.948,134.46
489.198,104.02
489.449,168.49
489.699,127.3
489.949,118.35
490.199,163.12
490.449,218.64
490.699,129.09
490.949,331.46
491.2,609.04
491.45,822.16
491.7,1185.7
491.95,1391.65
492.2,1328.97
492.45,1355.84
492.7,1090.79
492.95,763.06
493.2,594.72
493.45,519.5
493.699,490.85
493.949,397.72
494.199,311.76
494.449,306.39
494.699,222.22
494.949,197.14
495.199,225.8
495.448,182.82
495.698,134.46
495.948,198.94
496.198,35.97
496.447,35.97
496.697,93.27
496.947,37.76
497.196,159.54
497.446,91.48
497.696,12.69
497.945,80.74
498.195,132.67
498.444,61.04
498.694,-37.46
498.944,152.37
499.193,75.37
499.443,129.09
499.692,75.37
499.942,48.5
500.191,351.16
500.44,1314.65
500.69,2204.71
500.939,3281.02
501.189,4339.42
501.438,5277.84
501.687,5136.36
501.937,4686.85
502.186,3060.74
502.435,2211.87
502.685,1703.26
502.934,1484.78
503.183,1397.03
503.432,1307.48
503.682,1237.64
503.931,1015.57
504.18,866.93
504.429,575.02
504.678,426.38
504.927,352.95
505.176,245.5
505.426,227.59
505.675,168.49
505.924,154.16
506.173,96.86
506.422,147
506.671,84.32
506.92,82.53
507.169,82.53
507.418,107.6
507.667,78.95
507.915,66.41
508.164,57.46
508.413,-24.92
508.662,52.08
508.911,12.69
509.16,21.64
509.408,52.08
509.657,28.8
509.906,-71.49
510.155,-44.62
510.404,-44.62
510.652,18.06
510.901,91.48
511.15,-19.55
511.398,-12.39
511.647,5.52
511.896,89.69
512.144,48.5
512.393,111.18
512.641,-17.76
512.89,116.56
513.138,64.62
513.387,-5.22
513.635,-46.41
513.884,28.8
514.132,3.73
514.381,-5.22
514.629,50.29
514.878,61.04
515.126,-26.71
515.374,39.55
515.623,50.29
515.871,23.43
516.119,-14.18
516.368,104.02
516.616,7.31
516.864,16.27
517.113,3.73
517.361,52.08
517.609,-21.34
517.857,5.52
518.105,18.06
518.354,93.27
518.602,-35.67
518.85,95.07
519.098,9.1
519.346,132.67
519.594,-33.88
519.842,-26.71
520.09,3.73
520.338,39.55
520.586,-53.58
520.834,0.15
521.082,14.48
521.33,68.2
521.578,43.13
521.826,64.62
522.074,5.52
522.322,84.32
522.57,53.88
522.817,62.83
523.065,120.14
523.313,12.69
523.561,9.1
523.809,-17.76
524.056,-33.88
524.304,66.41
524.552,-23.13
524.8,86.11
525.047,39.55
525.295,96.86
525.543,-46.41
525.79,44.92
526.038,23.43
526.285,57.46
526.533,71.78
526.781,82.53
527.028,61.04
527.276,61.04
527.523,12.69
527.771,16.27
528.018,35.97
528.266,96.86
528.513,-60.74
528.76,41.34
529.008,71.78
529.255,-37.46
529.502,-7.01
529.75,-39.25
529.997,34.18
530.244,5.52
530.492,9.1
530.739,19.85
530.986,35.97
531.234,16.27
531.481,-12.39
531.728,-21.34
531.975,-37.46
532.222,9.1
532.469,-28.5
532.717,100.44
532.964,-15.97
533.211,116.56
533.458,43.13
533.705,-23.13
533.952,59.25
534.199,1.94
534.446,78.95
534.693,19.85
534.94,66.41
535.187,7.31
535.434,18.06
535.681,152.37
535.928,59.25
536.174,61.04
536.421,-5.22
536.668,61.04
536.915,-14.18
537.162,82.53
537.409,35.97
537.655,53.88
537.902,10.89
538.149,109.39
538.396,28.8
538.642,148.79
538.889,-3.43
539.136,96.86
539.382,96.86
539.629,48.5
539.875,173.86
540.122,93.27
540.369,154.16
540.615,139.84
540.862,148.79
541.108,161.33
541.355,263.41
541.601,340.41
541.848,318.92
542.094,309.97
542.341,358.32
542.587,474.73
542.833,429.96
543.08,444.28
543.326,419.21
543.572,463.98
543.819,508.76
544.065,521.29
544.311,467.57
544.558,336.83
544.804,485.47
545.05,478.31
545.296,302.81
545.542,465.77
545.789,399.51
546.035,510.55
546.281,345.79
546.527,283.11
546.773,356.53
547.019,299.22
547.265,247.29
547.511,150.58
547.757,186.4
548.003,209.68
548.249,134.46
548.495,232.96
548.741,173.86
548.987,152.37
549.233,132.67
549.479,141.63
549.725,107.6
549.971,118.35
550.217,89.69
550.463,172.07
550.708,170.28
550.954,66.41
551.2,240.13
551.446,68.2
551.691,98.65
551.937,148.79
552.183,164.91
552.429,57.46
552.674,53.88
552.92,116.56
553.165,109.39
553.411,52.08
553.657,87.9
553.902,28.8
554.148,96.86
554.393,86.11
554.639,61.04
554.884,129.09
555.13,41.34
555.375,111.18
555.621,5.52
555.866,32.38
556.112,12.69
556.357,-5.22
556.602,78.95
556.848,55.67
557.093,-28.5
557.338,84.32
557.584,14.48
557.829,52.08
558.074,-23.13
558.32,34.18
558.565,-37.46
558.81,59.25
559.055,32.38
559.3,48.5
559.546,44.92
559.791,-37.46
560.036,71.78
560.281,14.48
560.526,-41.04
560.771,104.02
561.016,59.25
561.261,-73.28
561.506,19.85
561.751,7.31
561.996,-7.01
562.241,53.88
562.486,-30.3
562.731,66.41
562.976,59.25
563.221,-1.64
563.466,104.02
563.71,44.92
563.955,0.15
564.2,100.44
564.445,55.67
564.69,-32.09
564.934,10.89
565.179,62.83
565.424,-33.88
565.669,41.34
565.913,-7.01
566.158,21.64
566.403,-8.81
566.647,14.48
566.892,-44.62
567.136,19.85
567.381,52.08
567.626,98.65
567.87,30.59
568.115,19.85
568.359,-5.22
568.604,61.04
568.848,52.08
569.093,-32.09
569.337,16.27
569.581,78.95
569.826,21.64
570.07,100.44
570.315,-7.01
570.559,61.04
570.803,-33.88
571.048,12.69
571.292,52.08
571.536,69.99
571.78,104.02
572.025,175.65
572.269,66.41
572.513,32.38
572.757,84.32
573.001,18.06
573.245,86.11
573.49,100.44
573.734,71.78
573.978,80.74
574.222,35.97
574.466,52.08
574.71,37.76
574.954,148.79
575.198,50.29
575.442,5.52
575.686,-3.43
575.93,71.78
576.174,27.01
576.418,130.88
576.661,116.56
576.905,71.78
577.149,163.12
577.393,37.76
577.637,14.48
577.881,82.53
578.124,105.81
578.368,116.56
578.612,100.44
578.856,130.88
579.099,143.42
579.343,112.97
579.587,118.35
579.83,112.97
580.074,104.02
580.318,66.41
580.561,163.12
580.805,136.26
581.048,148.79
581.292,39.55
581.535,68.2
581.779,52.08
582.022,148.79
582.266,102.23
582.509,121.93
582.753,118.35
582.996,204.31
583.239,141.63
583.483,200.73
583.726,241.92
583.969,207.89
584.213,215.05
584.456,148.79
584.699,317.13
584.943,202.52
585.186,309.97
585.429,413.84
585.672,446.08
585.915,720.08
586.159,1389.86
586.402,5071.89
586.645,13694.91
586.888,24943.35
587.131,37694.33
587.374,49017.98
587.617,57567.58
587.86,60150.01
588.103,58760.3
588.346,51485.79
588.589,38992.7
588.832,29699.89
589.075,23601.99
589.318,20310.38
589.561,17633.03
589.804,15792.02
590.047,12957.07
590.29,10127.5
590.532,7256.74
590.775,4864.14
591.018,3055.37
591.261,2029.2
591.504,1205.4
591.746,908.12
591.989,664.56
592.232,412.05
592.474,447.87
592.717,354.74
592.96,363.7
593.202,388.77
593.445,311.76
593.688,268.78
593.93,308.18
594.173,188.19
594.415,236.54
594.658,175.65
594.9,265.2
595.143,155.95
595.385,129.09
595.628,155.95
595.87,136.26
596.112,123.72
596.355,98.65
596.597,120.14
596.84,91.48
597.082,170.28
597.324,157.75
597.567,102.23
597.809,91.48
598.051,98.65
598.293,98.65
598.536,130.88
598.778,96.86
599.02,77.16
599.262,220.43
599.504,73.57
599.746,93.27
599.988,107.6
600.231,84.32
600.473,66.41
600.715,21.64
600.957,37.76
601.199,9.1
601.441,191.77
601.683,-10.6
601.925,59.25
602.167,64.62
602.409,39.55
602.65,173.86
602.892,28.8
603.134,46.71
603.376,66.41
603.618,14.48
603.86,71.78
604.101,41.34
604.343,32.38
604.585,78.95
604.827,9.1
605.068,87.9
605.31,-26.71
605.552,78.95
605.794,-15.97
606.035,18.06
606.277,14.48
606.518,46.71
606.76,23.43
607.002,59.25
607.243,39.55
607.485,59.25
607.726,82.53
607.968,118.35
608.209,10.89
608.451,139.84
608.692,147
608.933,61.04
609.175,43.13
609.416,136.26
609.658,121.93
609.899,89.69
610.14,157.75
610.382,238.33
610.623,356.53
610.864,320.71
611.105,444.28
611.347,403.09
611.588,340.41
611.829,421
612.07,395.93
612.311,363.7
612.553,283.11
612.794,318.92
613.035,367.28
613.276,261.62
613.517,266.99
613.758,404.89
613.999,218.64
614.24,211.47
614.481,150.58
614.722,222.22
614.963,236.54
615.204,114.76
615.445,96.86
615.686,84.32
615.927,170.28
616.167,166.7
616.408,77.16
616.649,71.78
616.89,120.14
617.131,66.41
617.372,39.55
617.612,62.83
617.853,69.99
618.094,116.56
618.334,114.76
618.575,111.18
618.816,37.76
619.056,102.23
619.297,132.67
619.538,123.72
619.778,86.11
620.019,50.29
620.259,64.62
620.5,32.38
620.74,64.62
620.981,52.08
621.221,52.08
621.462,138.05
621.702,111.18
621.943,102.23
622.183,78.95
622.423,71.78
622.664,43.13
622.904,182.82
623.144,100.44
623.385,102.23
623.625,116.56
623.865,84.32
624.105,68.2
624.346,12.69
624.586,-24.92
624.826,3.73
625.066,141.63
625.306,121.93
625.546,112.97
625.787,28.8
626.027,39.55
626.267,112.97
626.507,59.25
626.747,48.5
626.987,1.94
627.227,111.18
627.467,12.69
627.707,71.78
627.947,12.69
628.187,43.13
628.427,68.2
628.666,84.32
628.906,-41.04
629.146,130.88
629.386,16.27
629.626,50.29
629.866,-37.46
630.105,61.04
630.345,139.84
630.585,150.58
630.825,69.99
631.064,95.07
631.304,50.29
631.544,89.69
631.783,-1.64
632.023,134.46
632.262,14.48
632.502,145.21
632.742,-24.92
632.981,12.69
633.221,98.65
633.46,16.27
633.7,35.97
633.939,89.69
634.179,-37.46
634.418,73.57
634.657,-21.34
634.897,5.52
635.136,129.09
635.376,1.94
635.615,78.95
635.854,1.94
636.094,62.83
636.333,44.92
636.572,61.04
636.811,84.32
637.051,14.48
637.29,-19.55
637.529,-78.65
637.768,64.62
638.007,69.99
638.246,73.57
638.486,7.31
638.725,87.9
638.964,73.57
639.203,105.81
639.442,28.8
639.681,41.34
639.92,14.48
640.159,25.22
640.398,5.52
640.637,120.14
640.876,102.23
641.114,-15.97
641.353,64.62
641.592,55.67
641.831,73.57
642.07,-24.92
642.309,77.16
642.548,102.23
642.786,116.56
643.025,175.65
643.264,-7.01
643.502,55.67
643.741,18.06
643.98,107.6
644.219,25.22
644.457,73.57
644.696,-58.95
644.934,86.11
645.173,123.72
645.412,86.11
645.65,89.69
645.889,73.57
646.127,-69.69
646.366,161.33
646.604,52.08
646.842,-42.83
647.081,121.93
647.319,86.11
647.558,104.02
647.796,-24.92
648.034,66.41
648.273,55.67
648.511,55.67
648.749,-57.16
648.988,-3.43
649.226,104.02
649.464,19.85
649.702,9.1
649.941,-26.71
650.179,28.8
650.417,68.2
650.655,9.1
650.893,35.97
651.131,82.53
651.369,55.67
651.607,32.38
651.845,39.55
652.083,48.5
652.321,57.46
652.559,148.79
652.797,35.97
653.035,0.15
653.273,-8.81
653.511,19.85
653.749,-37.46
653.987,-15.97
654.225,84.32
654.463,-8.81
654.701,37.76
654.938,102.23
655.176,-26.71
655.414,87.9
655.652,37.76
655.889,-46.41
656.127,-10.6
656.365,68.2
656.602,57.46
656.84,93.27
657.078,-32.09
657.315,61.04
657.553,21.64
657.79,5.52
658.028,66.41
658.266,39.55
658.503,68.2
658.741,102.23
658.978,52.08
659.215,3.73
659.453,18.06
659.69,82.53
659.928,78.95
660.165,14.48
660.402,50.29
660.64,39.55
660.877,39.55
661.114,37.76
661.352,95.07
661.589,44.92
661.826,0.15
662.063,21.64
662.301,39.55
662.538,50.29
662.775,96.86
663.012,41.34
663.249,-26.71
663.486,-7.01
663.723,55.67
663.961,125.51
664.198,1.94
664.435,53.88
664.672,73.57
664.909,44.92
665.146,71.78
665.383,136.26
665.619,86.11
665.856,71.78
666.093,28.8
666.33,191.77
666.567,374.44
666.804,1126.6
667.041,2519.9
667.278,4704.76
667.514,6671.13
667.751,8879.27
667.988,10795.5
668.225,11875.39
668.461,11416.93
668.698,10537.61
668.935,9129.99
669.171,7738.49
669.408,6359.52
669.644,5263.51
669.881,4300.02
670.118,3571.14
670.354,2937.17
670.591,2297.83
670.827,1617.3
671.064,1171.38
671.3,705.75
671.537,467.57
671.773,385.19
672.01,234.75
672.246,125.51
672.482,193.56
672.719,82.53
672.955,98.65
673.191,16.27
673.428,129.09
673.664,62.83
673.9,82.53
674.136,5.52
674.373,43.13
674.609,9.1
674.845,41.34
675.081,10.89
675.317,55.67
675.553,-12.39
675.79,57.46
676.026,48.5
676.262,-7.01
676.498,41.34
676.734,78.95
676.97,-15.97
677.206,77.16
677.442,37.76
677.678,16.27
677.914,-15.97
678.15,-8.81
678.386,-37.46
678.621,7.31
678.857,82.53
679.093,-12.39
679.329,23.43
679.565,80.74
679.8,1.94
680.036,39.55
680.272,21.64
680.508,21.64
680.743,0.15
680.979,28.8
681.215,25.22
681.45,-58.95
681.686,-55.37
681.922,30.59
682.157,-26.71
682.393,39.55
682.628,-30.3
682.864,71.78
683.099,-46.41
683.335,78.95
683.57,-92.98
683.806,37.76
684.041,27.01
684.277,21.64
684.512,-23.13
684.747,102.23
684.983,89.69
685.218,52.08
685.453,12.69
685.689,48.5
685.924,50.29
686.159,118.35
686.394,0.15
686.63,9.1
686.865,-23.13
687.1,44.92
687.335,64.62
687.57,52.08
687.806,-57.16
688.041,34.18
688.276,39.55
688.511,1.94
688.746,-24.92
688.981,9.1
689.216,1.94
689.451,104.02
689.686,28.8
689.921,43.13
690.156,-57.16
690.391,21.64
690.625,86.11
690.86,48.5
691.095,-15.97
691.33,84.32
691.565,9.1
691.8,84.32
692.034,27.01
692.269,34.18
692.504,105.81
692.739,21.64
692.973,-44.62
693.208,1.94
693.443,-12.39
693.677,127.3
693.912,-1.64
694.146,1.94
694.381,25.22
694.616,61.04
694.85,-1.64
695.085,120.14
695.319,-50
695.554,-3.43
695.788,25.22
696.023,-12.39
696.257,66.41
696.491,-12.39
696.726,35.97
696.96,-10.6
697.194,3.73
697.429,50.29
697.663,46.71
697.897,87.9
698.132,61.04
698.366,21.64
698.6,69.99
698.834,-32.09
699.068,35.97
699.303,46.71
699.537,-37.46
699.771,91.48
700.005,28.8
700.239,120.14
700.473,64.62
700.707,84.32
700.941,48.5
701.175,-58.95
701.409,116.56
701.643,52.08
701.877,48.5
702.111,30.59
702.345,52.08
702.579,75.37
702.813,18.06
703.047,16.27
703.281,93.27
703.514,64.62
703.748,107.6
703.982,82.53
704.216,82.53
704.449,91.48
704.683,41.34
704.917,224.01
705.15,308.18
705.384,899.16
705.618,2201.13
705.851,4522.09
706.085,8427.97
706.319,11979.26
706.552,15852.91
706.786,19771.32
707.019,21494.14
707.253,20670.34
707.486,18951.11
707.72,17505.88
707.953,15496.52
708.187,13492.54
708.42,10953.09
708.653,8804.05
708.887,6896.78
709.12,5301.12
709.353,3968.71
709.587,2860.16
709.82,1846.53
710.053,1284.2
710.286,782.76
710.52,521.29
710.753,397.72
710.986,198.94
711.219,175.65
711.452,25.22
711.686,91.48
711.919,136.26
712.152,152.37
712.385,107.6
712.618,50.29
712.851,91.48
713.084,73.57
713.317,25.22
713.55,66.41
713.783,19.85
714.016,34.18
714.249,147
714.482,3.73
714.714,57.46
714.947,109.39
715.18,69.99
715.413,-3.43
715.646,10.89
715.878,23.43
716.111,7.31
716.344,141.63
716.577,25.22
716.809,-17.76
717.042,-7.01
717.275,87.9
717.507,23.43
717.74,18.06
717.973,7.31
718.205,41.34
718.438,35.97
718.67,-71.49
718.903,86.11
719.135,-1.64
719.368,73.57
719.6,19.85
719.833,59.25
720.065,-12.39
720.297,-15.97
720.53,64.62
720.762,44.92
720.995,50.29
721.227,78.95
721.459,62.83
721.691,30.59
721.924,0.15
722.156,44.92
722.388,-105.51
722.62,109.39
722.853,-50
723.085,-23.13
723.317,21.64
723.549,28.8
723.781,-24.92
724.013,-62.53
724.245,80.74
724.477,-51.79
724.709,52.08
724.941,78.95
725.173,-17.76
725.405,53.88
725.637,5.52
725.869,32.38
726.101,30.59
726.333,32.38
726.565,100.44
726.797,62.83
727.028,75.37
727.26,186.4
727.492,361.9
727.724,678.89
727.956,915.28
728.187,1246.59
728.419,1574.32
728.651,1737.29
728.882,1524.18
729.114,1502.69
729.346,1330.76
729.577,1251.97
729.809,1164.21
730.04,879.47
730.272,772.01
730.503,646.65
730.735,446.08
730.966,369.07
731.198,224.01
731.429,141.63
731.661,121.93
731.892,107.6
732.124,61.04
732.355,-46.41
732.586,34.18
732.818,62.83
733.049,73.57
733.28,-21.34
733.512,61.04
733.743,84.32
733.974,73.57
734.205,46.71
734.436,-8.81
734.668,39.55
734.899,12.69
735.13,25.22
735.361,39.55
735.592,16.27
735.823,-85.81
736.054,48.5
736.285,-32.09
736.516,-14.18
736.747,21.64
736.978,34.18
737.209,-101.93
737.44,0.15
737.671,-55.37
737.902,69.99
738.133,-12.39
738.364,-26.71
738.594,12.69
738.825,21.64
739.056,62.83
739.287,118.35
739.518,68.2
739.748,-12.39
739.979,19.85
740.21,5.52
740.44,-17.76
740.671,43.13
740.902,43.13
741.132,-1.64
741.363,-12.39
741.593,18.06
741.824,-26.71
742.055,77.16
742.285,9.1
742.516,-39.25
742.746,-14.18
742.976,25.22
743.207,5.52
743.437,46.71
743.668,-24.92
743.898,-37.46
744.128,-14.18
744.359,5.52
744.589,14.48
744.819,21.64
745.05,48.5
745.28,62.83
745.51,-26.71
745.74,9.1
745.971,1.94
746.201,69.99
746.431,-23.13
746.661,100.44
746.891,-28.5
747.121,71.78
747.351,23.43
747.581,37.76
747.811,-33.88
748.041,16.27
748.271,34.18
748.501,71.78
748.731,39.55
748.961,75.37
749.191,28.8
749.421,77.16
749.651,109.39
749.881,10.89
750.111,-39.25
750.34,30.59
750.57,-1.64
750.8,-21.34
751.03,21.64
751.259,100.44
751.489,-7.01
751.719,19.85
751.949,-76.86
752.178,-19.55
752.408,-51.79
752.637,19.85
752.867,5.52
753.097,-10.6
753.326,14.48
753.556,27.01
753.785,-12.39
754.015,77.16
754.244,-46.41
754.474,-15.97
754.703,1.94
754.932,21.64
755.162,-37.46
755.391,-10.6
755.621,34.18
755.85,-57.16
756.079,41.34
756.309,-55.37
756.538,-10.6
756.767,9.1
756.996,48.5
757.225,-15.97
757.455,18.06
757.684,50.29
757.913,-7.01
758.142,-73.28
758.371,44.92
758.6,-32.09
758.829,-26.71
759.058,1.94
759.287,-30.3
759.516,100.44
759.745,-35.67
759.974,0.15
760.203,-46.41
760.432,66.41
760.661,16.27
760.89,9.1
761.119,84.32
761.348,7.31
761.577,71.78
761.805,-85.81
762.034,-71.49
762.263,-37.46
762.492,30.59
762.721,16.27
762.949,-91.18
763.178,77.16
763.407,98.65
763.635,43.13
763.864,-78.65
764.092,-60.74
764.321,-30.3
764.55,-51.79
764.778,34.18
765.007,-26.71
765.235,-64.32
765.464,-8.81
765.692,-73.28
765.921,-69.69
766.149,-14.18
766.377,91.48
766.606,-15.97
766.834,-19.55
767.062,18.06
767.291,37.76
767.519,77.16
767.747,-23.13
767.976,57.46
768.204,-42.83
768.432,50.29
768.66,48.5
768.889,-41.04
769.117,-1.64
769.345,-55.37
769.573,-5.22
769.801,27.01
770.029,50.29
770.257,73.57
770.485,68.2
770.713,0.15
770.941,-15.97
771.169,-41.04
771.397,39.55
771.625,-7.01
771.853,34.18
772.081,-30.3
772.309,-7.01
772.537,-7.01
772.765,19.85
772.992,-58.95
773.22,44.92
773.448,1.94
773.676,-5.22
773.903,-66.11
774.131,-12.39
774.359,-21.34
774.586,-3.43
774.814,18.06
775.042,55.67
775.269,61.04
775.497,-58.95
775.725,10.89
775.952,-28.5
776.18,44.92
776.407,71.78
776.635,-5.22
776.862,28.8
777.09,-1.64
777.317,32.38
777.544,-33.88
777.772,-10.6
777.999,-62.53
778.227,19.85
778.454,-78.65
778.681,21.64
778.908,-14.18
779.136,-24.92
779.363,-44.62
779.59,19.85
779.817,-5.22
780.045,-12.39
780.272,-60.74
780.499,12.69
780.726,-44.62
780.953,-7.01
781.18,50.29
781.407,50.29
781.634,5.52
781.861,-1.64
782.088,-26.71
782.315,-26.71
782.542,-23.13
782.769,12.69
782.996,30.59
783.223,14.48
783.45,21.64
783.677,69.99
783.904,23.43
784.13,0.15
784.357,-12.39
784.584,66.41
784.811,-48.2
785.038,107.6
785.264,48.5
785.491,21.64
785.718,-92.98
785.944,0.15
786.171,116.56
786.398,37.76
786.624,-69.69
786.851,-55.37
787.077,-51.79
787.304,-14.18
787.53,53.88
787.757,71.78
787.983,-46.41
788.21,30.59
788.436,66.41
788.663,-92.98
788.889,5.52
789.115,25.22
789.342,-35.67
789.568,3.73
789.794,-73.28
790.021,5.52
790.247,50.29
790.473,-23.13
790.699,-82.23
790.926,37.76
791.152,-30.3
791.378,-30.3
791.604,12.69
791.83,39.55
792.056,-14.18
792.282,48.5
792.508,-62.53
792.735,52.08
792.961,-71.49
793.187,16.27
793.413,55.67
793.638,100.44
793.864,-71.49
794.09,16.27
794.316,-46.41
794.542,48.5
794.768,-37.46
794.994,1.94
795.22,-14.18
795.445,61.04
795.671,12.69
795.897,-15.97
796.123,32.38
796.348,62.83
796.574,7.31
796.8,-37.46
797.025,138.05
797.251,-53.58
797.477,-12.39
797.702,-44.62
797.928,23.43
798.153,25.22
798.379,-57.16
798.604,-39.25
798.83,19.85
799.055,71.78
799.281,-14.18
799.506,-26.71
799.732,0.15
799.957,30.59
800.182,-5.22
800.408,91.48
800.633,28.8
800.858,-33.88
801.084,-3.43
801.309,53.88
801.534,1.94
801.759,-1.64
801.985,50.29
802.21,50.29
802.435,114.76
802.66,57.46
802.885,-33.88
803.11,-33.88
803.335,-62.53
803.561,9.1
803.786,48.5
804.011,18.06
804.236,-35.67
804.461,-14.18
804.685,18.06
804.91,19.85
805.135,-24.92
805.36,123.72
805.585,-8.81
805.81,111.18
806.035,-73.28
806.26,35.97
806.484,-10.6
806.709,12.69
806.934,-57.16
807.159,-1.64
807.383,-19.55
807.608,61.04
807.833,-73.28
808.057,19.85
808.282,41.34
808.507,3.73
808.731,-14.18
808.956,9.1
809.18,-51.79
809.405,9.1
809.629,18.06
809.854,9.1
810.078,-35.67
810.303,-26.71
810.527,25.22
810.751,-32.09
810.976,-64.32
811.2,-19.55
811.425,32.38
811.649,-10.6
811.873,3.73
812.097,5.52
812.322,35.97
812.546,93.27
812.77,10.89
812.994,43.13
813.219,-30.3
813.443,62.83
813.667,-55.37
813.891,-71.49
814.115,-30.3
814.339,62.83
814.563,9.1
814.787,21.64
815.011,-30.3
815.235,-12.39
815.459,-62.53
815.683,7.31
815.907,48.5
816.131,-19.55
816.355,25.22
816.579,-35.67
816.802,9.1
817.026,62.83
817.25,35.97
817.474,7.31
817.698,27.01
817.921,46.71
818.145,-69.69
818.369,41.34
818.592,27.01
818.816,37.76
819.04,-39.25
819.263,50.29
819.487,5.52
819.71,-26.71
819.934,-75.07
820.158,39.55
820.381,-1.64
820.605,9.1
820.828,-14.18
821.051,-89.39
821.275,-57.16
821.498,1.94
821.722,-46.41
821.945,-1.64
822.168,-10.6
822.392,-1.64
822.615,-46.41
822.838,-28.5
823.061,5.52
823.285,-3.43
823.508,12.69
823.731,-60.74
823.954,19.85
824.177,23.43
824.401,-14.18
824.624,52.08
824.847,14.48
825.07,12.69
825.293,0.15
825.516,-41.04
825.739,-7.01
825.962,27.01
826.185,48.5
826.408,27.01
826.631,-3.43
826.854,30.59
827.077,-62.53
827.299,41.34
827.522,-8.81
827.745,21.64
827.968,39.55
828.191,75.37
828.413,37.76
828.636,-94.77
828.859,-23.13
829.082,-21.34
829.304,28.8
829.527,164.91
829.75,48.5
829.972,37.76
830.195,48.5
830.417,98.65
830.64,-76.86
830.862,-12.39
831.085,-7.01
831.307,44.92
831.53,-23.13
831.752,-64.32
831.975,-14.18
832.197,77.16
832.42,28.8
832.642,-66.11
832.864,91.48
833.087,-37.46
833.309,-23.13
833.531,55.67
833.753,-23.13
833.976,-1.64
834.198,16.27
834.42,9.1
834.642,-41.04
834.864,-37.46
835.086,30.59
835.309,10.89
835.531,-39.25
835.753,14.48
835.975,52.08
836.197,-24.92
836.419,7.31
836.641,-32.09
836.863,5.52
837.085,39.55
837.307,32.38
837.529,-41.04
837.75,-3.43
837.972,-48.2
838.194,-103.72
838.416,3.73
838.638,-75.07
838.859,147
839.081,-7.01
839.303,28.8
839.525,71.78
839.746,28.8
839.968,32.38
840.19,-12.39
840.411,-8.81
840.633,-23.13
840.855,-48.2
841.076,32.38
841.298,-10.6
841.519,23.43
841.741,-8.81
841.962,-21.34
842.184,-67.9
842.405,-35.67
842.626,10.89
842.848,59.25
843.069,23.43
843.291,-60.74
843.512,9.1
843.733,18.06
843.955,-28.5
844.176,7.31
844.397,35.97
844.618,89.69
844.839,-21.34
845.061,-8.81
845.282,-62.53
845.503,-8.81
845.724,46.71
845.945,-66.11
846.166,19.85
846.387,3.73
846.608,48.5
846.829,-92.98
847.05,37.76
847.271,30.59
847.492,50.29
847.713,-41.04
847.934,12.69
848.155,3.73
848.376,10.89
848.597,-5.22
848.818,64.62
849.038,-37.46
849.259,-14.18
849.48,-35.67
849.701,18.06
849.921,-48.2
850.142,16.27
850.363,-26.71
850.584,-66.11
850.804,35.97
851.025,-60.74
851.245,96.86
851.466,3.73
851.687,44.92
851.907,-62.53
852.128,-71.49
852.348,-10.6
852.569,10.89
852.789,-42.83
853.009,14.48
853.23,30.59
853.45,-14.18
853.671,-7.01
853.891,-15.97
854.111,62.83
854.332,-17.76
854.552,-15.97
854.772,-15.97
854.992,-51.79
855.213,37.76
855.433,-7.01
855.653,12.69
855.873,37.76
856.093,-37.46
856.313,28.8
856.533,80.74
856.753,1.94
856.974,-7.01
857.194,1.94
857.414,-62.53
857.634,-17.76
857.854,-14.18
858.073,23.43
858.293,-53.58
858.513,-3.43
858.733,-92.98
858.953,-33.88
859.173,7.31
859.393,-3.43
859.612,46.71
859.832,-66.11
860.052,-28.5
860.272,73.57
860.491,53.88
860.711,-89.39
860.931,-33.88
861.15,23.43
861.37,-39.25
861.59,21.64
861.809,32.38
862.029,-24.92
862.248,32.38
862.468,7.31
862.687,-30.3
862.907,18.06
863.126,-10.6
863.346,-35.67
863.565,-8.81
863.785,-55.37
864.004,0.15
864.223,28.8
864.443,-55.37
864.662,9.1
864.881,35.97
865.1,1.94
865.32,-37.46
865.539,-57.16
865.758,118.35
865.977,23.43
866.196,-53.58
866.416,-15.97
866.635,-26.71
866.854,-10.6
867.073,-71.49
867.292,-71.49
867.511,5.52
867.73,89.69
867.949,7.31
868.168,9.1
868.387,77.16
868.606,9.1
868.825,-32.09
869.044,30.59
869.262,18.06
869.481,-66.11
869.7,-24.92
869.919,32.38
870.138,7.31
870.356,-17.76
870.575,1.94
870.794,50.29
871.013,-14.18
871.231,-51.79
871.45,39.55
871.668,-17.76
871.887,-26.71
872.106,-15.97
872.324,55.67
872.543,-21.34
872.761,-82.23
872.98,-42.83
873.198,-8.81
873.417,-1.64
873.635,-41.04
873.854,57.46
874.072,-5.22
874.29,27.01
874.509,9.1
874.727,-17.76
874.945,-5.22
875.164,-32.09
875.382,95.07
875.6,39.55
875.818,50.29
876.037,43.13
876.255,0.15
876.473,28.8
876.691,-7.01
876.909,62.83
877.127,-15.97
877.345,69.99
877.563,27.01
877.781,1.94
877.999,9.1
878.217,-51.79
878.435,-44.62
878.653,-12.39
878.871,-7.01
879.089,35.97
879.307,77.16
879.525,-26.71
879.743,71.78
879.96,23.43
880.178,-33.88
880.396,9.1
880.614,35.97
880.832,-80.44
881.049,28.8
881.267,-89.39
881.485,61.04
881.702,23.43
881.92,-41.04
882.137,52.08
882.355,-17.76
882.573,-7.01
882.79,7.31
883.008,-39.25
883.225,-21.34
883.443,-53.58
883.66,30.59
883.877,-19.55
884.095,86.11
884.312,12.69
884.53,39.55
884.747,-42.83
884.964,-60.74
885.182,91.48
885.399,19.85
885.616,0.15
885.833,-87.6
886.051,-7.01
886.268,-58.95
886.485,-8.81
886.702,73.57
886.919,-19.55
887.136,-26.71
887.353,-87.6
887.57,-8.81
887.788,3.73
888.005,25.22
888.222,-50
888.439,-26.71
888.655,27.01
888.872,-78.65
889.089,35.97
889.306,-5.22
889.523,39.55
889.74,5.52
889.957,34.18
890.174,-33.88
890.39,57.46
890.607,10.89
890.824,23.43
891.041,1.94
891.257,39.55
891.474,5.52
891.691,-28.5
891.907,-42.83
892.124,-21.34
892.34,-35.67
892.557,87.9
892.774,-58.95
892.99,30.59
893.207,-5.22
893.423,-1.64
893.64,68.2
893.856,-8.81
894.072,-28.5
894.289,50.29
894.505,16.27
894.722,-35.67
894.938,30.59
895.154,16.27
895.37,-58.95
895.587,-60.74
895.803,-73.28
896.019,3.73
896.235,0.15
896.452,-51.79
896.668,121.93
896.884,9.1
897.1,-24.92
897.316,5.52
897.532,-19.55
897.748,-15.97
897.964,32.38
898.18,-67.9
898.396,44.92
898.612,43.13
898.828,-5.22
899.044,21.64
899.26,57.46
899.476,3.73
899.692,5.52
899.908,-75.07
900.123,-33.88
900.339,16.27
900.555,43.13
900.771,-30.3
900.986,7.31
901.202,18.06
901.418,7.31
901.633,-44.62
901.849,5.52
902.065,30.59
902.28,82.53
902.496,-87.6
902.711,-8.81
902.927,-48.2
903.143,-57.16
903.358,-50
903.573,1.94
903.789,-30.3
904.004,10.89
904.22,37.76
904.435,1.94
904.651,35.97
904.866,44.92
905.081,-35.67
905.296,-14.18
905.512,-71.49
905.727,34.18
905.942,28.8
906.157,-98.35
906.373,80.74
906.588,41.34
906.803,34.18
907.018,34.18
907.233,75.37
907.448,35.97
907.663,37.76
907.878,-19.55
908.093,-55.37
908.308,-32.09
908.523,-105.51
908.738,100.44
908.953,18.06
909.168,-28.5
909.383,28.8
909.598,-53.58
909.813,12.69
910.027,18.06
910.242,-30.3
910.457,-19.55
910.672,10.89
910.887,5.52
911.101,43.13
911.316,-12.39
911.531,-7.01
911.745,-64.32
911.96,-15.97
912.174,-5.22
912.389,57.46
912.604,102.23
912.818,-15.97
913.033,1.94
913.247,-89.39
913.462,5.52
913.676,-89.39
913.89,-58.95
914.105,-32.09
914.319,-46.41
914.534,30.59
914.748,-7.01
914.962,48.5
915.177,43.13
915.391,-24.92
915.605,-24.92
915.819,-8.81
916.034,116.56
916.248,-5.22
916.462,-3.43
916.676,-28.5
916.89,27.01
917.104,10.89
917.318,-7.01
917.532,-64.32
917.746,55.67
917.96,-69.69
918.174,3.73
918.388,66.41
918.602,5.52
918.816,-30.3
919.03,18.06
919.244,7.31
919.458,-42.83
919.672,-30.3
919.886,5.52
920.099,14.48
920.313,-8.81
920.527,-84.02
920.741,1.94
920.954,66.41
921.168,-44.62
921.382,77.16
921.595,28.8
921.809,18.06
922.023,10.89
922.236,-55.37
922.45,-15.97
922.663,5.52
922.877,-35.67
923.09,-7.01
923.304,35.97
923.517,-23.13
923.731,1.94
923.944,-48.2
924.157,73.57
924.371,-15.97
924.584,1.94
924.797,25.22
925.011,-17.76
925.224,-7.01
925.437,5.52
925.65,35.97
925.864,-57.16
926.077,-64.32
926.29,55.67
926.503,-1.64
926.716,77.16
926.929,-44.62
927.142,41.34
927.355,-58.95
927.568,-30.3
927.781,59.25
927.994,-19.55
928.207,23.43
928.42,19.85
928.633,-30.3
928.846,0.15
929.059,21.64
929.272,-39.25
929.485,-48.2
929.697,-15.97
929.91,55.67
930.123,-66.11
930.336,35.97
930.549,18.06
930.761,-26.71
930.974,59.25
931.187,-33.88
931.399,-26.71
931.612,3.73
931.824,-46.41
932.037,-53.58
932.249,10.89
932.462,-42.83
932.675,-7.01
932.887,-50
933.099,-57.16
933.312,-50
933.524,-37.46
933.737,-41.04
933.949,5.52
934.161,-30.3
934.374,-26.71
934.586,-44.62
934.798,-21.34
935.011,-12.39
935.223,-15.97
935.435,-50
935.647,-30.3
935.859,-55.37
936.072,-32.09
936.284,80.74
936.496,-5.22
936.708,16.27
936.92,-24.92
937.132,21.64
937.344,86.11
937.556,28.8
937.768,46.71
937.98,3.73
938.192,-5.22
938.404,19.85
938.616,-5.22
938.828,32.38
939.039,3.73
939.251,25.22
939.463,-76.86
939.675,-46.41
939.887,53.88
940.098,-3.43
940.31,28.8
940.522,-21.34
940.733,7.31
940.945,-28.5
941.157,-82.23
941.368,-26.71
941.58,59.25
941.791,-30.3
942.003,-44.62
942.214,-28.5
942.426,-14.18
942.637,43.13
942.849,19.85
943.06,-8.81
943.272,1.94
943.483,37.76
943.694,48.5
943.906,-105.51
944.117,-26.71
944.328,25.22
944.54,10.89
944.751,44.92
944.962,-14.18
945.173,28.8
945.384,7.31
945.596,-17.76
945.807,-35.67
946.018,19.85
946.229,-87.6
946.44,12.69
946.651,-64.32
946.862,41.34
947.073,-69.69
947.284,-98.35
947.495,1.94
947.706,16.27
947.917,77.16
948.128,-21.34
948.339,-53.58
948.549,75.37
948.76,-60.74
948.971,-15.97
949.182,73.57
949.393,46.71
949.603,-50
949.814,7.31
950.025,-23.13
950.235,-121.63
950.446,-67.9
950.657,-69.69
950.867,-44.62
951.078,-33.88
951.288,-26.71
951.499,-46.41
951.709,43.13
951.92,-15.97
952.13,21.64
952.341,32.38
952.551,14.48
952.762,-15.97
952.972,37.76
953.182,-15.97
953.393,-14.18
953.603,12.69
953.813,-62.53
954.024,25.22
954.234,9.1
954.444,-73.28
954.654,-44.62
954.865,-75.07
955.075,121.93
955.285,150.58
955.495,-62.53
955.705,-62.53
955.915,-3.43
956.125,69.99
956.335,19.85
956.545,-35.67
956.755,28.8
956.965,35.97
957.175,16.27
957.385,-62.53
957.595,-12.39
957.805,-12.39
958.015,23.43
958.224,-28.5
958.434,35.97
958.644,-50
958.854,-28.5
959.064,0.15
959.273,62.83
959.483,-19.55
959.693,23.43
959.902,-26.71
960.112,-62.53
960.322,12.69
960.531,-35.67
960.741,21.64
960.95,35.97
961.16,-28.5
961.369,30.59
961.579,16.27
961.788,-23.13
961.998,-87.6
962.207,-15.97
962.416,-60.74
962.626,-118.05
962.835,5.52
963.044,-51.79
963.254,77.16
963.463,10.89
963.672,-60.74
963.881,30.59
964.091,-23.13
964.3,-30.3
964.509,-57.16
964.718,32.38
964.927,57.46
965.136,5.52
965.345,-51.79
965.554,-33.88
965.763,39.55
965.972,62.83
966.181,34.18
966.39,-12.39
966.599,57.46
966.808,86.11
967.017,-44.62
967.226,-123.42
967.435,-89.39
967.644,34.18
967.852,48.5
968.061,27.01
968.27,12.69
968.479,-14.18
968.687,-1.64
968.896,55.67
969.105,-1.64
969.313,-15.97
969.522,-33.88
969.731,66.41
969.939,12.69
970.148,19.85
970.356,55.67
970.565,-67.9
970.773,7.31
970.982,30.59
971.19,-127
971.399,52.08
971.607,-42.83
971.815,-84.02
972.024,7.31
972.232,-24.92
972.44,-32.09
972.649,-37.46
972.857,-67.9
973.065,-41.04
973.273,46.71
973.482,46.71
973.69,-69.69
973.898,-46.41
974.106,-7.01
974.314,-35.67
974.522,10.89
974.73,57.46
974.938,-42.83
975.146,-8.81
975.354,59.25
975.562,43.13
975.77,-169.98
975.978,12.69
976.186,-58.95
976.394,10.89
976.602,12.69
976.81,-28.5
977.018,130.88
977.225,1.94
977.433,53.88
977.641,44.92
977.849,-15.97
978.056,46.71
978.264,18.06
978.472,-32.09
978.679,71.78
978.887,48.5
979.094,-17.76
979.302,18.06
979.51,-32.09
979.717,-15.97
979.925,-1.64
980.132,10.89
980.339,7.31
980.547,-21.34
980.754,-69.69
980.962,9.1
981.169,18.06
981.376,44.92
981.584,-48.2
981.791,57.46
981.998,-64.32
982.206,-10.6
982.413,21.64
982.62,39.55
982.827,-55.37
983.034,19.85
983.242,-50
983.449,-1.64
983.656,-10.6
983.863,0.15
984.07,-66.11
984.277,-44.62
984.484,-51.79
984.691,32.38
984.898,-84.02
985.105,-134.17
985.312,-48.2
985.519,-44.62
985.725,-71.49
985.932,-39.25
986.139,-10.6
986.346,21.64
986.553,69.99
986.759,-84.02
986.966,-110.88
987.173,64.62
987.38,87.9
987.586,-69.69
987.793,-21.34
988,-28.5
988.206,-58.95
988.413,39.55
988.619,25.22
988.826,-58.95
989.032,-76.86
989.239,12.69
989.445,-42.83
989.652,-92.98
989.858,-33.88
990.064,57.46
990.271,19.85
990.477,-19.55
990.684,69.99
990.89,46.71
991.096,-37.46
991.302,30.59
991.509,35.97
991.715,-33.88
991.921,-75.07
992.127,87.9
992.333,-82.23
992.539,34.18
992.746,14.48
992.952,-7.01
993.158,50.29
993.364,46.71
993.57,-26.71
993.776,-51.79
993.982,-12.39
994.188,48.5
994.394,-50
994.599,-46.41
994.805,-26.71
995.011,-32.09
995.217,-76.86
995.423,-15.97
995.629,57.46
995.834,-35.67
996.04,-85.81
996.246,-21.34
996.452,-5.22
996.657,41.34
996.863,-112.68
997.068,5.52
997.274,27.01
997.48,0.15
997.685,-26.71
997.891,43.13
998.096,-1.64
998.302,-48.2
998.507,-12.39
998.713,57.46
998.918,-19.55
999.123,44.92
999.329,-50
999.534,-35.67
999.74,-41.04
999.945,-78.65
1000.15,64.62
1000.355,55.67
1000.561,9.1
1000.766,-32.09
1000.971,-66.11
1001.176,9.1
1001.381,27.01
1001.586,50.29
1001.792,53.88
1001.997,-15.97
1002.202,14.48
1002.407,-84.02
1002.612,9.1
1002.817,75.37
1003.022,-37.46
1003.227,44.92
1003.432,82.53
1003.637,-24.92
1003.841,3.73
1004.046,-51.79
1004.251,-17.76
1004.456,-3.43
1004.661,32.38
1004.865,-35.67
1005.07,-15.97
1005.275,93.27
1005.48,-118.05
1005.684,-17.76
1005.889,-44.62
1006.094,1.94
1006.298,-55.37
1006.503,18.06
1006.707,-46.41
1006.912,-5.22
1007.116,7.31
1007.321,43.13
1007.525,0.15
1007.73,-75.07
1007.934,-53.58
1008.139,19.85
1008.343,-5.22
1008.547,-58.95
1008.752,10.89
1008.956,18.06
1009.16,5.52
1009.364,-28.5
1009.569,62.83
1009.773,-7.01
1009.977,-21.34
1010.181,27.01
1010.385,23.43
1010.589,-41.04
1010.794,-41.04
1010.998,34.18
1011.202,23.43
1011.406,-3.43
1011.61,-28.5
1011.814,-21.34
1012.018,48.5
1012.222,-28.5
1012.426,7.31
1012.629,52.08
1012.833,30.59
1013.037,-30.3
1013.241,-23.13
1013.445,-76.86
1013.649,25.22
1013.852,-14.18
1014.056,-8.81
1014.26,-41.04
1014.463,75.37
1014.667,-10.6
1014.871,27.01
1015.074,-51.79
1015.278,28.8
1015.482,21.64
1015.685,118.35
1015.889,37.76
1016.092,-76.86
1016.296,27.01
1016.499,-30.3
1016.703,-39.25
1016.906,-24.92
1017.109,-35.67
1017.313,-66.11
1017.516,1.94
1017.719,-35.67
1017.923,39.55
1018.126,5.52
1018.329,16.27
1018.532,-64.32
1018.736,-26.71
1018.939,50.29
1019.142,-15.97
1019.345,7.31
1019.548,-109.09
1019.751,64.62
1019.954,-12.39
1020.157,12.69
1020.361,-23.13
1020.564,-73.28
1020.766,-37.46
1020.969,64.62
1021.172,-48.2
1021.375,-51.79
1021.578,16.27
1021.781,-23.13
1021.984,-19.55
1022.187,75.37
1022.389,-30.3
1022.592,-7.01
1022.795,-15.97
1022.998,-35.67
1023.2,50.29
1023.403,-37.46
1023.606,66.41
1023.808,-51.79
1024.011,-19.55
1024.214,-12.39
1024.416,5.52
1024.619,25.22
1024.821,-41.04
1025.024,14.48
1025.226,-39.25
1025.429,-33.88
1025.631,-7.01
1025.833,39.55
1026.036,-44.62
1026.238,-28.5
1026.441,-21.34
1026.643,-12.39
1026.845,10.89
1027.047,-66.11
1027.25,-8.81
1027.452,66.41
1027.654,18.06
1027.856,-24.92
1028.058,-37.46
1028.261,37.76
1028.463,-92.98
1028.665,-3.43
1028.867,-46.41
1029.069,66.41
1029.271,68.2
1029.473,-26.71
1029.675,-17.76
1029.877,-46.41
1030.079,-3.43
1030.281,-39.25
1030.482,-28.5
1030.684,-10.6
1030.886,43.13
1031.088,-50
1031.29,-35.67
1031.491,-69.69
1031.693,7.31
1031.895,95.07
1032.097,-23.13
1032.298,19.85
1032.5,50.29
1032.701,1.94
1032.903,14.48
1033.105,62.83
1033.306,130.88
1033.508,-44.62
1033.709,-67.9
1033.911,95.07
1034.112,-48.2
1034.314,10.89
1034.515,30.59
1034.716,39.55
1034.918,78.95
1035.119,-3.43
1035.32,50.29
1035.522,-3.43
1035.723,86.11
1035.924,-73.28
1036.125,-39.25
1036.327,-80.44
1036.528,28.8
1036.729,1.94
1036.93,5.52
1037.131,21.64
1037.332,-12.39
1037.533,9.1
1037.734,-67.9
1037.935,-33.88
1038.136,-80.44
1038.337,-17.76
1038.538,-71.49
1038.739,-24.92
1038.94,32.38
1039.141,-12.39
1039.342,-78.65
1039.543,1.94
1039.744,0.15
1039.944,-28.5
1040.145,21.64
1040.346,37.76
1040.547,25.22
1040.747,-69.69
1040.948,9.1
1041.149,1.94
1041.349,75.37
1041.55,-3.43
1041.75,-17.76
1041.951,-14.18
1042.152,35.97
1042.352,-10.6
1042.553,0.15
1042.753,-89.39
1042.953,5.52
1043.154,-109.09
1043.354,-53.58
1043.555,55.67
1043.755,-78.65
1043.955,66.41
1044.156,-8.81
1044.356,-17.76
1044.556,-15.97
1044.756,-44.62
1044.957,-114.47
1045.157,19.85
1045.357,-39.25
1045.557,-41.04
1045.757,-91.18
1045.957,-19.55
1046.157,-69.69
1046.357,-35.67
1046.557,-14.18
1046.757,46.71
1046.957,-53.58
1047.157,-50
1047.357,-23.13
1047.557,-5.22
1047.757,-10.6
1047.957,46.71
1048.157,-62.53
1048.356,-33.88
1048.556,10.89
1048.756,-64.32
1048.956,-42.83
1049.156,-10.6
1049.355,-64.32
1049.555,-17.76
1049.755,34.18
1049.954,-30.3
1050.154,28.8
1050.353,-12.39
1050.553,175.65
1050.752,-44.62
1050.952,5.52
1051.151,-12.39
1051.351,57.46
1051.55,3.73
1051.75,-30.3
1051.949,-98.35
1052.148,107.6
1052.348,34.18
1052.547,-39.25
1052.746,-62.53
1052.946,46.71
1053.145,-23.13
1053.344,34.18
1053.543,-39.25
1053.743,-39.25
1053.942,-7.01
1054.141,34.18
1054.34,-48.2
1054.539,-57.16
1054.738,21.64
1054.937,-37.46
1055.136,-19.55
1055.335,78.95
1055.534,1.94
1055.733,73.57
1055.932,73.57
1056.131,73.57
