194.216,-162.82
194.484,-162.82
194.753,-162.82
195.022,-178.94
195.29,3.73
195.559,14.48
195.827,5.52
196.096,7.31
196.364,-23.13
196.633,64.62
196.901,-69.69
197.17,-5.22
197.438,-12.39
197.706,102.23
197.975,-66.11
198.243,-7.01
198.512,-10.6
198.78,50.29
199.048,0.15
199.317,1.94
199.585,30.59
199.853,10.89
200.122,62.83
200.39,77.16
200.658,-10.6
200.926,35.97
201.195,107.6
201.463,-51.79
201.731,16.27
201.999,14.48
202.267,-41.04
202.536,16.27
202.804,-44.62
203.072,28.8
203.34,5.52
203.608,3.73
203.876,-7.01
204.144,105.81
204.412,-12.39
204.68,95.07
204.948,-39.25
205.216,52.08
205.484,-8.81
205.752,57.46
206.02,28.8
206.288,-7.01
206.556,-60.74
206.824,102.23
207.092,-19.55
207.36,62.83
207.628,48.5
207.896,32.38
208.164,14.48
208.431,39.55
208.699,23.43
208.967,5.52
209.235,78.95
209.503,27.01
209.77,-89.39
210.038,-67.9
210.306,9.1
210.573,98.65
210.841,-8.81
211.109,82.53
211.377,0.15
211.644,28.8
211.912,48.5
212.179,-41.04
212.447,-28.5
212.715,-15.97
212.982,155.95
213.25,155.95
213.517,35.97
213.785,44.92
214.052,-12.39
214.32,12.69
214.587,44.92
214.855,30.59
215.122,-35.67
215.39,43.13
215.657,-44.62
215.925,43.13
216.192,-7.01
216.459,-30.3
216.727,5.52
216.994,-26.71
217.261,-26.71
217.529,102.23
217.796,77.16
218.063,5.52
218.331,32.38
218.598,61.04
218.865,107.6
219.132,66.41
219.399,16.27
219.667,-42.83
219.934,14.48
220.201,37.76
220.468,-46.41
220.735,-3.43
221.002,1.94
221.27,-66.11
221.537,14.48
221.804,82.53
222.071,-89.39
222.338,125.51
222.605,37.76
222.872,-101.93
223.139,28.8
223.406,21.64
223.673,114.76
223.94,35.97
224.207,66.41
224.474,19.85
224.741,9.1
225.007,-33.88
225.274,-41.04
225.541,-3.43
225.808,-51.79
226.075,3.73
226.342,-50
226.609,71.78
226.875,39.55
227.142,62.83
227.409,35.97
227.676,59.25
227.942,48.5
228.209,-21.34
228.476,52.08
228.742,41.34
229.009,28.8
229.276,55.67
229.542,-12.39
229.809,-3.43
230.076,41.34
230.342,-48.2
230.609,-30.3
230.875,96.86
231.142,50.29
231.408,44.92
231.675,-14.18
231.941,80.74
232.208,7.31
232.474,44.92
232.741,-3.43
233.007,-19.55
233.274,39.55
233.54,23.43
233.807,-39.25
234.073,39.55
234.339,-17.76
234.606,68.2
234.872,46.71
235.138,57.46
235.405,35.97
235.671,-7.01
235.937,25.22
236.203,-39.25
236.47,5.52
236.736,-1.64
237.002,62.83
237.268,93.27
237.535,-7.01
237.801,120.14
238.067,34.18
238.333,12.69
238.599,44.92
238.865,-51.79
239.131,-98.35
239.397,44.92
239.663,-55.37
239.929,39.55
240.195,37.76
240.462,75.37
240.728,104.02
240.993,71.78
241.259,35.97
241.525,-21.34
241.791,7.31
242.057,50.29
242.323,16.27
242.589,-109.09
242.855,41.34
243.121,44.92
243.387,-33.88
243.652,25.22
243.918,52.08
244.184,-41.04
244.45,-100.14
244.716,96.86
244.981,-28.5
245.247,25.22
245.513,21.64
245.779,44.92
246.044,3.73
246.31,102.23
246.576,82.53
246.841,77.16
247.107,21.64
247.373,-14.18
247.638,197.14
247.904,118.35
248.169,27.01
248.435,9.1
248.7,-12.39
248.966,75.37
249.231,-42.83
249.497,5.52
249.762,68.2
250.028,75.37
250.293,35.97
250.559,16.27
250.824,5.52
251.09,121.93
251.355,28.8
251.62,84.32
251.886,-60.74
252.151,48.5
252.416,-5.22
252.682,48.5
252.947,34.18
253.212,43.13
253.477,41.34
253.743,121.93
254.008,109.39
254.273,-33.88
254.538,30.59
254.804,34.18
255.069,120.14
255.334,-28.5
255.599,18.06
255.864,-35.67
256.129,30.59
256.394,73.57
256.659,-87.6
256.925,-32.09
257.19,-37.46
257.455,53.88
257.72,64.62
257.985,-12.39
258.25,0.15
258.515,69.99
258.78,-32.09
259.044,-15.97
259.309,3.73
259.574,-33.88
259.839,12.69
260.104,86.11
260.369,-37.46
260.634,35.97
260.899,50.29
261.163,34.18
261.428,27.01
261.693,109.39
261.958,34.18
262.223,-41.04
262.487,-26.71
262.752,109.39
263.017,57.46
263.281,84.32
263.546,57.46
263.811,-71.49
264.075,21.64
264.34,-26.71
264.605,16.27
264.869,95.07
265.134,-58.95
265.398,-12.39
265.663,-10.6
265.927,107.6
266.192,64.62
266.457,80.74
266.721,61.04
266.985,89.69
267.25,16.27
267.514,27.01
267.779,-60.74
268.043,71.78
268.308,96.86
268.572,28.8
268.836,127.3
269.101,21.64
269.365,5.52
269.629,139.84
269.894,-12.39
270.158,163.12
270.422,-15.97
270.687,-23.13
270.951,43.13
271.215,89.69
271.479,52.08
271.743,9.1
272.008,-15.97
272.272,30.59
272.536,0.15
272.8,50.29
273.064,-3.43
273.328,91.48
273.592,10.89
273.856,48.5
274.12,-30.3
274.385,-64.32
274.649,16.27
274.913,93.27
275.177,-33.88
275.441,77.16
275.704,-23.13
275.968,39.55
276.232,-23.13
276.496,-64.32
276.76,-26.71
277.024,34.18
277.288,-7.01
277.552,-30.3
277.816,-15.97
278.079,82.53
278.343,69.99
278.607,16.27
278.871,87.9
279.135,95.07
279.398,-14.18
279.662,62.83
279.926,-46.41
280.189,86.11
280.453,-7.01
280.717,23.43
280.98,-8.81
281.244,21.64
281.508,109.39
281.771,16.27
282.035,-24.92
282.298,95.07
282.562,1.94
282.826,-3.43
283.089,75.37
283.353,50.29
283.616,3.73
283.88,100.44
284.143,89.69
284.407,-28.5
284.67,37.76
284.933,93.27
285.197,-1.64
285.46,14.48
285.724,-33.88
285.987,32.38
286.25,1.94
286.514,80.74
286.777,37.76
287.04,-39.25
287.303,211.47
287.567,-14.18
287.83,43.13
288.093,68.2
288.356,-60.74
288.62,3.73
288.883,23.43
289.146,19.85
289.409,-75.07
289.672,-50
289.935,-28.5
290.198,57.46
290.461,55.67
290.725,-14.18
290.988,-33.88
291.251,69.99
291.514,-94.77
291.777,41.34
292.04,5.52
292.303,82.53
292.566,59.25
292.829,44.92
293.091,95.07
293.354,91.48
293.617,64.62
293.88,-39.25
294.143,-64.32
294.406,0.15
294.669,-33.88
294.932,55.67
295.194,-3.43
295.457,12.69
295.72,-12.39
295.983,107.6
296.245,-33.88
296.508,3.73
296.771,91.48
297.034,96.86
297.296,30.59
297.559,35.97
297.822,-32.09
298.084,41.34
298.347,-71.49
298.609,78.95
298.872,23.43
299.135,-14.18
299.397,-15.97
299.66,-48.2
299.922,66.41
300.185,-24.92
300.447,-41.04
300.71,59.25
300.972,35.97
301.235,-35.67
301.497,-64.32
301.759,50.29
302.022,64.62
302.284,30.59
302.546,95.07
302.809,9.1
303.071,-55.37
303.333,-41.04
303.596,3.73
303.858,21.64
304.12,53.88
304.383,28.8
304.645,-14.18
304.907,104.02
305.169,9.1
305.431,96.86
305.694,34.18
305.956,27.01
306.218,61.04
306.48,75.37
306.742,14.48
307.004,5.52
307.266,41.34
307.528,139.84
307.79,111.18
308.052,48.5
308.314,-30.3
308.576,12.69
308.838,46.71
309.1,3.73
309.362,-55.37
309.624,27.01
309.886,30.59
310.148,28.8
310.41,39.55
310.672,53.88
310.934,69.99
311.196,-64.32
311.457,84.32
311.719,-28.5
311.981,3.73
312.243,12.69
312.504,-41.04
312.766,41.34
313.028,-8.81
313.29,-50
313.551,19.85
313.813,3.73
314.075,-80.44
314.336,91.48
314.598,-73.28
314.86,69.99
315.121,64.62
315.383,-23.13
315.644,16.27
315.906,-66.11
316.167,69.99
316.429,-5.22
316.69,-62.53
316.952,-50
317.213,-30.3
317.475,109.39
317.736,50.29
317.998,68.2
318.259,27.01
318.521,249.08
318.782,61.04
319.043,5.52
319.305,10.89
319.566,112.97
319.827,-84.02
320.089,-32.09
320.35,12.69
320.611,18.06
320.872,23.43
321.134,25.22
321.395,-21.34
321.656,23.43
321.917,-10.6
322.178,3.73
322.44,-42.83
322.701,-33.88
322.962,50.29
323.223,39.55
323.484,-24.92
323.745,-15.97
324.006,0.15
324.267,-5.22
324.528,32.38
324.789,3.73
325.05,-51.79
325.311,-15.97
325.572,35.97
325.833,-53.58
326.094,39.55
326.355,23.43
326.616,-12.39
326.877,27.01
327.138,21.64
327.398,-10.6
327.659,39.55
327.92,-42.83
328.181,-44.62
328.442,130.88
328.702,86.11
328.963,-28.5
329.224,1.94
329.485,-91.18
329.745,-14.18
330.006,1.94
330.267,34.18
330.527,7.31
330.788,-7.01
331.049,-8.81
331.309,-64.32
331.57,62.83
331.83,-15.97
332.091,-1.64
332.351,-33.88
332.612,105.81
332.873,27.01
333.133,-19.55
333.393,27.01
333.654,32.38
333.914,55.67
334.175,37.76
334.435,68.2
334.696,-26.71
334.956,-89.39
335.216,77.16
335.477,39.55
335.737,3.73
335.997,-21.34
336.258,18.06
336.518,5.52
336.778,18.06
337.038,3.73
337.299,1.94
337.559,32.38
337.819,9.1
338.079,-7.01
338.34,-82.23
338.6,-10.6
338.86,-3.43
339.12,46.71
339.38,141.63
339.64,-57.16
339.9,50.29
340.16,-24.92
340.42,14.48
340.68,-33.88
340.94,48.5
341.2,16.27
341.46,75.37
341.72,-41.04
341.98,39.55
342.24,19.85
342.5,-28.5
342.76,-53.58
343.02,78.95
343.28,-3.43
343.54,123.72
343.799,12.69
344.059,18.06
344.319,87.9
344.579,114.76
344.839,-39.25
345.098,-23.13
345.358,-35.67
345.618,-35.67
345.878,-73.28
346.137,111.18
346.397,19.85
346.657,-1.64
346.916,27.01
347.176,73.57
347.435,-42.83
347.695,102.23
347.955,-1.64
348.214,41.34
348.474,18.06
348.733,30.59
348.993,0.15
349.252,1.94
349.512,-19.55
349.771,46.71
350.031,-10.6
350.29,-55.37
350.549,96.86
350.809,64.62
351.068,-17.76
351.328,64.62
351.587,89.69
351.846,-28.5
352.106,-91.18
352.365,-32.09
352.624,19.85
352.883,-35.67
353.143,-26.71
353.402,121.93
353.661,-50
353.92,23.43
354.179,37.76
354.439,28.8
354.698,-127
354.957,-48.2
355.216,32.38
355.475,7.31
355.734,9.1
355.993,89.69
356.252,-46.41
356.511,-114.47
356.77,9.1
357.029,-21.34
357.288,-14.18
357.547,28.8
357.806,-1.64
358.065,32.38
358.324,23.43
358.583,127.3
358.842,-26.71
359.101,-91.18
359.36,-17.76
359.619,10.89
359.877,48.5
360.136,-3.43
360.395,-53.58
360.654,-75.07
360.913,-28.5
361.171,-94.77
361.43,-32.09
361.689,-82.23
361.947,-7.01
362.206,77.16
362.465,52.08
362.723,-85.81
362.982,-3.43
363.241,-15.97
363.499,16.27
363.758,43.13
364.016,-8.81
364.275,-3.43
364.533,-55.37
364.792,-3.43
365.05,19.85
365.309,-69.69
365.567,7.31
365.826,10.89
366.084,-24.92
366.343,-30.3
366.601,-7.01
366.86,19.85
367.118,-17.76
367.376,28.8
367.635,30.59
367.893,41.34
368.151,-5.22
368.409,61.04
368.668,-15.97
368.926,-7.01
369.184,-15.97
369.442,21.64
369.701,-3.43
369.959,-26.71
370.217,-51.79
370.475,34.18
370.733,-1.64
370.991,-10.6
371.25,-85.81
371.508,-15.97
371.766,9.1
372.024,80.74
372.282,14.48
372.54,-51.79
372.798,-66.11
373.056,39.55
373.314,0.15
373.572,105.81
373.83,-8.81
374.088,-41.04
374.345,32.38
374.603,55.67
374.861,69.99
375.119,44.92
375.377,-35.67
375.635,21.64
375.893,1.94
376.15,-1.64
376.408,-14.18
376.666,48.5
376.924,9.1
377.181,10.89
377.439,44.92
377.697,19.85
377.954,9.1
378.212,35.97
378.47,64.62
378.727,21.64
378.985,-91.18
379.243,61.04
379.5,-51.79
379.758,55.67
380.015,-23.13
380.273,-53.58
380.53,0.15
380.788,95.07
381.045,23.43
381.303,23.43
381.56,3.73
381.818,-26.71
382.075,-39.25
382.332,21.64
382.59,0.15
382.847,7.31
383.105,43.13
383.362,14.48
383.619,-33.88
383.876,48.5
384.134,-41.04
384.391,-37.46
384.648,-44.62
384.905,-21.34
385.163,-26.71
385.42,-35.67
385.677,41.34
385.934,77.16
386.191,-48.2
386.449,-14.18
386.706,-5.22
386.963,-73.28
387.22,23.43
387.477,18.06
387.734,73.57
387.991,-28.5
388.248,91.48
388.505,21.64
388.762,53.88
389.019,-3.43
389.276,48.5
389.533,44.92
389.79,12.69
390.047,28.8
390.304,82.53
390.56,5.52
390.817,-14.18
391.074,-19.55
391.331,52.08
391.588,57.46
391.844,55.67
392.101,-19.55
392.358,21.64
392.615,150.58
392.871,48.5
393.128,1.94
393.385,14.48
393.641,77.16
393.898,5.52
394.155,-8.81
394.411,-21.34
394.668,105.81
394.925,145.21
395.181,52.08
395.438,-30.3
395.694,80.74
395.951,116.56
396.207,132.67
396.464,-24.92
396.72,59.25
396.977,157.75
397.233,53.88
397.489,-14.18
397.746,61.04
398.002,-32.09
398.259,73.57
398.515,35.97
398.771,141.63
399.028,-32.09
399.284,25.22
399.54,78.95
399.796,123.72
400.053,95.07
400.309,132.67
400.565,107.6
400.821,84.32
401.078,104.02
401.334,197.14
401.59,75.37
401.846,184.61
402.102,181.03
402.358,154.16
402.614,258.03
402.87,777.39
403.126,1731.92
403.382,3402.8
403.638,5763.16
403.894,8551.54
404.15,10709.54
404.406,12097.46
404.662,11549.45
404.918,9126.41
405.174,6570.84
405.43,4536.42
405.686,3827.23
405.942,3309.67
406.198,3293.55
406.454,3051.79
406.709,2697.2
406.965,2213.66
407.221,1739.08
407.477,1667.45
407.732,1305.69
407.988,1157.05
408.244,861.56
408.5,524.87
408.755,385.19
409.011,462.19
409.267,462.19
409.522,304.6
409.778,283.11
410.033,292.06
410.289,107.6
410.545,154.16
410.8,200.73
411.056,68.2
411.311,55.67
411.567,177.45
411.822,71.78
412.078,98.65
412.333,7.31
412.588,9.1
412.844,44.92
413.099,120.14
413.355,91.48
413.61,55.67
413.865,21.64
414.121,68.2
414.376,134.46
414.631,109.39
414.887,216.84
415.142,370.86
415.397,354.74
415.652,463.98
415.907,372.65
416.163,318.92
416.418,238.33
416.673,200.73
416.928,206.1
417.183,181.03
417.438,179.24
417.693,261.62
417.949,188.19
418.204,198.94
418.459,215.05
418.714,231.17
418.969,322.51
419.224,465.77
419.479,417.42
419.734,456.82
419.989,404.89
420.243,356.53
420.498,281.32
420.753,354.74
421.008,202.52
421.263,207.89
421.518,209.68
421.773,182.82
422.027,172.07
422.282,204.31
422.537,148.79
422.792,125.51
423.047,53.88
423.301,41.34
423.556,25.22
423.811,166.7
424.065,78.95
424.32,75.37
424.575,145.21
424.829,197.14
425.084,161.33
425.338,116.56
425.593,143.42
425.848,258.03
426.102,193.56
426.357,247.29
426.611,222.22
426.866,213.26
427.12,138.05
427.374,181.03
427.629,182.82
427.883,173.86
428.138,184.61
428.392,136.26
428.646,96.86
428.901,139.84
429.155,82.53
429.409,145.21
429.664,95.07
429.918,104.02
430.172,204.31
430.427,143.42
430.681,82.53
430.935,111.18
431.189,164.91
431.443,136.26
431.698,191.77
431.952,200.73
432.206,68.2
432.46,252.66
432.714,245.5
432.968,363.7
433.222,542.78
433.476,583.97
433.73,802.46
433.984,1289.57
434.238,2953.29
434.492,6681.88
434.746,11848.53
435,18247.3
435.254,24651.44
435.508,28464.19
435.762,30375.05
436.016,27506.08
436.27,20999.86
436.523,14610.05
436.777,11479.61
437.031,10179.44
437.285,9217.74
437.539,8291.87
437.792,7442.99
438.046,5587.66
438.3,3780.67
438.553,2283.51
438.807,1189.29
439.061,589.34
439.314,438.91
439.568,367.28
439.822,274.15
440.075,288.48
440.329,268.78
440.582,147
440.836,114.76
441.09,21.64
441.343,175.65
441.597,107.6
441.85,218.64
442.103,152.37
442.357,41.34
442.61,21.64
442.864,55.67
443.117,139.84
443.371,139.84
443.624,195.35
443.877,69.99
444.131,102.23
444.384,18.06
444.637,86.11
444.89,57.46
445.144,134.46
445.397,46.71
445.65,25.22
445.903,16.27
446.157,66.41
446.41,55.67
446.663,43.13
446.916,96.86
447.169,18.06
447.422,-57.16
447.675,66.41
447.928,116.56
448.181,114.76
448.435,136.26
448.688,-8.81
448.941,86.11
449.194,107.6
449.446,91.48
449.699,188.19
449.952,95.07
450.205,37.76
450.458,77.16
450.711,98.65
450.964,114.76
451.217,150.58
451.47,14.48
451.722,73.57
451.975,27.01
452.228,55.67
452.481,-5.22
452.733,155.95
452.986,53.88
453.239,123.72
453.492,23.43
453.744,89.69
453.997,155.95
454.25,57.46
454.502,68.2
454.755,175.65
455.007,32.38
455.26,91.48
455.513,69.99
455.765,43.13
456.018,28.8
456.27,107.6
456.523,5.52
456.775,80.74
457.028,87.9
457.28,120.14
457.532,-48.2
457.785,80.74
458.037,39.55
458.29,82.53
458.542,48.5
458.794,39.55
459.047,57.46
459.299,61.04
459.551,121.93
459.803,141.63
460.056,3.73
460.308,105.81
460.56,93.27
460.812,62.83
461.064,91.48
461.317,179.24
461.569,95.07
461.821,-26.71
462.073,59.25
462.325,134.46
462.577,55.67
462.829,53.88
463.081,53.88
463.333,32.38
463.585,41.34
463.837,109.39
464.089,78.95
464.341,68.2
464.593,86.11
464.845,27.01
465.097,143.42
465.349,87.9
465.601,61.04
465.852,95.07
466.104,30.59
466.356,48.5
466.608,46.71
466.86,132.67
467.111,21.64
467.363,93.27
467.615,48.5
467.867,143.42
468.118,7.31
468.37,188.19
468.622,48.5
468.873,55.67
469.125,77.16
469.376,145.21
469.628,93.27
469.88,19.85
470.131,69.99
470.383,109.39
470.634,107.6
470.886,62.83
471.137,98.65
471.389,-15.97
471.64,89.69
471.892,84.32
472.143,30.59
472.394,152.37
472.646,37.76
472.897,64.62
473.148,98.65
473.4,-53.58
473.651,118.35
473.902,86.11
474.154,37.76
474.405,23.43
474.656,86.11
474.907,64.62
475.159,23.43
475.41,25.22
475.661,35.97
475.912,-1.64
476.163,9.1
476.414,-10.6
476.665,43.13
476.917,87.9
477.168,120.14
477.419,111.18
477.67,43.13
477.921,116.56
478.172,71.78
478.423,98.65
478.674,50.29
478.925,102.23
479.176,150.58
479.426,66.41
479.677,130.88
479.928,52.08
480.179,82.53
480.43,134.46
480.681,125.51
480.932,21.64
481.182,39.55
481.433,164.91
481.684,80.74
481.935,-21.34
482.185,73.57
482.436,75.37
482.687,141.63
482.937,21.64
483.188,112.97
483.439,100.44
483.689,64.62
483.94,123.72
484.19,34.18
484.441,98.65
484.692,123.72
484.942,84.32
485.193,53.88
485.443,177.45
485.694,145.21
485.944,93.27
486.194,102.23
486.445,150.58
486.695,105.81
486.946,78.95
487.196,213.26
487.446,573.23
487.697,141.63
487.947,145.21
488.197,109.39
488.448,105.81
488.698,77.16
488.948,195.35
489.198,118.35
489.449,50.29
489.699,109.39
489.949,95.07
490.199,125.51
490.449,232.96
490.699,184.61
490.949,344
491.2,279.52
491.45,394.14
491.7,437.12
491.95,284.9
492.2,216.84
492.45,198.94
492.7,224.01
492.95,188.19
493.2,152.37
493.45,164.91
493.699,170.28
493.949,82.53
494.199,28.8
494.449,139.84
494.699,69.99
494.949,52.08
495.199,154.16
495.448,138.05
495.698,93.27
495.948,109.39
496.198,64.62
496.447,64.62
496.697,64.62
496.947,130.88
497.196,132.67
497.446,87.9
497.696,19.85
497.945,73.57
498.195,114.76
498.444,154.16
498.694,71.78
498.944,163.12
499.193,107.6
499.443,159.54
499.692,39.55
499.942,34.18
500.191,62.83
500.44,155.95
500.69,104.02
500.939,28.8
501.189,62.83
501.438,159.54
501.687,12.69
501.937,132.67
502.186,48.5
502.435,127.3
502.685,64.62
502.934,12.69
503.183,86.11
503.432,102.23
503.682,105.81
503.931,41.34
504.18,69.99
504.429,138.05
504.678,57.46
504.927,27.01
505.176,69.99
505.426,95.07
505.675,107.6
505.924,12.69
506.173,77.16
506.422,116.56
506.671,18.06
506.92,123.72
507.169,109.39
507.418,19.85
507.667,43.13
507.915,46.71
508.164,-21.34
508.413,32.38
508.662,109.39
508.911,112.97
509.16,10.89
509.408,37.76
509.657,7.31
509.906,-7.01
510.155,9.1
510.404,68.2
510.652,64.62
510.901,98.65
511.15,188.19
511.398,61.04
511.647,43.13
511.896,105.81
512.144,34.18
512.393,107.6
512.641,96.86
512.89,220.43
513.138,19.85
513.387,52.08
513.635,52.08
513.884,43.13
514.132,73.57
514.381,-5.22
514.629,18.06
514.878,3.73
515.126,73.57
515.374,100.44
515.623,18.06
515.871,114.76
516.119,82.53
516.368,121.93
516.616,23.43
516.864,43.13
517.113,130.88
517.361,50.29
517.609,105.81
517.857,68.2
518.105,12.69
518.354,61.04
518.602,9.1
518.85,173.86
519.098,100.44
519.346,152.37
519.594,53.88
519.842,111.18
520.09,50.29
520.338,-19.55
520.586,68.2
520.834,14.48
521.082,96.86
521.33,141.63
521.578,121.93
521.826,78.95
522.074,41.34
522.322,71.78
522.57,41.34
522.817,41.34
523.065,87.9
523.313,116.56
523.561,-5.22
523.809,69.99
524.056,52.08
524.304,50.29
524.552,64.62
524.8,-10.6
525.047,23.43
525.295,143.42
525.543,41.34
525.79,80.74
526.038,25.22
526.285,139.84
526.533,95.07
526.781,127.3
527.028,104.02
527.276,93.27
527.523,25.22
527.771,111.18
528.018,73.57
528.266,46.71
528.513,91.48
528.76,35.97
529.008,50.29
529.255,35.97
529.502,68.2
529.75,19.85
529.997,95.07
530.244,66.41
530.492,91.48
530.739,46.71
530.986,105.81
531.234,96.86
531.481,0.15
531.728,69.99
531.975,53.88
532.222,-30.3
532.469,10.89
532.717,69.99
532.964,77.16
533.211,168.49
533.458,77.16
533.705,-3.43
533.952,91.48
534.199,112.97
534.446,28.8
534.693,109.39
534.94,172.07
535.187,95.07
535.434,-44.62
535.681,138.05
535.928,96.86
536.174,95.07
536.421,71.78
536.668,55.67
536.915,78.95
537.162,53.88
537.409,61.04
537.655,44.92
537.902,141.63
538.149,84.32
538.396,68.2
538.642,168.49
538.889,46.71
539.136,105.81
539.382,41.34
539.629,147
539.875,93.27
540.122,215.05
540.369,130.88
540.615,41.34
540.862,229.38
541.108,249.08
541.355,252.66
541.601,250.87
541.848,249.08
542.094,256.24
542.341,227.59
542.587,315.34
542.833,327.88
543.08,342.2
543.326,306.39
543.572,442.49
543.819,467.57
544.065,585.76
544.311,592.93
544.558,1101.53
544.804,3443.99
545.05,10304.8
545.296,19959.37
545.542,30482.5
545.789,40762.08
546.035,49257.96
546.281,52526.29
546.527,47450.97
546.773,36877.69
547.019,26265.01
547.265,20133.08
547.511,16540.6
547.757,14966.43
548.003,13454.94
548.249,11773.31
548.495,9387.88
548.741,7014.98
548.987,4788.93
549.233,3037.46
549.479,1966.52
549.725,1257.34
549.971,766.64
550.217,548.15
550.463,506.96
550.708,508.76
550.954,301.01
551.2,245.5
551.446,304.6
551.691,288.48
551.937,227.59
552.183,148.79
552.429,197.14
552.674,93.27
552.92,197.14
553.165,173.86
553.411,173.86
553.657,129.09
553.902,73.57
554.148,125.51
554.393,53.88
554.639,114.76
554.884,66.41
555.13,53.88
555.375,154.16
555.621,168.49
555.866,5.52
556.112,39.55
556.357,107.6
556.602,71.78
556.848,100.44
557.093,48.5
557.338,50.29
557.584,69.99
557.829,130.88
558.074,-5.22
558.32,41.34
558.565,66.41
558.81,48.5
559.055,-14.18
559.3,96.86
559.546,-12.39
559.791,14.48
560.036,27.01
560.281,-5.22
560.526,61.04
560.771,78.95
561.016,123.72
561.261,5.52
561.506,61.04
561.751,-21.34
561.996,1.94
562.241,35.97
562.486,80.74
562.731,147
562.976,73.57
563.221,50.29
563.466,62.83
563.71,3.73
563.955,-24.92
564.2,129.09
564.445,109.39
564.69,87.9
564.934,-21.34
565.179,25.22
565.424,91.48
565.669,46.71
565.913,-28.5
566.158,59.25
566.403,-17.76
566.647,-23.13
566.892,43.13
567.136,19.85
567.381,50.29
567.626,28.8
567.87,55.67
568.115,37.76
568.359,69.99
568.604,134.46
568.848,112.97
569.093,173.86
569.337,14.48
569.581,109.39
569.826,30.59
570.07,95.07
570.315,-3.43
570.559,16.27
570.803,35.97
571.048,21.64
571.292,57.46
571.536,57.46
571.78,118.35
572.025,195.35
572.269,-23.13
572.513,-15.97
572.757,66.41
573.001,-17.76
573.245,75.37
573.49,148.79
573.734,37.76
573.978,75.37
574.222,35.97
574.466,71.78
574.71,44.92
574.954,100.44
575.198,32.38
575.442,155.95
575.686,381.6
575.93,934.98
576.174,1975.48
576.418,3187.89
576.661,4375.24
576.905,5548.26
577.149,6346.98
577.393,6201.92
577.637,5324.4
577.881,4425.38
578.124,4180.03
578.368,4762.07
578.612,5600.19
578.856,6468.76
579.099,7165.41
579.343,7704.46
579.587,6764.26
579.83,5399.61
580.074,3991.99
580.318,3184.31
580.561,2399.91
580.805,1970.1
581.048,1710.43
581.292,1536.71
581.535,1214.36
581.779,929.61
582.022,657.4
582.266,521.29
582.509,354.74
582.753,197.14
582.996,238.33
583.239,195.35
583.483,98.65
583.726,143.42
583.969,82.53
584.213,121.93
584.456,50.29
584.699,134.46
584.943,34.18
585.186,100.44
585.429,-41.04
585.672,102.23
585.915,145.21
586.159,41.34
586.402,98.65
586.645,114.76
586.888,78.95
587.131,46.71
587.374,34.18
587.617,62.83
587.86,98.65
588.103,84.32
588.346,71.78
588.589,95.07
588.832,27.01
589.075,19.85
589.318,16.27
589.561,95.07
589.804,168.49
590.047,-37.46
590.29,109.39
590.532,25.22
590.775,157.75
591.018,114.76
591.261,55.67
591.504,-7.01
591.746,114.76
591.989,120.14
592.232,30.59
592.474,62.83
592.717,109.39
592.96,130.88
593.202,55.67
593.445,61.04
593.688,23.43
593.93,129.09
594.173,61.04
594.415,16.27
594.658,89.69
594.9,-7.01
595.143,-58.95
595.385,28.8
595.628,-82.23
595.87,104.02
596.112,52.08
596.355,12.69
596.597,27.01
596.84,18.06
597.082,-17.76
597.324,10.89
597.567,91.48
597.809,-69.69
598.051,28.8
598.293,68.2
598.536,89.69
598.778,30.59
599.02,18.06
599.262,59.25
599.504,-3.43
599.746,39.55
599.988,28.8
600.231,86.11
600.473,21.64
600.715,7.31
600.957,-42.83
601.199,34.18
601.441,141.63
601.683,127.3
601.925,77.16
602.167,59.25
602.409,91.48
602.65,84.32
602.892,34.18
603.134,16.27
603.376,157.75
603.618,62.83
603.86,216.84
604.101,112.97
604.343,118.35
604.585,116.56
604.827,-5.22
605.068,53.88
605.31,-44.62
605.552,121.93
605.794,21.64
606.035,61.04
606.277,-67.9
606.518,66.41
606.76,37.76
607.002,66.41
607.243,18.06
607.485,107.6
607.726,-10.6
607.968,-3.43
608.209,43.13
608.451,86.11
608.692,9.1
608.933,82.53
609.175,61.04
609.416,44.92
609.658,27.01
609.899,82.53
610.14,150.58
610.382,182.82
610.623,215.05
610.864,170.28
611.105,157.75
611.347,249.08
611.588,157.75
611.829,163.12
612.07,159.54
612.311,159.54
612.553,138.05
612.794,141.63
613.035,145.21
613.276,39.55
613.517,82.53
613.758,229.38
613.999,16.27
614.24,100.44
614.481,114.76
614.722,139.84
614.963,91.48
615.204,89.69
615.445,27.01
615.686,-15.97
615.927,107.6
616.167,95.07
616.408,86.11
616.649,30.59
616.89,59.25
617.131,30.59
617.372,64.62
617.612,55.67
617.853,7.31
618.094,14.48
618.334,32.38
618.575,80.74
618.816,-8.81
619.056,19.85
619.297,87.9
619.538,86.11
619.778,118.35
620.019,-12.39
620.259,-26.71
620.5,43.13
620.74,-8.81
620.981,96.86
621.221,-21.34
621.462,50.29
621.702,23.43
621.943,62.83
622.183,25.22
622.423,27.01
622.664,-1.64
622.904,57.46
623.144,69.99
623.385,46.71
623.625,69.99
623.865,19.85
624.105,109.39
624.346,19.85
624.586,-32.09
624.826,52.08
625.066,77.16
625.306,10.89
625.546,-80.44
625.787,43.13
626.027,57.46
626.267,44.92
626.507,82.53
626.747,44.92
626.987,-48.2
627.227,52.08
627.467,7.31
627.707,21.64
627.947,-32.09
628.187,-7.01
628.427,-24.92
628.666,41.34
628.906,-69.69
629.146,25.22
629.386,-76.86
629.626,61.04
629.866,69.99
630.105,25.22
630.345,96.86
630.585,89.69
630.825,78.95
631.064,130.88
631.304,21.64
631.544,-50
631.783,14.48
632.023,19.85
632.262,25.22
632.502,-12.39
632.742,-44.62
632.981,-51.79
633.221,80.74
633.46,39.55
633.7,7.31
633.939,91.48
634.179,-15.97
634.418,3.73
634.657,-28.5
634.897,-48.2
635.136,98.65
635.376,9.1
635.615,89.69
635.854,48.5
636.094,-92.98
636.333,30.59
636.572,-14.18
636.811,18.06
637.051,55.67
637.29,-5.22
637.529,-64.32
637.768,-1.64
638.007,46.71
638.246,-8.81
638.486,-17.76
638.725,48.5
638.964,-41.04
639.203,100.44
639.442,-73.28
639.681,-50
639.92,37.76
640.159,-35.67
640.398,19.85
640.637,48.5
640.876,116.56
641.114,68.2
641.353,91.48
641.592,52.08
641.831,59.25
642.07,0.15
642.309,93.27
642.548,98.65
642.786,100.44
643.025,139.84
643.264,44.92
643.502,66.41
643.741,-23.13
643.98,105.81
644.219,-42.83
644.457,-21.34
644.696,-89.39
644.934,-1.64
645.173,27.01
645.412,59.25
645.65,30.59
645.889,43.13
646.127,12.69
646.366,105.81
646.604,82.53
646.842,-39.25
647.081,1.94
647.319,52.08
647.558,-44.62
647.796,-78.65
648.034,3.73
648.273,64.62
648.511,-35.67
648.749,27.01
648.988,27.01
649.226,7.31
649.464,19.85
649.702,-26.71
649.941,27.01
650.179,1.94
650.417,-12.39
650.655,23.43
650.893,-21.34
651.131,37.76
651.369,-28.5
651.607,-14.18
651.845,-50
652.083,-73.28
652.321,71.78
652.559,-12.39
652.797,-23.13
653.035,-73.28
653.273,-5.22
653.511,37.76
653.749,-24.92
653.987,-80.44
654.225,52.08
654.463,25.22
654.701,-75.07
654.938,107.6
655.176,23.43
655.414,-28.5
655.652,39.55
655.889,7.31
656.127,5.52
656.365,125.51
656.602,155.95
656.84,139.84
657.078,141.63
657.315,102.23
657.553,61.04
657.79,27.01
658.028,25.22
658.266,23.43
658.503,104.02
658.741,100.44
658.978,19.85
659.215,14.48
659.453,53.88
659.69,53.88
659.928,-51.79
660.165,-80.44
660.402,1.94
660.64,50.29
660.877,-14.18
661.114,12.69
661.352,-26.71
661.589,25.22
661.826,-12.39
662.063,-51.79
662.301,-15.97
662.538,7.31
662.775,46.71
663.012,-53.58
663.249,-5.22
663.486,-26.71
663.723,5.52
663.961,28.8
664.198,-28.5
664.435,-14.18
664.672,-14.18
664.909,-44.62
665.146,-19.55
665.383,41.34
665.619,-5.22
665.856,-19.55
666.093,-84.02
666.33,-50
666.567,-37.46
666.804,28.8
667.041,78.95
667.278,57.46
667.514,55.67
667.751,84.32
667.988,84.32
668.225,134.46
668.461,91.48
668.698,59.25
668.935,48.5
669.171,77.16
669.408,69.99
669.644,95.07
669.881,-10.6
670.118,1.94
670.354,19.85
670.591,37.76
670.827,-14.18
671.064,32.38
671.3,14.48
671.537,34.18
671.773,0.15
672.01,69.99
672.246,104.02
672.482,-5.22
672.719,-55.37
672.955,44.92
673.191,-41.04
673.428,39.55
673.664,3.73
673.9,-42.83
674.136,39.55
674.373,61.04
674.609,-42.83
674.845,114.76
675.081,62.83
675.317,100.44
675.553,100.44
675.79,166.7
676.026,112.97
676.262,84.32
676.498,27.01
676.734,52.08
676.97,86.11
677.206,166.7
677.442,62.83
677.678,105.81
677.914,21.64
678.15,102.23
678.386,18.06
678.621,-91.18
678.857,37.76
679.093,-30.3
679.329,-17.76
679.565,18.06
679.8,46.71
680.036,21.64
680.272,-23.13
680.508,-17.76
680.743,10.89
680.979,43.13
681.215,16.27
681.45,-12.39
681.686,-42.83
681.922,-78.65
682.157,-105.51
682.393,35.97
682.628,50.29
682.864,30.59
683.099,-8.81
683.335,14.48
683.57,-37.46
683.806,-30.3
684.041,-17.76
684.277,34.18
684.512,1.94
684.747,44.92
684.983,48.5
685.218,35.97
685.453,-58.95
685.689,82.53
685.924,-14.18
686.159,73.57
686.394,-62.53
686.63,-12.39
686.865,82.53
687.1,77.16
687.335,82.53
687.57,168.49
687.806,10.89
688.041,61.04
688.276,145.21
688.511,118.35
688.746,100.44
688.981,82.53
689.216,14.48
689.451,-32.09
689.686,-35.67
689.921,-5.22
690.156,3.73
690.391,41.34
690.625,57.46
690.86,127.3
691.095,125.51
691.33,164.91
691.565,1.94
691.8,213.26
692.034,66.41
692.269,43.13
692.504,87.9
692.739,118.35
692.973,-23.13
693.208,25.22
693.443,-26.71
693.677,139.84
693.912,57.46
694.146,73.57
694.381,35.97
694.616,14.48
694.85,78.95
695.085,120.14
695.319,275.94
695.554,625.16
695.788,1380.91
696.023,2605.86
696.257,4024.23
696.491,5354.84
696.726,6640.69
696.96,7863.85
697.194,7512.84
697.429,7054.38
697.663,6261.02
697.897,5782.86
698.132,4858.77
698.366,4013.48
698.6,3368.77
698.834,2505.57
699.068,2106.21
699.303,1508.06
699.537,1053.18
699.771,763.06
700.005,528.46
700.239,424.58
700.473,164.91
700.707,191.77
700.941,147
701.175,41.34
701.409,100.44
701.643,84.32
701.877,80.74
702.111,46.71
702.345,5.52
702.579,52.08
702.813,59.25
703.047,64.62
703.281,64.62
703.514,98.65
703.748,68.2
703.982,64.62
704.216,69.99
704.449,123.72
704.683,59.25
704.917,93.27
705.15,134.46
705.384,48.5
705.618,215.05
705.851,677.1
706.085,1191.08
706.319,2072.18
706.552,3060.74
706.786,4024.23
707.019,5086.21
707.253,5207.99
707.486,4960.85
707.72,4559.7
707.953,4206.9
708.187,3748.43
708.42,3114.47
708.653,2686.45
708.887,2185.01
709.12,1730.13
709.353,1328.97
709.587,883.05
709.82,614.42
710.053,467.57
710.286,215.05
710.52,193.56
710.753,96.86
710.986,91.48
711.219,43.13
711.452,98.65
711.686,-12.39
711.919,-28.5
712.152,34.18
712.385,69.99
712.618,48.5
712.851,121.93
713.084,34.18
713.317,-48.2
713.55,-15.97
713.783,41.34
714.016,134.46
714.249,327.88
714.482,394.14
714.714,592.93
714.947,664.56
715.18,703.96
715.413,707.54
715.646,653.82
715.878,517.71
716.111,532.04
716.344,548.15
716.577,356.53
716.809,265.2
717.042,340.41
717.275,304.6
717.507,222.22
717.74,102.23
717.973,87.9
718.205,125.51
718.438,35.97
718.67,9.1
718.903,32.38
719.135,100.44
719.368,53.88
719.6,1.94
719.833,-39.25
720.065,68.2
720.297,12.69
720.53,46.71
720.762,14.48
720.995,46.71
721.227,35.97
721.459,9.1
721.691,-14.18
721.924,41.34
722.156,168.49
722.388,5.52
722.62,96.86
722.853,-84.02
723.085,1.94
723.317,-21.34
723.549,-8.81
723.781,-32.09
724.013,53.88
724.245,61.04
724.477,-33.88
724.709,-12.39
724.941,43.13
725.173,-24.92
725.405,78.95
725.637,-3.43
725.869,64.62
726.101,-8.81
726.333,50.29
726.565,198.94
726.797,444.28
727.028,797.09
727.26,1198.24
727.492,1355.84
727.724,1724.75
727.956,1778.48
728.187,1518.8
728.419,1482.99
728.651,1375.54
728.882,1097.95
729.114,1103.32
729.346,879.47
729.577,718.29
729.809,596.51
730.04,386.98
730.272,224.01
730.503,163.12
730.735,93.27
730.966,93.27
731.198,145.21
731.429,50.29
731.661,59.25
731.892,87.9
732.124,69.99
732.355,93.27
732.586,112.97
732.818,35.97
733.049,68.2
733.28,62.83
733.512,95.07
733.743,69.99
733.974,91.48
734.205,68.2
734.436,-26.71
734.668,61.04
734.899,41.34
735.13,-19.55
735.361,154.16
735.592,64.62
735.823,3.73
736.054,177.45
736.285,-28.5
736.516,46.71
736.747,134.46
736.978,189.98
737.209,238.33
737.44,736.2
737.671,1160.63
737.902,2272.76
738.133,3567.56
738.364,5018.16
738.594,6395.34
738.825,7376.73
739.056,7503.88
739.287,7194.06
739.518,6755.3
739.748,6201.92
739.979,5621.68
740.21,4917.87
740.44,3965.13
740.671,3204.01
740.902,2387.38
741.132,1796.39
741.363,1135.56
741.593,755.9
741.824,519.5
742.055,358.32
742.285,95.07
742.516,118.35
742.746,64.62
742.976,125.51
743.207,87.9
743.437,64.62
743.668,50.29
743.898,80.74
744.128,18.06
744.359,78.95
744.589,73.57
744.819,112.97
745.05,21.64
745.28,121.93
745.51,-8.81
745.74,86.11
745.971,44.92
746.201,84.32
746.431,-12.39
746.661,66.41
746.891,19.85
747.121,7.31
747.351,109.39
747.581,82.53
747.811,61.04
748.041,130.88
748.271,102.23
748.501,118.35
748.731,129.09
748.961,118.35
749.191,365.49
749.421,777.39
749.651,1414.93
749.881,2512.74
750.111,4266
750.34,6030
750.57,7998.16
750.8,9982.44
751.03,11868.23
751.259,12876.49
751.489,13659.09
751.719,14839.28
751.949,15090
752.178,14819.58
752.408,13306.29
752.637,11617.51
752.867,9950.21
753.097,8356.34
753.326,6821.56
753.556,5533.93
753.785,4131.68
754.015,3103.72
754.244,2063.23
754.474,1354.04
754.703,963.64
754.932,610.84
755.162,354.74
755.391,327.88
755.621,184.61
755.85,147
756.079,175.65
756.309,125.51
756.538,112.97
756.767,12.69
756.996,75.37
757.225,68.2
757.455,75.37
757.684,112.97
757.913,87.9
758.142,3.73
758.371,93.27
758.6,43.13
758.829,62.83
759.058,82.53
759.287,-7.01
759.516,80.74
759.745,23.43
759.974,27.01
760.203,35.97
760.432,77.16
760.661,0.15
760.89,61.04
761.119,141.63
761.348,112.97
761.577,112.97
761.805,55.67
762.034,175.65
762.263,471.15
762.492,1352.25
762.721,2928.22
762.949,5367.38
763.178,9860.66
763.407,14679.89
763.635,19067.51
763.864,23551.85
764.092,26290.08
764.321,25262.12
764.55,23790.03
764.778,22452.25
765.007,21327.59
765.235,19332.56
765.464,17278.44
765.692,13848.93
765.921,10487.47
766.149,7310.47
766.377,4923.24
766.606,3157.45
766.834,1980.85
767.062,1244.8
767.291,977.96
767.519,555.32
767.747,342.2
767.976,315.34
768.204,249.08
768.432,172.07
768.66,129.09
768.889,155.95
769.117,148.79
769.345,41.34
769.573,37.76
769.801,91.48
770.029,188.19
770.257,116.56
770.485,105.81
770.713,111.18
770.941,138.05
771.169,172.07
771.397,583.97
771.625,1148.1
771.853,1952.19
772.081,3517.41
772.309,5442.6
772.537,7066.91
772.765,8800.47
772.992,9907.23
773.22,9446.97
773.448,8848.82
773.676,8650.04
773.903,7804.75
774.131,7559.4
774.359,6570.84
774.586,5322.61
774.814,3986.62
775.042,2772.41
775.269,1851.91
775.497,1164.21
775.725,682.47
775.952,462.19
776.18,259.83
776.407,318.92
776.635,118.35
776.862,143.42
777.09,86.11
777.317,71.78
777.544,61.04
777.772,136.26
777.999,152.37
778.227,69.99
778.454,102.23
778.681,143.42
778.908,177.45
779.136,61.04
779.363,-5.22
779.59,107.6
779.817,66.41
780.045,41.34
780.272,-14.18
780.499,10.89
780.726,-37.46
780.953,32.38
781.18,23.43
781.407,1.94
781.634,75.37
781.861,5.52
782.088,-14.18
782.315,50.29
782.542,43.13
782.769,10.89
782.996,-1.64
783.223,77.16
783.45,41.34
783.677,12.69
783.904,-24.92
784.13,59.25
784.357,-58.95
784.584,66.41
784.811,-134.17
785.038,100.44
785.264,53.88
785.491,44.92
785.718,61.04
785.944,-42.83
786.171,59.25
786.398,7.31
786.624,-103.72
786.851,-50
787.077,34.18
787.304,-71.49
787.53,-26.71
787.757,78.95
787.983,44.92
788.21,-41.04
788.436,-15.97
788.663,-3.43
788.889,5.52
789.115,-42.83
789.342,18.06
789.568,-69.69
789.794,82.53
790.021,102.23
790.247,23.43
790.473,46.71
790.699,7.31
790.926,21.64
791.152,-24.92
791.378,-7.01
791.604,-64.32
791.83,27.01
792.056,16.27
792.282,-57.16
792.508,69.99
792.735,16.27
792.961,-23.13
793.187,111.18
793.413,9.1
793.638,159.54
793.864,365.49
794.09,947.52
794.316,1472.24
794.542,2722.27
794.768,3796.79
794.994,5123.82
795.22,6107.01
795.445,6995.28
795.671,6660.38
795.897,6395.34
796.123,5920.76
796.348,5748.83
796.574,5297.53
796.8,4547.16
797.025,3773.51
797.251,2940.75
797.477,1973.69
797.702,1293.16
797.928,961.85
798.153,678.89
798.379,447.87
798.604,408.47
798.83,150.58
799.055,39.55
799.281,252.66
799.506,261.62
799.732,421
799.957,703.96
800.182,1339.72
800.408,2414.24
800.633,3746.64
800.858,4948.32
801.084,6522.49
801.309,8386.78
801.534,9525.77
801.759,10722.07
801.985,11517.22
802.21,11529.75
802.435,10607.46
802.66,10070.2
802.885,8984.93
803.11,7806.54
803.335,6923.64
803.561,5421.1
803.786,4335.84
804.011,3255.95
804.236,2219.03
804.461,1518.8
804.685,1058.55
804.91,734.4
805.135,429.96
805.36,374.44
805.585,177.45
805.81,245.5
806.035,114.76
806.26,216.84
806.484,197.14
806.709,155.95
806.934,32.38
807.159,198.94
807.383,111.18
807.608,32.38
807.833,73.57
808.057,139.84
808.282,155.95
808.507,100.44
808.731,172.07
808.956,111.18
809.18,275.94
809.405,657.4
809.629,1115.86
809.854,1767.74
810.078,2897.77
810.303,4548.95
810.527,6409.66
810.751,8651.83
810.976,11094.57
811.2,13918.77
811.425,16922.05
811.649,20124.13
811.873,22896.39
812.097,24920.07
812.322,24361.32
812.546,22095.87
812.77,20365.89
812.994,18542.79
813.219,16417.03
813.443,14332.46
813.667,11576.32
813.891,9425.48
814.115,6884.24
814.339,5023.53
814.563,3443.99
814.787,2491.25
815.011,1595.81
815.235,1176.75
815.459,755.9
815.683,492.64
815.907,453.24
816.131,281.32
816.355,186.4
816.579,215.05
816.802,120.14
817.026,143.42
817.25,114.76
817.474,37.76
817.698,66.41
817.921,77.16
818.145,41.34
818.369,-19.55
818.592,164.91
818.816,104.02
819.04,52.08
819.263,62.83
819.487,10.89
819.71,-41.04
819.934,64.62
820.158,43.13
820.381,41.34
820.605,25.22
820.828,10.89
821.051,-84.02
821.275,1.94
821.498,91.48
821.722,14.48
821.945,-24.92
822.168,75.37
822.392,35.97
822.615,55.67
822.838,-41.04
823.061,-21.34
823.285,46.71
823.508,73.57
823.731,55.67
823.954,-67.9
824.177,-33.88
824.401,10.89
824.624,18.06
824.847,80.74
825.07,50.29
825.293,64.62
825.516,322.51
825.739,537.41
825.962,888.42
826.185,1549.25
826.408,2455.43
826.631,3186.1
826.854,3676.8
827.077,4439.71
827.299,4266
827.522,3852.3
827.745,3590.84
827.968,3227.29
828.191,3007.02
828.413,2496.62
828.636,2186.8
828.859,1730.13
829.082,1343.3
829.304,1065.72
829.527,870.51
829.75,555.32
829.972,329.67
830.195,243.71
830.417,177.45
830.64,125.51
830.862,75.37
831.085,141.63
831.307,16.27
831.53,73.57
831.752,-32.09
831.975,82.53
832.197,-1.64
832.42,35.97
832.642,93.27
832.864,39.55
833.087,-24.92
833.309,-84.02
833.531,95.07
833.753,27.01
833.976,3.73
834.198,93.27
834.42,-24.92
834.642,39.55
834.864,52.08
835.086,-21.34
835.309,77.16
835.531,-42.83
835.753,28.8
835.975,32.38
836.197,1.94
836.419,23.43
836.641,-8.81
836.863,73.57
837.085,0.15
837.307,71.78
837.529,57.46
837.75,55.67
837.972,-14.18
838.194,-37.46
838.416,9.1
838.638,-51.79
838.859,130.88
839.081,-116.26
839.303,112.97
839.525,75.37
839.746,256.24
839.968,630.53
840.19,943.94
840.411,1559.99
840.633,2690.03
840.855,3436.82
841.076,4561.49
841.298,5557.21
841.519,6209.09
841.741,6300.42
841.962,6509.95
842.184,7251.37
842.405,8214.86
842.626,9128.2
842.848,10347.78
843.069,10589.55
843.291,10186.6
843.512,9121.04
843.733,7944.44
843.955,6769.63
844.176,5899.27
844.397,5016.37
844.618,4351.96
844.839,3655.31
845.061,3286.39
845.282,2518.11
845.503,1898.47
845.724,1407.77
845.945,1085.41
846.166,757.69
846.387,526.66
846.608,399.51
846.829,268.78
847.05,250.87
847.271,170.28
847.492,114.76
847.713,138.05
847.934,35.97
848.155,98.65
848.376,9.1
848.597,12.69
848.818,18.06
849.038,59.25
849.259,-30.3
849.48,7.31
849.701,30.59
849.921,-57.16
850.142,18.06
850.363,48.5
850.584,-51.79
850.804,96.86
851.025,95.07
851.245,261.62
851.466,399.51
851.687,764.85
851.907,1031.69
852.128,1744.45
852.348,2149.19
852.569,2491.25
852.789,2702.57
853.009,2659.59
853.23,2339.02
853.45,2108
853.671,1796.39
853.891,1594.02
854.111,1436.42
854.332,1253.76
854.552,1128.4
854.772,990.5
854.992,823.95
855.213,558.9
855.433,510.55
855.653,304.6
855.873,272.36
856.093,77.16
856.313,98.65
856.533,179.24
856.753,86.11
856.974,69.99
857.194,37.76
857.414,-41.04
857.634,-26.71
857.854,27.01
858.073,-44.62
858.293,-110.88
858.513,-14.18
858.733,10.89
858.953,-33.88
859.173,44.92
859.393,-89.39
859.612,-5.22
859.832,-96.56
860.052,28.8
860.272,-53.58
860.491,-14.18
860.711,-32.09
860.931,-28.5
861.15,-15.97
861.37,25.22
861.59,16.27
861.809,-96.56
862.029,27.01
862.248,-44.62
862.468,86.11
862.687,21.64
862.907,28.8
863.126,66.41
863.346,-26.71
863.565,34.18
863.785,1.94
864.004,-37.46
864.223,-46.41
864.443,10.89
864.662,66.41
864.881,-21.34
865.1,9.1
865.32,-57.16
865.539,-57.16
865.758,35.97
865.977,-19.55
866.196,53.88
866.416,148.79
866.635,141.63
866.854,263.41
867.073,351.16
867.292,351.16
867.511,367.28
867.73,374.44
867.949,370.86
868.168,191.77
868.387,309.97
868.606,283.11
868.825,179.24
869.044,163.12
869.262,188.19
869.481,100.44
869.7,143.42
869.919,102.23
870.138,77.16
870.356,46.71
870.575,62.83
870.794,27.01
871.013,-21.34
871.231,-33.88
871.45,-7.01
871.668,62.83
871.887,59.25
872.106,-41.04
872.324,57.46
872.543,-73.28
872.761,-19.55
872.98,-71.49
873.198,-89.39
873.417,-8.81
873.635,9.1
873.854,57.46
874.072,-112.68
874.29,39.55
874.509,-62.53
874.727,-60.74
874.945,9.1
875.164,-121.63
875.382,71.78
875.6,-24.92
875.818,0.15
876.037,21.64
876.255,-41.04
876.473,52.08
876.691,25.22
876.909,62.83
877.127,16.27
877.345,0.15
877.563,-82.23
877.781,-75.07
877.999,-30.3
878.217,-57.16
878.435,-94.77
878.653,7.31
878.871,21.64
879.089,9.1
879.307,12.69
879.525,-33.88
879.743,23.43
879.96,-23.13
880.178,-85.81
880.396,-12.39
880.614,-32.09
880.832,-139.54
881.049,102.23
881.267,-44.62
881.485,-57.16
881.702,-42.83
881.92,-17.76
882.137,-21.34
882.355,34.18
882.573,-26.71
882.79,-19.55
883.008,-14.18
883.225,-15.97
883.443,-69.69
883.66,-39.25
883.877,-21.34
884.095,-5.22
884.312,41.34
884.53,-60.74
884.747,-32.09
884.964,-66.11
885.182,-24.92
885.399,-15.97
885.616,-50
885.833,-3.43
886.051,62.83
886.268,-64.32
886.485,-58.95
886.702,69.99
886.919,-39.25
887.136,23.43
887.353,9.1
887.57,-37.46
887.788,-62.53
888.005,-42.83
888.222,-32.09
888.439,-7.01
888.655,-33.88
888.872,-24.92
889.089,-15.97
889.306,-78.65
889.523,-33.88
889.74,-24.92
889.957,-125.21
890.174,-23.13
890.39,1.94
890.607,-67.9
890.824,-96.56
891.041,-75.07
891.257,-30.3
891.474,-17.76
891.691,-128.79
891.907,0.15
892.124,-57.16
892.34,-30.3
892.557,18.06
892.774,-66.11
892.99,-23.13
893.207,-1.64
893.423,-51.79
893.64,53.88
893.856,-26.71
894.072,-51.79
894.289,-5.22
894.505,-30.3
894.722,-100.14
894.938,-92.98
895.154,-76.86
895.37,-75.07
895.587,-15.97
895.803,-55.37
896.019,-37.46
896.235,-3.43
896.452,-42.83
896.668,-55.37
896.884,21.64
897.1,-84.02
897.316,-85.81
897.532,9.1
897.748,-10.6
897.964,41.34
898.18,-39.25
898.396,-37.46
898.612,-42.83
898.828,-24.92
899.044,16.27
899.26,-85.81
899.476,30.59
899.692,-15.97
899.908,-92.98
900.123,-28.5
900.339,44.92
900.555,-10.6
900.771,5.52
900.986,-23.13
901.202,-66.11
901.418,43.13
901.633,-85.81
901.849,-30.3
902.065,27.01
902.28,-15.97
902.496,-19.55
902.711,-5.22
902.927,-5.22
903.143,-8.81
903.358,-91.18
903.573,-3.43
903.789,-92.98
904.004,-24.92
904.22,-41.04
904.435,-71.49
904.651,-3.43
904.866,-66.11
905.081,-150.28
905.296,21.64
905.512,-12.39
905.727,-121.63
905.942,-23.13
906.157,-19.55
906.373,-12.39
906.588,-24.92
906.803,-12.39
907.018,-55.37
907.233,-21.34
907.448,-35.67
907.663,14.48
907.878,-21.34
908.093,-3.43
908.308,-119.84
908.523,-112.68
908.738,23.43
908.953,-5.22
909.168,-60.74
909.383,-46.41
909.598,-150.28
909.813,-10.6
910.027,-28.5
910.242,-57.16
910.457,39.55
910.672,-41.04
910.887,32.38
911.101,184.61
911.316,392.35
911.531,734.4
911.745,841.86
911.96,1275.25
912.174,1545.67
912.389,2118.75
912.604,2582.58
912.818,2980.15
913.033,3085.81
913.247,2713.31
913.462,2681.08
913.676,2374.84
913.89,2201.13
914.105,2287.09
914.319,2111.58
914.534,2052.48
914.748,1927.12
914.962,1751.62
915.177,1801.76
915.391,1674.61
915.605,1525.97
915.819,1380.91
916.034,1139.14
916.248,870.51
916.462,621.58
916.676,388.77
916.89,241.92
917.104,206.1
917.318,164.91
917.532,95.07
917.746,68.2
917.96,-44.62
918.174,-15.97
918.388,34.18
918.602,14.48
918.816,-17.76
919.03,27.01
919.244,52.08
919.458,-30.3
919.672,-15.97
919.886,-60.74
920.099,109.39
920.313,-28.5
920.527,-30.3
920.741,1.94
920.954,21.64
921.168,-39.25
921.382,41.34
921.595,12.69
921.809,125.51
922.023,220.43
922.236,150.58
922.45,284.9
922.663,417.42
922.877,544.57
923.09,521.29
923.304,438.91
923.517,564.27
923.731,490.85
923.944,463.98
924.157,485.47
924.371,404.89
924.584,388.77
924.797,379.81
925.011,360.11
925.224,413.84
925.437,275.94
925.65,397.72
925.864,378.02
926.077,193.56
926.29,252.66
926.503,125.51
926.716,118.35
926.929,80.74
927.142,19.85
927.355,71.78
927.568,-10.6
927.781,-67.9
927.994,18.06
928.207,-33.88
928.42,19.85
928.633,-28.5
928.846,-10.6
929.059,-46.41
929.272,-35.67
929.485,-41.04
929.697,-55.37
929.91,-21.34
930.123,-92.98
930.336,-91.18
930.549,18.06
930.761,-121.63
930.974,66.41
931.187,-8.81
931.399,-21.34
931.612,-32.09
931.824,-73.28
932.037,7.31
932.249,-41.04
932.462,-87.6
932.675,21.64
932.887,-55.37
933.099,-94.77
933.312,-42.83
933.524,-55.37
933.737,-152.07
933.949,-39.25
934.161,-62.53
934.374,-41.04
934.586,39.55
934.798,-58.95
935.011,39.55
935.223,-14.18
935.435,-89.39
935.647,-39.25
935.859,-116.26
936.072,-67.9
936.284,-12.39
936.496,25.22
936.708,61.04
936.92,-105.51
937.132,-53.58
937.344,46.71
937.556,3.73
937.768,-3.43
937.98,10.89
938.192,32.38
938.404,-53.58
938.616,21.64
938.828,25.22
939.039,50.29
939.251,68.2
939.463,28.8
939.675,-19.55
939.887,129.09
940.098,-73.28
940.31,-17.76
940.522,-55.37
940.733,-67.9
940.945,-5.22
941.157,-73.28
941.368,-39.25
941.58,25.22
941.791,-53.58
942.003,-67.9
942.214,-12.39
942.426,-75.07
942.637,-24.92
942.849,-3.43
943.06,-39.25
943.272,71.78
943.483,-10.6
943.694,28.8
943.906,-85.81
944.117,-21.34
944.328,-51.79
944.54,-50
944.751,16.27
944.962,-19.55
945.173,-8.81
945.384,27.01
945.596,-98.35
945.807,21.64
946.018,39.55
946.229,-26.71
946.44,-51.79
946.651,-17.76
946.862,-19.55
947.073,10.89
947.284,-82.23
947.495,-62.53
947.706,-24.92
947.917,21.64
948.128,-32.09
948.339,64.62
948.549,-10.6
948.76,-50
948.971,-84.02
949.182,-110.88
949.393,19.85
949.603,-57.16
949.814,-41.04
950.025,-42.83
950.235,-118.05
950.446,-69.69
950.657,-15.97
950.867,-75.07
951.078,-105.51
951.288,-39.25
951.499,-32.09
951.709,34.18
951.92,-24.92
952.13,-60.74
952.341,-82.23
952.551,-107.3
952.762,-69.69
952.972,-35.67
953.182,-107.3
953.393,-57.16
953.603,-94.77
953.813,-46.41
954.024,1.94
954.234,55.67
954.444,1.94
954.654,16.27
954.865,-42.83
955.075,18.06
955.285,80.74
955.495,-60.74
955.705,-89.39
955.915,-1.64
956.125,-60.74
956.335,7.31
956.545,-10.6
956.755,-3.43
956.965,-37.46
957.175,57.46
957.385,-148.49
957.595,-28.5
957.805,10.89
958.015,12.69
958.224,-105.51
958.434,-7.01
958.644,-30.3
958.854,25.22
959.064,9.1
959.273,-39.25
959.483,-155.66
959.693,-62.53
959.902,-75.07
960.112,-92.98
960.322,-10.6
960.531,-71.49
960.741,-32.09
960.95,35.97
961.16,-73.28
961.369,-24.92
961.579,44.92
961.788,-85.81
961.998,-91.18
962.207,16.27
962.416,-64.32
962.626,-28.5
962.835,5.52
963.044,-107.3
963.254,-53.58
963.463,-76.86
963.672,-73.28
963.881,-23.13
964.091,-33.88
964.3,10.89
964.509,-103.72
964.718,-1.64
964.927,16.27
965.136,57.46
965.345,28.8
965.554,-14.18
965.763,44.92
965.972,32.38
966.181,155.95
966.39,145.21
966.599,145.21
966.808,204.31
967.017,154.16
967.226,155.95
967.435,258.03
967.644,275.94
967.852,372.65
968.061,279.52
968.27,274.15
968.479,155.95
968.687,232.96
968.896,220.43
969.105,155.95
969.313,243.71
969.522,152.37
969.731,172.07
969.939,130.88
970.148,170.28
970.356,98.65
970.565,71.78
970.773,102.23
970.982,53.88
971.19,-98.35
971.399,12.69
971.607,-19.55
971.815,-35.67
972.024,50.29
972.232,10.89
972.44,-48.2
972.649,-46.41
972.857,-119.84
973.065,-98.35
973.273,-35.67
973.482,14.48
973.69,-103.72
973.898,-42.83
974.106,0.15
974.314,-12.39
974.522,-87.6
974.73,0.15
974.938,-119.84
975.146,12.69
975.354,7.31
975.562,27.01
975.77,-159.24
975.978,-57.16
976.186,-5.22
976.394,-51.79
976.602,-19.55
976.81,52.08
977.018,-23.13
977.225,-14.18
977.433,44.92
977.641,-32.09
977.849,0.15
978.056,-15.97
978.264,-98.35
978.472,-24.92
978.679,3.73
978.887,-26.71
979.094,9.1
979.302,-39.25
979.51,-24.92
979.717,-82.23
979.925,-32.09
980.132,0.15
980.339,68.2
980.547,-32.09
980.754,-7.01
980.962,53.88
981.169,98.65
981.376,46.71
981.584,3.73
981.791,5.52
981.998,-89.39
982.206,-15.97
982.413,75.37
982.62,35.97
982.827,-169.98
983.034,21.64
983.242,-144.91
983.449,-3.43
983.656,-84.02
983.863,25.22
984.07,-19.55
984.277,-19.55
984.484,-53.58
984.691,-64.32
984.898,-67.9
985.105,3.73
985.312,-132.37
985.519,-60.74
985.725,-66.11
985.932,-42.83
986.139,-10.6
986.346,-67.9
986.553,-53.58
986.759,-66.11
986.966,-80.44
987.173,-50
987.38,-50
987.586,-42.83
987.793,37.76
988,-141.33
988.206,-130.58
988.413,-94.77
988.619,-19.55
988.826,3.73
989.032,3.73
989.239,5.52
989.445,-12.39
989.652,-67.9
989.858,-78.65
990.064,18.06
990.271,27.01
990.477,-42.83
990.684,-24.92
990.89,5.52
991.096,-28.5
991.302,-15.97
991.509,-94.77
991.715,-50
991.921,-119.84
992.127,23.43
992.333,-80.44
992.539,-51.79
992.746,-105.51
992.952,-121.63
993.158,3.73
993.364,19.85
993.57,-116.26
993.776,-85.81
993.982,-19.55
994.188,-10.6
994.394,-91.18
994.599,-76.86
994.805,-58.95
995.011,-60.74
995.217,-46.41
995.423,-53.58
995.629,-10.6
995.834,12.69
996.04,-46.41
996.246,-110.88
996.452,-21.34
996.657,-14.18
996.863,-84.02
997.068,14.48
997.274,-10.6
997.48,9.1
997.685,-58.95
997.891,-64.32
998.096,-5.22
998.302,-71.49
998.507,-57.16
998.713,41.34
998.918,-23.13
999.123,-39.25
999.329,-8.81
999.534,-62.53
999.74,-155.66
999.945,-1.64
1000.15,-17.76
1000.355,-23.13
1000.561,10.89
1000.766,-39.25
1000.971,-48.2
1001.176,0.15
1001.381,1.94
1001.586,-17.76
1001.792,-57.16
1001.997,-32.09
1002.202,-19.55
1002.407,28.8
1002.612,18.06
1002.817,-55.37
1003.022,-60.74
1003.227,35.97
1003.432,-62.53
1003.637,21.64
1003.841,-103.72
1004.046,-42.83
1004.251,-55.37
1004.456,-67.9
1004.661,-41.04
1004.865,-107.3
1005.07,-116.26
1005.275,25.22
1005.48,-143.12
1005.684,35.97
1005.889,-134.17
1006.094,-12.39
1006.298,-10.6
1006.503,9.1
1006.707,-48.2
1006.912,-17.76
1007.116,-60.74
1007.321,-75.07
1007.525,35.97
1007.73,-92.98
1007.934,-67.9
1008.139,-42.83
1008.343,-71.49
1008.547,-80.44
1008.752,-87.6
1008.956,25.22
1009.16,-23.13
1009.364,5.52
1009.569,-8.81
1009.773,-112.68
1009.977,-24.92
1010.181,-55.37
1010.385,-26.71
1010.589,-109.09
1010.794,-85.81
1010.998,-24.92
1011.202,-46.41
1011.406,25.22
1011.61,-98.35
1011.814,-148.49
1012.018,-71.49
1012.222,-28.5
1012.426,-75.07
1012.629,-82.23
1012.833,25.22
1013.037,-80.44
1013.241,-134.17
1013.445,-71.49
1013.649,-82.23
1013.852,25.22
1014.056,12.69
1014.26,-78.65
1014.463,-58.95
1014.667,-7.01
1014.871,-17.76
1015.074,-130.58
1015.278,48.5
1015.482,-76.86
1015.685,-8.81
1015.889,-85.81
1016.092,-33.88
1016.296,-69.69
1016.499,-28.5
1016.703,-51.79
1016.906,-76.86
1017.109,-50
1017.313,-28.5
1017.516,5.52
1017.719,-26.71
1017.923,7.31
1018.126,-51.79
1018.329,1.94
1018.532,-69.69
1018.736,71.78
1018.939,19.85
1019.142,-12.39
1019.345,-71.49
1019.548,-125.21
1019.751,-55.37
1019.954,-12.39
1020.157,3.73
1020.361,-55.37
1020.564,-153.87
1020.766,-150.28
1020.969,3.73
1021.172,-35.67
1021.375,-96.56
1021.578,-67.9
1021.781,-41.04
1021.984,-92.98
1022.187,-23.13
1022.389,3.73
1022.592,-89.39
1022.795,-82.23
1022.998,-51.79
1023.2,-48.2
1023.403,-28.5
1023.606,39.55
1023.808,-32.09
1024.011,41.34
1024.214,-39.25
1024.416,5.52
1024.619,-17.76
1024.821,-39.25
1025.024,-48.2
1025.226,-78.65
1025.429,-112.68
1025.631,-78.65
1025.833,28.8
1026.036,-46.41
1026.238,-30.3
1026.441,-35.67
1026.643,5.52
1026.845,-98.35
1027.047,-14.18
1027.25,-80.44
1027.452,5.52
1027.654,1.94
1027.856,-121.63
1028.058,5.52
1028.261,-41.04
1028.463,-26.71
1028.665,-96.56
1028.867,-37.46
1029.069,-87.6
1029.271,-75.07
1029.473,-85.81
1029.675,-21.34
1029.877,-55.37
1030.079,-44.62
1030.281,-82.23
1030.482,-5.22
1030.684,-12.39
1030.886,-10.6
1031.088,-101.93
1031.29,7.31
1031.491,-32.09
1031.693,-46.41
1031.895,-50
1032.097,-8.81
1032.298,-19.55
1032.5,18.06
1032.701,-60.74
1032.903,-80.44
1033.105,-30.3
1033.306,35.97
1033.508,-57.16
1033.709,-46.41
1033.911,-62.53
1034.112,-5.22
1034.314,-41.04
1034.515,16.27
1034.716,-64.32
1034.918,18.06
1035.119,-28.5
1035.32,-110.88
1035.522,-71.49
1035.723,-23.13
1035.924,-39.25
1036.125,-80.44
1036.327,-146.7
1036.528,-44.62
1036.729,-98.35
1036.93,-7.01
1037.131,-87.6
1037.332,21.64
1037.533,-44.62
1037.734,-64.32
1037.935,-84.02
1038.136,-73.28
1038.337,34.18
1038.538,-80.44
1038.739,-84.02
1038.94,-24.92
1039.141,-80.44
1039.342,-62.53
1039.543,-51.79
1039.744,35.97
1039.944,-35.67
1040.145,-69.69
1040.346,-46.41
1040.547,73.57
1040.747,-94.77
1040.948,-23.13
1041.149,-7.01
1041.349,-42.83
1041.55,-118.05
1041.75,-8.81
1041.951,-127
1042.152,-76.86
1042.352,-44.62
1042.553,-96.56
1042.753,-69.69
1042.953,7.31
1043.154,-71.49
1043.354,-101.93
1043.555,-46.41
1043.755,-39.25
1043.955,-51.79
1044.156,-26.71
1044.356,-44.62
1044.556,-64.32
1044.756,-121.63
1044.957,-44.62
1045.157,-107.3
1045.357,-15.97
1045.557,-109.09
1045.757,-19.55
1045.957,-37.46
1046.157,-41.04
1046.357,-23.13
1046.557,-5.22
1046.757,-32.09
1046.957,-76.86
1047.157,-39.25
1047.357,-98.35
1047.557,-92.98
1047.757,-64.32
1047.957,-85.81
1048.157,-50
1048.356,-39.25
1048.556,-5.22
1048.756,12.69
1048.956,37.76
1049.156,-30.3
1049.355,-60.74
1049.555,-53.58
1049.755,9.1
1049.954,-10.6
1050.154,-15.97
1050.353,-82.23
1050.553,64.62
1050.752,-50
1050.952,50.29
1051.151,-19.55
1051.351,28.8
1051.55,-62.53
1051.75,16.27
1051.949,-58.95
1052.148,172.07
1052.348,-44.62
1052.547,-24.92
1052.746,-107.3
1052.946,-15.97
1053.145,-98.35
1053.344,16.27
1053.543,-85.81
1053.743,-1.64
1053.942,-55.37
1054.141,-64.32
1054.34,-32.09
1054.539,-73.28
1054.738,23.43
1054.937,-114.47
1055.136,-48.2
1055.335,-21.34
1055.534,5.52
1055.733,-118.05
1055.932,-118.05
1056.131,-118.05
