194.216,-222.07
194.484,-222.07
194.753,-222.07
195.022,-189.83
195.29,-21.49
195.559,34.03
195.827,-34.03
196.096,42.98
196.364,-34.03
196.633,100.29
196.901,-57.31
197.17,-19.7
197.438,-21.49
197.706,-1.79
197.975,57.31
198.243,-85.96
198.512,19.7
198.78,-3.58
199.048,0
199.317,64.47
199.585,53.73
199.853,111.03
200.122,30.44
200.39,46.56
200.658,0
200.926,5.37
201.195,44.77
201.463,-44.77
201.731,91.33
201.999,14.33
202.267,-17.91
202.536,51.94
202.804,128.94
203.072,42.98
203.34,136.11
203.608,26.86
203.876,-48.35
204.144,14.33
204.412,-100.29
204.68,82.38
204.948,-7.16
205.216,48.35
205.484,-14.33
205.752,-46.56
206.02,8.95
206.288,7.16
206.556,39.4
206.824,82.38
207.092,-8.95
207.36,84.17
207.628,28.65
207.896,73.43
208.164,-12.54
208.431,25.07
208.699,-14.33
208.967,53.73
209.235,94.92
209.503,-16.12
209.77,37.61
210.038,35.82
210.306,26.86
210.573,55.52
210.841,7.16
211.109,12.54
211.377,-96.71
211.644,-17.91
211.912,-68.05
212.179,-28.65
212.447,-57.31
212.715,-30.44
212.982,105.66
213.25,23.28
213.517,10.75
213.785,60.89
214.052,32.24
214.32,-17.91
214.587,44.77
214.855,112.82
215.122,-44.77
215.39,48.35
215.657,-44.77
215.925,-41.19
216.192,-14.33
216.459,-17.91
216.727,0
216.994,-50.14
217.261,-55.52
217.529,10.75
217.796,80.59
218.063,82.38
218.331,10.75
218.598,80.59
218.865,5.37
219.132,37.61
219.399,23.28
219.667,94.92
219.934,-8.95
220.201,35.82
220.468,-66.26
220.735,-12.54
221.002,73.43
221.27,46.56
221.537,0
221.804,-25.07
222.071,19.7
222.338,37.61
222.605,51.94
222.872,-28.65
223.139,19.7
223.406,132.52
223.673,51.94
223.94,12.54
224.207,0
224.474,50.14
224.741,8.95
225.007,12.54
225.274,-28.65
225.541,32.24
225.808,-46.56
226.075,30.44
226.342,17.91
226.609,-39.4
226.875,51.94
227.142,51.94
227.409,16.12
227.676,69.84
227.942,-5.37
228.209,-69.84
228.476,-1.79
228.742,-16.12
229.009,-10.75
229.276,98.5
229.542,8.95
229.809,-35.82
230.076,46.56
230.342,8.95
230.609,-17.91
230.875,91.33
231.142,64.47
231.408,34.03
231.675,37.61
231.941,-12.54
232.208,64.47
232.474,35.82
232.741,50.14
233.007,12.54
233.274,41.19
233.54,53.73
233.807,-14.33
234.073,-21.49
234.339,78.8
234.606,25.07
234.872,41.19
235.138,71.63
235.405,10.75
235.671,25.07
235.937,116.41
236.203,85.96
236.47,-32.24
236.736,-12.54
237.002,-19.7
237.268,-19.7
237.535,17.91
237.801,37.61
238.067,26.86
238.333,51.94
238.599,66.26
238.865,-66.26
239.131,41.19
239.397,75.22
239.663,-8.95
239.929,-16.12
240.195,25.07
240.462,-17.91
240.728,119.99
240.993,-14.33
241.259,93.13
241.525,87.75
241.791,-98.5
242.057,3.58
242.323,42.98
242.589,0
242.855,37.61
243.121,12.54
243.387,-23.28
243.652,21.49
243.918,-25.07
244.184,-59.1
244.45,50.14
244.716,78.8
244.981,32.24
245.247,48.35
245.513,21.49
245.779,-85.96
246.044,64.47
246.31,109.24
246.576,7.16
246.841,118.2
247.107,68.05
247.373,-75.22
247.638,130.73
247.904,118.2
248.169,116.41
248.435,-26.86
248.7,-44.77
248.966,55.52
249.231,26.86
249.497,-5.37
249.762,23.28
250.028,50.14
250.293,28.65
250.559,68.05
250.824,16.12
251.09,112.82
251.355,21.49
251.62,60.89
251.886,-59.1
252.151,159.39
252.416,21.49
252.682,25.07
252.947,62.68
253.212,-32.24
253.477,69.84
253.743,100.29
254.008,91.33
254.273,-21.49
254.538,37.61
254.804,10.75
255.069,75.22
255.334,25.07
255.599,17.91
255.864,84.17
256.129,30.44
256.394,5.37
256.659,-119.99
256.925,-44.77
257.19,-3.58
257.455,-1.79
257.72,28.65
257.985,23.28
258.25,3.58
258.515,66.26
258.78,-25.07
259.044,-25.07
259.309,-34.03
259.574,34.03
259.839,8.95
260.104,34.03
260.369,-77.01
260.634,-77.01
260.899,46.56
261.163,-59.1
261.428,-28.65
261.693,16.12
261.958,48.35
262.223,23.28
262.487,32.24
262.752,25.07
263.017,73.43
263.281,10.75
263.546,-1.79
263.811,84.17
264.075,66.26
264.34,-5.37
264.605,-23.28
264.869,64.47
265.134,-21.49
265.398,-34.03
265.663,41.19
265.927,168.34
266.192,32.24
266.457,0
266.721,37.61
266.985,17.91
267.25,87.75
267.514,-37.61
267.779,-7.16
268.043,87.75
268.308,48.35
268.572,59.1
268.836,50.14
269.101,35.82
269.365,-12.54
269.629,75.22
269.894,62.68
270.158,32.24
270.422,-7.16
270.687,1.79
270.951,-26.86
271.215,25.07
271.479,-37.61
271.743,-25.07
272.008,77.01
272.272,-16.12
272.536,-8.95
272.8,7.16
273.064,8.95
273.328,60.89
273.592,-68.05
273.856,0
274.12,50.14
274.385,-41.19
274.649,16.12
274.913,141.48
275.177,7.16
275.441,32.24
275.704,12.54
275.968,12.54
276.232,32.24
276.496,-89.54
276.76,-8.95
277.024,89.54
277.288,-10.75
277.552,12.54
277.816,1.79
278.079,71.63
278.343,73.43
278.607,55.52
278.871,103.87
279.135,30.44
279.398,60.89
279.662,73.43
279.926,-96.71
280.189,62.68
280.453,-12.54
280.717,-1.79
280.98,51.94
281.244,-23.28
281.508,28.65
281.771,48.35
282.035,21.49
282.298,23.28
282.562,57.31
282.826,14.33
283.089,0
283.353,-7.16
283.616,-30.44
283.88,53.73
284.143,-10.75
284.407,32.24
284.67,-32.24
284.933,57.31
285.197,-105.66
285.46,-8.95
285.724,5.37
285.987,37.61
286.25,143.27
286.514,51.94
286.777,3.58
287.04,25.07
287.303,162.97
287.567,39.4
287.83,5.37
288.093,16.12
288.356,-73.43
288.62,7.16
288.883,16.12
289.146,71.63
289.409,-23.28
289.672,-10.75
289.935,3.58
290.198,59.1
290.461,28.65
290.725,32.24
290.988,-66.26
291.251,-55.52
291.514,-80.59
291.777,100.29
292.04,34.03
292.303,46.56
292.566,12.54
292.829,118.2
293.091,82.38
293.354,50.14
293.617,37.61
293.88,10.75
294.143,-48.35
294.406,84.17
294.669,0
294.932,-51.94
295.194,48.35
295.457,5.37
295.72,-25.07
295.983,68.05
296.245,25.07
296.508,-7.16
296.771,39.4
297.034,-5.37
297.296,44.77
297.559,12.54
297.822,17.91
298.084,80.59
298.347,-87.75
298.609,8.95
298.872,-28.65
299.135,55.52
299.397,-16.12
299.66,14.33
299.922,1.79
300.185,10.75
300.447,-68.05
300.71,75.22
300.972,28.65
301.235,34.03
301.497,30.44
301.759,-5.37
302.022,73.43
302.284,-32.24
302.546,85.96
302.809,-59.1
303.071,23.28
303.333,73.43
303.596,-30.44
303.858,100.29
304.12,-42.98
304.383,-87.75
304.645,-98.5
304.907,121.78
305.169,3.58
305.431,57.31
305.694,-3.58
305.956,-26.86
306.218,-53.73
306.48,55.52
306.742,17.91
307.004,-5.37
307.266,62.68
307.528,94.92
307.79,3.58
308.052,55.52
308.314,-48.35
308.576,10.75
308.838,-37.61
309.1,-26.86
309.362,-28.65
309.624,23.28
309.886,-5.37
310.148,0
310.41,80.59
310.672,21.49
310.934,87.75
311.196,59.1
311.457,197
311.719,227.44
311.981,268.63
312.243,460.25
312.504,334.89
312.766,392.2
313.028,250.72
313.29,349.22
313.551,263.26
313.813,186.25
314.075,128.94
314.336,171.92
314.598,28.65
314.86,57.31
315.121,25.07
315.383,82.38
315.644,21.49
315.906,-78.8
316.167,114.62
316.429,145.06
316.69,-19.7
316.952,42.98
317.213,32.24
317.475,118.2
317.736,112.82
317.998,-1.79
318.259,71.63
318.521,202.37
318.782,102.08
319.043,57.31
319.305,-7.16
319.566,100.29
319.827,77.01
320.089,5.37
320.35,57.31
320.611,28.65
320.872,17.91
321.134,10.75
321.395,57.31
321.656,118.2
321.917,3.58
322.178,23.28
322.44,8.95
322.701,64.47
322.962,41.19
323.223,55.52
323.484,119.99
323.745,59.1
324.006,46.56
324.267,39.4
324.528,25.07
324.789,21.49
325.05,37.61
325.311,66.26
325.572,141.48
325.833,26.86
326.094,171.92
326.355,41.19
326.616,23.28
326.877,96.71
327.138,50.14
327.398,85.96
327.659,128.94
327.92,87.75
328.181,112.82
328.442,154.01
328.702,82.38
328.963,132.52
329.224,162.97
329.485,139.69
329.745,44.77
330.006,123.57
330.267,41.19
330.527,82.38
330.788,91.33
331.049,170.13
331.309,91.33
331.57,189.83
331.83,145.06
332.091,35.82
332.351,139.69
332.612,189.83
332.873,162.97
333.133,195.2
333.393,290.12
333.654,245.35
333.914,327.73
334.175,268.63
334.435,248.93
334.696,195.2
334.956,145.06
335.216,186.25
335.477,205.95
335.737,125.36
335.997,159.39
336.258,220.28
336.518,175.51
336.778,222.07
337.038,123.57
337.299,173.71
337.559,261.47
337.819,241.77
338.079,50.14
338.34,84.17
338.6,105.66
338.86,162.97
339.12,222.07
339.38,103.87
339.64,146.85
339.9,207.74
340.16,318.77
340.42,118.2
340.68,177.3
340.94,170.13
341.2,225.65
341.46,170.13
341.72,173.71
341.98,150.43
342.24,121.78
342.5,173.71
342.76,75.22
343.02,306.24
343.28,254.3
343.54,218.49
343.799,166.55
344.059,152.22
344.319,236.39
344.579,313.4
344.839,127.15
345.098,180.88
345.358,166.55
345.618,78.8
345.878,57.31
346.137,207.74
346.397,134.32
346.657,188.04
346.916,193.41
347.176,150.43
347.435,139.69
347.695,239.98
347.955,184.46
348.214,121.78
348.474,132.52
348.733,69.84
348.993,170.13
349.252,179.09
349.512,282.96
349.771,241.77
350.031,211.32
350.29,197
350.549,211.32
350.809,159.39
351.068,182.67
351.328,213.11
351.587,223.86
351.846,145.06
352.106,119.99
352.365,130.73
352.624,193.41
352.883,162.97
353.143,98.5
353.402,232.81
353.661,91.33
353.92,103.87
354.179,207.74
354.439,157.6
354.698,134.32
354.957,89.54
355.216,137.9
355.475,157.6
355.734,225.65
355.993,179.09
356.252,73.43
356.511,127.15
356.77,164.76
357.029,259.68
357.288,193.41
357.547,141.48
357.806,236.39
358.065,200.58
358.324,316.98
358.583,250.72
358.842,161.18
359.101,103.87
359.36,193.41
359.619,44.77
359.877,96.71
360.136,227.44
360.395,109.24
360.654,125.36
360.913,173.71
361.171,55.52
361.43,107.45
361.689,87.75
361.947,152.22
362.206,123.57
362.465,193.41
362.723,193.41
362.982,263.26
363.241,363.55
363.499,890.06
363.758,1475.67
364.016,2353.2
364.275,3130.44
364.533,3936.33
364.792,4532.69
365.05,4899.81
365.309,4196
365.567,3588.9
365.826,2892.25
366.084,2199.19
366.343,1898.32
366.601,1629.69
366.86,1250.03
367.118,970.65
367.376,723.51
367.635,469.21
367.893,352.8
368.151,252.51
368.409,266.84
368.668,211.32
368.926,141.48
369.184,130.73
369.442,77.01
369.701,137.9
369.959,102.08
370.217,125.36
370.475,173.71
370.733,114.62
370.991,94.92
371.25,98.5
371.508,127.15
371.766,162.97
372.024,42.98
372.282,66.26
372.54,132.52
372.798,111.03
373.056,60.89
373.314,35.82
373.572,119.99
373.83,73.43
374.088,91.33
374.345,62.68
374.603,161.18
374.861,64.47
375.119,59.1
375.377,68.05
375.635,85.96
375.893,80.59
376.15,128.94
376.408,94.92
376.666,141.48
376.924,154.01
377.181,77.01
377.439,146.85
377.697,220.28
377.954,103.87
378.212,37.61
378.47,182.67
378.727,77.01
378.985,39.4
379.243,173.71
379.5,77.01
379.758,220.28
380.015,171.92
380.273,170.13
380.53,105.66
380.788,218.49
381.045,143.27
381.303,179.09
381.56,21.49
381.818,89.54
382.075,94.92
382.332,103.87
382.59,32.24
382.847,125.36
383.105,173.71
383.362,116.41
383.619,123.57
383.876,34.03
384.134,166.55
384.391,1.79
384.648,-1.79
384.905,77.01
385.163,35.82
385.42,123.57
385.677,66.26
385.934,85.96
386.191,57.31
386.449,82.38
386.706,12.54
386.963,41.19
387.22,68.05
387.477,39.4
387.734,116.41
387.991,68.05
388.248,107.45
388.505,19.7
388.762,77.01
389.019,19.7
389.276,41.19
389.533,53.73
389.79,136.11
390.047,93.13
390.304,57.31
390.56,118.2
390.817,30.44
391.074,132.52
391.331,39.4
391.588,71.63
391.844,159.39
392.101,-23.28
392.358,26.86
392.615,162.97
392.871,7.16
393.128,16.12
393.385,111.03
393.641,7.16
393.898,39.4
394.155,32.24
394.411,16.12
394.668,26.86
394.925,143.27
395.181,37.61
395.438,84.17
395.694,69.84
395.951,68.05
396.207,46.56
396.464,30.44
396.72,17.91
396.977,78.8
397.233,94.92
397.489,-23.28
397.746,123.57
398.002,55.52
398.259,17.91
398.515,-1.79
398.771,10.75
399.028,37.61
399.284,-42.98
399.54,19.7
399.796,85.96
400.053,80.59
400.309,73.43
400.565,60.89
400.821,114.62
401.078,28.65
401.334,84.17
401.59,91.33
401.846,116.41
402.102,125.36
402.358,121.78
402.614,111.03
402.87,365.34
403.126,675.16
403.382,1513.28
403.638,2568.1
403.894,3275.5
404.15,4194.21
404.406,4987.57
404.662,5170.23
404.918,4625.81
405.174,3633.67
405.43,2695.26
405.686,1835.64
405.942,1579.55
406.198,1293.01
406.454,1169.44
406.709,1040.49
406.965,1019
407.221,721.72
407.477,775.45
407.732,617.85
407.988,556.96
408.244,542.63
408.5,376.08
408.755,309.82
409.011,234.6
409.267,161.18
409.522,157.6
409.778,162.97
410.033,127.15
410.289,111.03
410.545,73.43
410.8,35.82
411.056,68.05
411.311,96.71
411.567,105.66
411.822,77.01
412.078,107.45
412.333,119.99
412.588,98.5
412.844,60.89
413.099,229.23
413.355,14.33
413.61,179.09
413.865,75.22
414.121,26.86
414.376,111.03
414.631,193.41
414.887,128.94
415.142,188.04
415.397,200.58
415.652,159.39
415.907,146.85
416.163,168.34
416.418,127.15
416.673,207.74
416.928,105.66
417.183,127.15
417.438,-5.37
417.693,232.81
417.949,85.96
418.204,57.31
418.459,103.87
418.714,69.84
418.969,127.15
419.224,189.83
419.479,161.18
419.734,98.5
419.989,39.4
420.243,168.34
420.498,62.68
420.753,62.68
421.008,-7.16
421.263,23.28
421.518,-8.95
421.773,60.89
422.027,82.38
422.282,103.87
422.537,80.59
422.792,78.8
423.047,73.43
423.301,73.43
423.556,-37.61
423.811,180.88
424.065,57.31
424.32,105.66
424.575,34.03
424.829,136.11
425.084,59.1
425.338,14.33
425.593,93.13
425.848,207.74
426.102,143.27
426.357,102.08
426.611,132.52
426.866,175.51
427.12,85.96
427.374,175.51
427.629,55.52
427.883,123.57
428.138,119.99
428.392,17.91
428.646,62.68
428.901,71.63
429.155,105.66
429.409,64.47
429.664,102.08
429.918,28.65
430.172,89.54
430.427,64.47
430.681,96.71
430.935,105.66
431.189,136.11
431.443,159.39
431.698,128.94
431.952,94.92
432.206,161.18
432.46,132.52
432.714,30.44
432.968,171.92
433.222,302.66
433.476,367.13
433.73,374.29
433.984,625.01
434.238,1464.93
434.492,3185.95
434.746,5159.49
435,7240.48
435.254,9572.19
435.508,11395.29
435.762,12976.62
436.016,12888.87
436.27,11543.93
436.523,8383.05
436.777,6282.36
437.031,4769.08
437.285,3694.56
437.539,3211.03
437.792,2648.69
438.046,2252.91
438.3,1597.45
438.553,1307.33
438.807,764.7
439.061,465.63
439.314,302.66
439.568,372.5
439.822,220.28
440.075,268.63
440.329,207.74
440.582,116.41
440.836,161.18
441.09,82.38
441.343,145.06
441.597,193.41
441.85,209.53
442.103,184.46
442.357,137.9
442.61,137.9
442.864,132.52
443.117,51.94
443.371,157.6
443.624,202.37
443.877,80.59
444.131,145.06
444.384,30.44
444.637,143.27
444.89,177.3
445.144,127.15
445.397,112.82
445.65,91.33
445.903,78.8
446.157,68.05
446.41,157.6
446.663,39.4
446.916,143.27
447.169,111.03
447.422,105.66
447.675,125.36
447.928,159.39
448.181,143.27
448.435,102.08
448.688,85.96
448.941,152.22
449.194,170.13
449.446,42.98
449.699,130.73
449.952,35.82
450.205,94.92
450.458,53.73
450.711,161.18
450.964,98.5
451.217,171.92
451.47,105.66
451.722,87.75
451.975,127.15
452.228,32.24
452.481,82.38
452.733,125.36
452.986,109.24
453.239,82.38
453.492,119.99
453.744,141.48
453.997,134.32
454.25,123.57
454.502,109.24
454.755,189.83
455.007,179.09
455.26,157.6
455.513,55.52
455.765,102.08
456.018,127.15
456.27,75.22
456.523,75.22
456.775,111.03
457.028,130.73
457.28,118.2
457.532,62.68
457.785,102.08
458.037,98.5
458.29,44.77
458.542,105.66
458.794,85.96
459.047,59.1
459.299,132.52
459.551,216.69
459.803,89.54
460.056,103.87
460.308,44.77
460.56,123.57
460.812,94.92
461.064,23.28
461.317,202.37
461.569,191.62
461.821,8.95
462.073,119.99
462.325,137.9
462.577,105.66
462.829,143.27
463.081,51.94
463.333,243.56
463.585,109.24
463.837,96.71
464.089,204.16
464.341,184.46
464.593,150.43
464.845,180.88
465.097,223.86
465.349,112.82
465.601,100.29
465.852,150.43
466.104,184.46
466.356,148.64
466.608,186.25
466.86,179.09
467.111,132.52
467.363,214.9
467.615,204.16
467.867,211.32
468.118,111.03
468.37,220.28
468.622,107.45
468.873,77.01
469.125,109.24
469.376,148.64
469.628,225.65
469.88,89.54
470.131,125.36
470.383,127.15
470.634,146.85
470.886,134.32
471.137,145.06
471.389,73.43
471.64,171.92
471.892,191.62
472.143,136.11
472.394,234.6
472.646,180.88
472.897,78.8
473.148,175.51
473.4,121.78
473.651,96.71
473.902,259.68
474.154,189.83
474.405,116.41
474.656,204.16
474.907,155.81
475.159,109.24
475.41,162.97
475.661,145.06
475.912,209.53
476.163,164.76
476.414,231.02
476.665,154.01
476.917,69.84
477.168,105.66
477.419,154.01
477.67,173.71
477.921,277.58
478.172,146.85
478.423,257.88
478.674,238.19
478.925,352.8
479.176,290.12
479.426,327.73
479.677,297.28
479.928,385.04
480.179,334.89
480.43,431.6
480.681,508.61
480.932,539.05
481.182,633.97
481.433,780.82
481.684,779.03
481.935,852.45
482.185,979.6
482.436,1230.33
482.687,1357.48
482.937,1447.02
483.188,1737.14
483.439,1984.28
483.689,2299.47
483.94,2494.68
484.19,2768.68
484.441,3099.99
484.692,3420.56
484.942,3621.13
485.193,4016.92
485.443,4529.1
485.694,4735.05
485.944,5048.46
486.194,5471.1
486.445,5755.85
486.695,5972.54
486.946,6096.11
487.196,6035.22
487.446,6658.44
487.697,6201.77
487.947,6074.62
488.197,5927.77
488.448,5986.87
488.698,5804.2
488.948,5705.7
489.198,5530.2
489.449,5478.26
489.699,5376.18
489.949,5256.2
490.199,4998.31
490.449,5150.53
490.699,4656.26
490.949,4661.63
491.2,4788.78
491.45,4613.27
491.7,4516.57
491.95,4437.77
492.2,4255.1
492.45,4160.18
492.7,4097.5
492.95,3862.9
493.2,3930.95
493.45,3742.91
493.699,3617.55
493.949,3560.24
494.199,3311.31
494.449,3366.83
494.699,3336.39
494.949,3119.69
495.199,3137.6
495.448,2956.72
495.698,2765.1
495.948,2926.28
496.198,2791.96
496.447,2636.16
496.697,2546.61
496.947,2693.46
497.196,2602.13
497.446,2406.93
497.696,2292.31
497.945,2258.28
498.195,2116.81
498.444,2064.87
498.694,1869.67
498.944,1815.94
499.193,1649.39
499.443,1660.13
499.692,1502.54
499.942,1418.37
500.191,1323.45
500.44,1423.74
500.69,1181.97
500.939,1103.17
501.189,1035.12
501.438,1085.27
501.687,974.23
501.937,931.25
502.186,766.49
502.435,721.72
502.685,761.12
502.934,741.42
503.183,594.57
503.432,694.86
503.682,476.37
503.931,496.07
504.18,517.56
504.429,515.77
504.678,393.99
504.927,406.53
505.176,402.95
505.426,424.44
505.675,386.83
505.924,365.34
506.173,322.36
506.422,313.4
506.671,245.35
506.92,404.74
507.169,308.03
507.418,311.61
507.667,311.61
507.915,306.24
508.164,259.68
508.413,218.49
508.662,270.42
508.911,259.68
509.16,222.07
509.408,209.53
509.657,252.51
509.906,146.85
510.155,231.02
510.404,275.79
510.652,238.19
510.901,216.69
511.15,241.77
511.398,216.69
511.647,223.86
511.896,270.42
512.144,223.86
512.393,211.32
512.641,241.77
512.89,277.58
513.138,257.88
513.387,213.11
513.635,205.95
513.884,214.9
514.132,229.23
514.381,157.6
514.629,168.34
514.878,225.65
515.126,143.27
515.374,175.51
515.623,186.25
515.871,141.48
516.119,105.66
516.368,171.92
516.616,209.53
516.864,171.92
517.113,229.23
517.361,236.39
517.609,128.94
517.857,170.13
518.105,128.94
518.354,168.34
518.602,154.01
518.85,171.92
519.098,207.74
519.346,229.23
519.594,162.97
519.842,198.79
520.09,68.05
520.338,189.83
520.586,78.8
520.834,186.25
521.082,290.12
521.33,227.44
521.578,102.08
521.826,121.78
522.074,118.2
522.322,155.81
522.57,128.94
522.817,173.71
523.065,164.76
523.313,112.82
523.561,107.45
523.809,96.71
524.056,66.26
524.304,100.29
524.552,89.54
524.8,111.03
525.047,127.15
525.295,148.64
525.543,146.85
525.79,130.73
526.038,205.95
526.285,146.85
526.533,128.94
526.781,148.64
527.028,130.73
527.276,239.98
527.523,152.22
527.771,290.12
528.018,222.07
528.266,220.28
528.513,134.32
528.76,220.28
529.008,195.2
529.255,118.2
529.502,125.36
529.75,171.92
529.997,222.07
530.244,263.26
530.492,284.75
530.739,223.86
530.986,236.39
531.234,282.96
531.481,265.05
531.728,365.34
531.975,338.47
532.222,415.48
532.469,499.65
532.717,798.73
532.964,727.09
533.211,1008.26
533.458,1099.59
533.705,1128.25
533.952,1083.47
534.199,1065.57
534.446,1020.79
534.693,1011.84
534.94,1069.15
535.187,933.04
535.434,927.67
535.681,1104.97
535.928,1130.04
536.174,1205.25
536.421,1366.43
536.668,1606.41
536.915,1964.58
537.162,2220.68
537.409,2519.75
537.655,2822.41
537.902,3200.28
538.149,3565.62
538.396,4158.39
538.642,4534.48
538.889,4871.16
539.136,5487.22
539.382,6257.29
539.629,7064.97
539.875,8245.15
540.122,9541.74
540.369,11414.99
540.615,13723.42
540.862,15922.6
541.108,18725.31
541.355,21293.41
541.601,24260.88
541.848,26544.24
542.094,28292.12
542.341,28961.91
542.587,29705.12
542.833,29488.42
543.08,29192.93
543.326,29103.39
543.572,28947.58
543.819,28979.82
544.065,28580.45
544.311,28394.2
544.558,28342.27
544.804,29115.92
545.05,31306.15
545.296,32951.96
545.542,34818.04
545.789,36374.31
546.035,38652.29
546.281,40163.78
546.527,39151.94
546.773,37101.4
547.019,32694.07
547.265,29058.61
547.511,25552.1
547.757,23437.08
548.003,21535.18
548.249,19900.12
548.495,18426.23
548.741,17199.49
548.987,16056.92
549.233,14862.41
549.479,13804.01
549.725,13014.23
549.971,11826.89
550.217,11284.26
550.463,10619.84
550.708,9839.03
550.954,8968.66
551.2,8828.98
551.446,8028.46
551.691,7781.32
551.937,7158.1
552.183,6959.31
552.429,6330.72
552.674,6074.62
552.92,5675.26
553.165,5356.48
553.411,5148.74
553.657,4670.58
553.902,4122.58
554.148,4113.62
554.393,3535.17
554.639,3356.09
554.884,2944.19
555.13,2709.58
555.375,2498.26
555.621,2208.14
555.866,2057.71
556.112,1844.59
556.357,1685.21
556.602,1554.47
556.848,1484.63
557.093,1255.4
557.338,1387.92
557.584,1147.95
557.829,1135.41
558.074,976.02
558.32,979.6
558.565,823.8
558.81,900.81
559.055,782.61
559.3,868.57
559.546,755.75
559.791,748.58
560.036,766.49
560.281,696.65
560.526,650.08
560.771,725.3
561.016,653.67
561.261,558.75
561.506,574.87
561.751,637.55
561.996,531.89
562.241,607.1
562.486,673.37
562.731,607.1
562.976,616.06
563.221,485.33
563.466,505.02
563.71,505.02
563.955,505.02
564.2,519.35
564.445,440.55
564.69,553.38
564.934,546.21
565.179,485.33
565.424,510.4
565.669,413.69
565.913,338.47
566.158,374.29
566.403,372.5
566.647,420.85
566.892,393.99
567.136,438.76
567.381,388.62
567.626,368.92
567.87,408.32
568.115,469.21
568.359,499.65
568.604,420.85
568.848,453.09
569.093,340.26
569.337,395.78
569.581,501.44
569.826,401.15
570.07,413.69
570.315,392.2
570.559,359.96
570.803,358.17
571.048,318.77
571.292,247.14
571.536,322.36
571.78,313.4
572.025,411.9
572.269,281.17
572.513,288.33
572.757,247.14
573.001,318.77
573.245,288.33
573.49,327.73
573.734,345.64
573.978,349.22
574.222,299.07
574.466,338.47
574.71,354.59
574.954,460.25
575.198,447.72
575.442,447.72
575.686,678.74
575.93,1119.29
576.174,1380.76
576.418,1864.29
576.661,2190.23
576.905,2714.95
577.149,3153.72
577.393,3352.5
577.637,3254.01
577.881,3420.56
578.124,3345.34
578.368,3314.9
578.612,3338.18
578.856,3483.24
579.099,3909.46
579.343,4459.26
579.587,4627.6
579.83,4935.63
580.074,4837.13
580.318,4781.62
580.561,4819.22
580.805,4928.47
581.048,4924.89
581.292,4919.51
581.535,4837.13
581.779,4803.11
582.022,4838.92
582.266,4933.84
582.509,5043.08
582.753,5377.97
582.996,5403.05
583.239,5779.13
583.483,5795.25
583.726,6099.69
583.969,6028.06
584.213,5890.16
584.456,5960.01
584.699,6121.18
584.943,5825.69
585.186,5750.48
585.429,5635.86
585.672,5476.47
585.915,5557.06
586.159,5660.93
586.402,6260.87
586.645,6411.31
586.888,7100.79
587.131,7543.13
587.374,8225.45
587.617,8700.03
587.86,9008.06
588.103,8798.53
588.346,8320.37
588.589,7899.52
588.832,7125.86
589.075,6345.04
589.318,5718.24
589.561,5274.1
589.804,5146.95
590.047,4727.89
590.29,4319.57
590.532,4181.68
590.775,4156.6
591.018,3995.43
591.261,4033.03
591.504,4101.09
591.746,4487.91
591.989,4704.61
592.232,5014.43
592.474,5494.38
592.717,6004.78
592.96,6395.19
593.202,6780.22
593.445,6977.22
593.688,6769.48
593.93,6835.74
594.173,6629.79
594.415,6140.88
594.658,5361.86
594.9,5182.77
595.143,4593.57
595.385,4027.66
595.628,3626.51
595.87,3476.07
596.112,3117.9
596.355,3006.87
596.597,2892.25
596.84,2670.18
597.082,2766.89
597.324,2677.35
597.567,2704.21
597.809,2668.39
598.051,2840.32
598.293,2899.41
598.536,3384.74
598.778,3511.89
599.02,3873.65
599.262,4138.69
599.504,4344.64
599.746,4615.07
599.988,4840.71
600.231,4957.12
600.473,4627.6
600.715,4769.08
600.957,4418.07
601.199,4197.79
601.441,3696.35
601.683,3391.9
601.925,3255.8
602.167,2646.9
602.409,2582.43
602.65,2485.72
602.892,2200.98
603.134,2111.43
603.376,2258.28
603.618,2093.52
603.86,1969.95
604.101,1925.18
604.343,1898.32
604.585,1986.07
604.827,1918.02
605.068,2102.48
605.31,2113.22
605.552,2116.81
605.794,2279.77
606.035,2328.13
606.277,2369.32
606.518,2607.5
606.76,2663.02
607.002,2852.85
607.243,2997.91
607.485,3241.47
607.726,3538.75
607.968,3807.38
608.209,4339.27
608.451,4808.48
608.692,5331.41
608.933,6067.46
609.175,7075.72
609.416,8614.07
609.658,10897.43
609.899,14249.93
610.14,19004.68
610.382,25978.32
610.623,32688.7
610.864,39458.18
611.105,46797.15
611.347,52973.86
611.588,57388.34
611.829,58899.84
612.07,59598.27
612.311,59238.31
612.553,57626.53
612.794,54401.18
613.035,49479.87
613.276,45294.62
613.517,40776.26
613.758,37323.47
613.999,34454.5
614.24,31596.27
614.481,29008.47
614.722,26631.99
614.963,24393.4
615.204,22704.62
615.445,20455.29
615.686,18723.52
615.927,16877.13
616.167,15431.9
616.408,13691.18
616.649,12036.42
616.89,11053.23
617.131,9874.84
617.372,8959.71
617.612,8035.62
617.853,7312.11
618.094,6558.16
618.334,6079.99
618.575,5784.5
618.816,5401.26
619.056,5193.52
619.297,4876.53
619.538,4838.92
619.778,4575.67
620.019,4498.66
620.259,4502.24
620.5,4656.26
620.74,4607.9
620.981,4659.84
621.221,4581.04
621.462,4532.69
621.702,4652.67
621.943,4550.59
622.183,4600.74
622.423,4482.54
622.664,4581.04
622.904,4711.77
623.144,4722.52
623.385,4658.05
623.625,4828.18
623.865,4736.84
624.105,4774.45
624.346,4804.9
624.586,4772.66
624.826,4709.98
625.066,4905.19
625.306,4955.33
625.546,4785.2
625.787,4833.55
626.027,4758.33
626.267,4964.28
626.507,4960.7
626.747,4674.16
626.987,4727.89
627.227,4733.26
627.467,4688.49
627.707,4629.39
627.947,4568.5
628.187,4466.42
628.427,4258.68
628.666,4647.3
628.906,4231.82
629.146,4412.7
629.386,4518.36
629.626,4697.45
629.866,4899.81
630.105,5372.6
630.345,5823.9
630.585,6328.93
630.825,6629.79
631.064,7407.03
631.304,7424.94
631.544,7686.4
631.783,7516.27
632.023,7104.37
632.262,6633.37
632.502,6241.17
632.742,5351.11
632.981,4636.56
633.221,4090.34
633.46,3452.79
633.7,3028.36
633.939,2535.87
634.179,2179.49
634.418,1944.88
634.657,1676.25
634.897,1404.04
635.136,1547.31
635.376,1258.98
635.615,1266.14
635.854,1164.06
636.094,1013.63
636.333,995.72
636.572,924.09
636.811,920.51
637.051,925.88
637.29,832.75
637.529,780.82
637.768,802.31
638.007,693.07
638.246,675.16
638.486,675.16
638.725,601.73
638.964,691.27
639.203,766.49
639.442,596.36
639.681,660.83
639.92,594.57
640.159,639.34
640.398,590.99
640.637,635.76
640.876,635.76
641.114,633.97
641.353,524.72
641.592,499.65
641.831,676.95
642.07,472.79
642.309,632.18
642.548,553.38
642.786,590.99
643.025,660.83
643.264,605.31
643.502,632.18
643.741,667.99
643.98,650.08
644.219,528.31
644.457,660.83
644.696,582.03
644.934,678.74
645.173,666.2
645.412,737.84
645.65,592.78
645.889,542.63
646.127,619.64
646.366,838.13
646.604,648.29
646.842,637.55
647.081,637.55
647.319,617.85
647.558,612.48
647.796,542.63
648.034,519.35
648.273,594.57
648.511,650.08
648.749,635.76
648.988,673.37
649.226,732.46
649.464,877.53
649.702,1017.21
649.941,1185.55
650.179,1361.06
650.417,1563.43
650.655,1678.04
650.893,1876.83
651.131,1896.53
651.369,1823.1
651.607,1946.67
651.845,1821.31
652.083,1729.98
652.321,1669.09
652.559,1588.5
652.797,1393.29
653.035,1316.29
653.273,1244.65
653.511,1278.68
653.749,1131.83
653.987,1140.78
654.225,1117.5
654.463,1020.79
654.701,961.7
654.938,916.92
655.176,872.15
655.414,748.58
655.652,746.79
655.889,635.76
656.127,608.89
656.365,676.95
656.602,621.43
656.84,585.61
657.078,590.99
657.315,630.39
657.553,628.59
657.79,519.35
658.028,551.59
658.266,607.1
658.503,694.86
658.741,608.89
658.978,628.59
659.215,612.48
659.453,633.97
659.69,583.82
659.928,508.61
660.165,508.61
660.402,503.23
660.64,485.33
660.877,417.27
661.114,386.83
661.352,497.86
661.589,614.27
661.826,616.06
662.063,678.74
662.301,759.33
662.538,836.34
662.775,1038.7
663.012,1124.66
663.249,1103.17
663.486,1031.54
663.723,1070.94
663.961,1146.16
664.198,931.25
664.435,927.67
664.672,777.24
664.909,753.96
665.146,719.93
665.383,712.77
665.619,542.63
665.856,499.65
666.093,410.11
666.33,467.42
666.567,395.78
666.804,526.52
667.041,472.79
667.278,438.76
667.514,471
667.751,478.16
667.988,456.67
668.225,422.64
668.461,435.18
668.698,451.3
668.935,440.55
669.171,472.79
669.408,436.97
669.644,458.46
669.881,340.26
670.118,338.47
670.354,401.15
670.591,386.83
670.827,282.96
671.064,402.95
671.3,370.71
671.537,419.06
671.773,383.25
672.01,449.51
672.246,359.96
672.482,343.85
672.719,367.13
672.955,327.73
673.191,218.49
673.428,392.2
673.664,272.21
673.9,327.73
674.136,254.3
674.373,377.87
674.609,300.87
674.845,311.61
675.081,275.79
675.317,352.8
675.553,329.52
675.79,311.61
676.026,406.53
676.262,281.17
676.498,291.91
676.734,279.38
676.97,299.07
677.206,401.15
677.442,306.24
677.678,318.77
677.914,261.47
678.15,254.3
678.386,347.43
678.621,239.98
678.857,363.55
679.093,173.71
679.329,302.66
679.565,284.75
679.8,299.07
680.036,279.38
680.272,417.27
680.508,352.8
680.743,297.28
680.979,386.83
681.215,311.61
681.45,345.64
681.686,245.35
681.922,306.24
682.157,197
682.393,377.87
682.628,420.85
682.864,316.98
683.099,354.59
683.335,367.13
683.57,365.34
683.806,336.68
684.041,281.17
684.277,313.4
684.512,370.71
684.747,379.66
684.983,275.79
685.218,324.15
685.453,318.77
685.689,361.76
685.924,340.26
686.159,474.58
686.394,385.04
686.63,478.16
686.865,617.85
687.1,596.36
687.335,829.17
687.57,848.87
687.806,823.8
688.041,965.28
688.276,1069.15
688.511,1078.1
688.746,990.35
688.981,956.32
689.216,924.09
689.451,893.64
689.686,850.66
689.921,646.5
690.156,553.38
690.391,519.35
690.625,462.04
690.86,429.81
691.095,349.22
691.33,406.53
691.565,331.31
691.8,231.02
692.034,136.11
692.269,239.98
692.504,293.7
692.739,320.57
692.973,281.17
693.208,379.66
693.443,413.69
693.677,562.33
693.912,555.17
694.146,664.41
694.381,712.77
694.616,590.99
694.85,625.01
695.085,660.83
695.319,569.5
695.554,696.65
695.788,707.39
696.023,725.3
696.257,839.92
696.491,1019
696.726,1104.97
696.96,1285.84
697.194,1309.12
697.429,1251.82
697.663,1162.27
697.897,1108.55
698.132,1022.59
698.366,1010.05
698.6,823.8
698.834,578.45
699.068,512.19
699.303,343.85
699.537,336.68
699.771,308.03
700.005,139.69
700.239,191.62
700.473,207.74
700.707,107.45
700.941,154.01
701.175,69.84
701.409,100.29
701.643,96.71
701.877,186.25
702.111,119.99
702.345,146.85
702.579,182.67
702.813,213.11
703.047,207.74
703.281,243.56
703.514,274
703.748,284.75
703.982,393.99
704.216,261.47
704.449,372.5
704.683,370.71
704.917,426.23
705.15,526.52
705.384,592.78
705.618,702.02
705.851,956.32
706.085,1061.98
706.319,1352.1
706.552,1654.76
706.786,2091.73
707.019,2419.46
707.253,2526.91
707.486,2600.34
707.72,3019.4
707.953,3015.82
708.187,3033.73
708.42,3026.57
708.653,2983.59
708.887,2978.21
709.12,2894.04
709.353,2899.41
709.587,2777.64
709.82,2584.22
710.053,2521.54
710.286,2267.24
710.52,2192.02
710.753,1930.56
710.986,1783.7
711.219,1615.36
711.452,1567.01
711.686,1479.26
711.919,1491.79
712.152,1525.82
712.385,1839.22
712.618,1841.01
712.851,1892.95
713.084,1746.1
713.317,1815.94
713.55,1819.52
713.783,1615.36
714.016,1635.06
714.249,1421.95
714.482,1291.22
714.714,1103.17
714.947,900.81
715.18,779.03
715.413,582.03
715.646,485.33
715.878,454.88
716.111,397.57
716.344,318.77
716.577,238.19
716.809,182.67
717.042,227.44
717.275,220.28
717.507,145.06
717.74,152.22
717.973,73.43
718.205,136.11
718.438,82.38
718.67,80.59
718.903,16.12
719.135,84.17
719.368,118.2
719.6,-1.79
719.833,102.08
720.065,116.41
720.297,60.89
720.53,116.41
720.762,-21.49
720.995,59.1
721.227,77.01
721.459,123.57
721.691,127.15
721.924,93.13
722.156,94.92
722.388,10.75
722.62,119.99
722.853,25.07
723.085,39.4
723.317,109.24
723.549,-8.95
723.781,-107.45
724.013,59.1
724.245,123.57
724.477,41.19
724.709,46.56
724.941,82.38
725.173,-30.44
725.405,59.1
725.637,42.98
725.869,102.08
726.101,-16.12
726.333,132.52
726.565,80.59
726.797,46.56
727.028,119.99
727.26,193.41
727.492,223.86
727.724,327.73
727.956,248.93
728.187,257.88
728.419,275.79
728.651,252.51
728.882,197
729.114,293.7
729.346,161.18
729.577,213.11
729.809,148.64
730.04,84.17
730.272,71.63
730.503,84.17
730.735,25.07
730.966,139.69
731.198,103.87
731.429,82.38
731.661,35.82
731.892,87.75
732.124,44.77
732.355,59.1
732.586,77.01
732.818,93.13
733.049,84.17
733.28,23.28
733.512,109.24
733.743,46.56
733.974,75.22
734.205,10.75
734.436,-30.44
734.668,59.1
734.899,-30.44
735.13,16.12
735.361,112.82
735.592,35.82
735.823,8.95
736.054,39.4
736.285,51.94
736.516,42.98
736.747,60.89
736.978,170.13
737.209,41.19
737.44,188.04
737.671,225.65
737.902,431.6
738.133,576.66
738.364,684.11
738.594,1033.33
738.825,1112.13
739.056,1237.49
739.287,1344.94
739.518,1219.58
739.748,1158.69
739.979,1190.93
740.21,1092.43
740.44,848.87
740.671,728.88
740.902,616.06
741.132,402.95
741.363,259.68
741.593,238.19
741.824,214.9
742.055,118.2
742.285,62.68
742.516,34.03
742.746,116.41
742.976,96.71
743.207,105.66
743.437,114.62
743.668,14.33
743.898,12.54
744.128,37.61
744.359,118.2
744.589,0
744.819,35.82
745.05,146.85
745.28,105.66
745.51,87.75
745.74,89.54
745.971,39.4
746.201,127.15
746.431,3.58
746.661,-5.37
746.891,37.61
747.121,62.68
747.351,125.36
747.581,5.37
747.811,69.84
748.041,37.61
748.271,7.16
748.501,87.75
748.731,103.87
748.961,57.31
749.191,51.94
749.421,211.32
749.651,277.58
749.881,359.96
750.111,573.08
750.34,879.32
750.57,1033.33
750.8,1447.02
751.03,1699.53
751.259,1894.74
751.489,1998.61
751.719,2376.48
751.949,2274.4
752.178,2394.39
752.408,2240.38
752.637,2174.11
752.867,1905.48
753.097,1688.79
753.326,1294.8
753.556,1149.74
753.785,850.66
754.015,752.16
754.244,494.28
754.474,265.05
754.703,299.07
754.932,186.25
755.162,125.36
755.391,85.96
755.621,-28.65
755.85,-14.33
756.079,68.05
756.309,26.86
756.538,-28.65
756.767,60.89
756.996,7.16
757.225,44.77
757.455,14.33
757.684,85.96
757.913,44.77
758.142,-121.78
758.371,73.43
758.6,53.73
758.829,14.33
759.058,55.52
759.287,-39.4
759.516,-23.28
759.745,-8.95
759.974,0
760.203,-32.24
760.432,77.01
760.661,-57.31
760.89,60.89
761.119,89.54
761.348,41.19
761.577,57.31
761.805,7.16
762.034,-8.95
762.263,130.73
762.492,325.94
762.721,601.73
762.949,931.25
763.178,1404.04
763.407,1993.24
763.635,2677.35
763.864,3352.5
764.092,3943.49
764.321,3939.91
764.55,3880.81
764.778,3746.49
765.007,3778.73
765.235,3454.58
765.464,3259.38
765.692,2836.73
765.921,2363.94
766.149,1692.37
766.377,1416.58
766.606,913.34
766.834,576.66
767.062,372.5
767.291,238.19
767.519,154.01
767.747,62.68
767.976,1.79
768.204,118.2
768.432,51.94
768.66,112.82
768.889,7.16
769.117,19.7
769.345,-1.79
769.573,19.7
769.801,53.73
770.029,32.24
770.257,46.56
770.485,150.43
770.713,68.05
770.941,102.08
771.169,-12.54
771.397,134.32
771.625,275.79
771.853,363.55
772.081,564.12
772.309,621.43
772.537,931.25
772.765,1216
772.992,1346.73
773.22,1511.49
773.448,1321.66
773.676,1386.13
773.903,1321.66
774.131,1293.01
774.359,1103.17
774.586,1022.59
774.814,818.43
775.042,696.65
775.269,488.91
775.497,390.41
775.725,171.92
775.952,55.52
776.18,23.28
776.407,166.55
776.635,69.84
776.862,96.71
777.09,42.98
777.317,30.44
777.544,-66.26
777.772,50.14
777.999,-8.95
778.227,0
778.454,1.79
778.681,-10.75
778.908,3.58
779.136,28.65
779.363,10.75
779.59,66.26
779.817,-51.94
780.045,37.61
780.272,25.07
780.499,-1.79
780.726,-62.68
780.953,39.4
781.18,48.35
781.407,-5.37
781.634,35.82
781.861,55.52
782.088,16.12
782.315,46.56
782.542,-69.84
782.769,-93.13
782.996,68.05
783.223,-8.95
783.45,59.1
783.677,23.28
783.904,-68.05
784.13,66.26
784.357,28.65
784.584,-8.95
784.811,-59.1
785.038,77.01
785.264,41.19
785.491,35.82
785.718,-7.16
785.944,-7.16
786.171,71.63
786.398,14.33
786.624,-46.56
786.851,28.65
787.077,0
787.304,-17.91
787.53,-25.07
787.757,94.92
787.983,78.8
788.21,-3.58
788.436,37.61
788.663,26.86
788.889,73.43
789.115,-35.82
789.342,23.28
789.568,-55.52
789.794,3.58
790.021,48.35
790.247,50.14
790.473,5.37
790.699,-1.79
790.926,62.68
791.152,7.16
791.378,-50.14
791.604,10.75
791.83,64.47
792.056,-71.63
792.282,71.63
792.508,10.75
792.735,59.1
792.961,-10.75
793.187,-35.82
793.413,-50.14
793.638,5.37
793.864,84.17
794.09,209.53
794.316,189.83
794.542,393.99
794.768,548.01
794.994,777.24
795.22,818.43
795.445,1061.98
795.671,995.72
795.897,922.3
796.123,958.11
796.348,979.6
796.574,918.71
796.8,787.98
797.025,838.13
797.251,562.33
797.477,519.35
797.702,431.6
797.928,304.45
798.153,225.65
798.379,166.55
798.604,87.75
798.83,55.52
799.055,44.77
799.281,59.1
799.506,105.66
799.732,77.01
799.957,100.29
800.182,180.88
800.408,420.85
800.633,526.52
800.858,648.29
801.084,834.54
801.309,950.95
801.534,1350.31
801.759,1423.74
801.985,1552.68
802.21,1681.62
802.435,1679.83
802.66,1649.39
802.885,1332.41
803.11,1253.61
803.335,1131.83
803.561,965.28
803.786,933.04
804.011,787.98
804.236,616.06
804.461,451.3
804.685,268.63
804.91,295.49
805.135,103.87
805.36,157.6
805.585,96.71
805.81,112.82
806.035,66.26
806.26,16.12
806.484,-64.47
806.709,116.41
806.934,-42.98
807.159,137.9
807.383,-19.7
807.608,17.91
807.833,69.84
808.057,139.69
808.282,137.9
808.507,-73.43
808.731,59.1
808.956,71.63
809.18,77.01
809.405,209.53
809.629,211.32
809.854,345.64
810.078,411.9
810.303,641.13
810.527,1122.87
810.751,1455.98
810.976,1842.8
811.2,2333.5
811.425,2748.98
811.649,3316.69
811.873,3769.78
812.097,4292.71
812.322,4312.41
812.546,4287.34
812.77,3793.06
812.994,3544.13
813.219,3092.83
813.443,2929.86
813.667,2684.51
813.891,2243.96
814.115,1998.61
814.339,1482.84
814.563,1185.55
814.787,949.16
815.011,585.61
815.235,401.15
815.459,325.94
815.683,184.46
815.907,105.66
816.131,136.11
816.355,125.36
816.579,-12.54
816.802,-17.91
817.026,118.2
817.25,42.98
817.474,-8.95
817.698,19.7
817.921,98.5
818.145,-55.52
818.369,-3.58
818.592,100.29
818.816,89.54
819.04,-28.65
819.263,12.54
819.487,-8.95
819.71,-25.07
819.934,-16.12
820.158,53.73
820.381,-57.31
820.605,93.13
820.828,-8.95
821.051,-46.56
821.275,-141.48
821.498,-25.07
821.722,3.58
821.945,-35.82
822.168,44.77
822.392,1.79
822.615,44.77
822.838,-37.61
823.061,-82.38
823.285,-26.86
823.508,19.7
823.731,-37.61
823.954,17.91
824.177,-59.1
824.401,16.12
824.624,10.75
824.847,7.16
825.07,-12.54
825.293,-60.89
825.516,127.15
825.739,44.77
825.962,82.38
826.185,238.19
826.408,302.66
826.631,329.52
826.854,503.23
827.077,528.31
827.299,578.45
827.522,524.72
827.745,462.04
827.968,420.85
828.191,487.12
828.413,315.19
828.636,302.66
828.859,306.24
829.082,365.34
829.304,275.79
829.527,229.23
829.75,170.13
829.972,57.31
830.195,50.14
830.417,48.35
830.64,-21.49
830.862,57.31
831.085,25.07
831.307,21.49
831.53,25.07
831.752,-42.98
831.975,32.24
832.197,5.37
832.42,-7.16
832.642,-34.03
832.864,-14.33
833.087,8.95
833.309,-10.75
833.531,17.91
833.753,-23.28
833.976,28.65
834.198,-37.61
834.42,-8.95
834.642,-23.28
834.864,10.75
835.086,-64.47
835.309,-35.82
835.531,-7.16
835.753,0
835.975,87.75
836.197,-28.65
836.419,-17.91
836.641,-10.75
836.863,-46.56
837.085,-34.03
837.307,-7.16
837.529,-37.61
837.75,5.37
837.972,-5.37
838.194,-59.1
838.416,68.05
838.638,-53.73
838.859,32.24
839.081,-34.03
839.303,78.8
839.525,5.37
839.746,66.26
839.968,84.17
840.19,112.82
840.411,232.81
840.633,422.64
840.855,453.09
841.076,630.39
841.298,798.73
841.519,1058.4
841.741,942
841.962,1029.75
842.184,977.81
842.405,1255.4
842.626,1271.52
842.848,1541.94
843.069,1740.72
843.291,1706.7
843.512,1423.74
843.733,1312.71
843.955,1201.67
844.176,1092.43
844.397,918.71
844.618,952.74
844.839,771.86
845.061,687.69
845.282,664.41
845.503,571.29
845.724,490.7
845.945,376.08
846.166,268.63
846.387,211.32
846.608,189.83
846.829,66.26
847.05,30.44
847.271,5.37
847.492,37.61
847.713,41.19
847.934,-48.35
848.155,77.01
848.376,-3.58
848.597,-41.19
848.818,3.58
849.038,-55.52
849.259,-121.78
849.48,-23.28
849.701,1.79
849.921,-84.17
850.142,69.84
850.363,-7.16
850.584,-39.4
850.804,51.94
851.025,-69.84
851.245,93.13
851.466,42.98
851.687,112.82
851.907,105.66
852.128,180.88
852.348,200.58
852.569,354.59
852.789,275.79
853.009,275.79
853.23,309.82
853.45,279.38
853.671,281.17
853.891,213.11
854.111,209.53
854.332,180.88
854.552,179.09
854.772,102.08
854.992,100.29
855.213,66.26
855.433,98.5
855.653,161.18
855.873,59.1
856.093,25.07
856.313,87.75
856.533,89.54
856.753,91.33
856.974,-55.52
857.194,-30.44
857.414,-55.52
857.634,-44.77
857.854,10.75
858.073,-8.95
858.293,-75.22
858.513,-37.61
858.733,-96.71
858.953,-91.33
859.173,57.31
859.393,-80.59
859.612,7.16
859.832,-12.54
860.052,59.1
860.272,-39.4
860.491,17.91
860.711,-93.13
860.931,-12.54
861.15,-8.95
861.37,-59.1
861.59,37.61
861.809,-14.33
862.029,-26.86
862.248,-75.22
862.468,118.2
862.687,-77.01
862.907,-75.22
863.126,116.41
863.346,-19.7
863.565,-84.17
863.785,34.03
864.004,-109.24
864.223,-12.54
864.443,-69.84
864.662,-19.7
864.881,3.58
865.1,-53.73
865.32,-87.75
865.539,-98.5
865.758,12.54
865.977,-19.7
866.196,-1.79
866.416,0
866.635,-1.79
866.854,68.05
867.073,-51.94
867.292,-75.22
867.511,21.49
867.73,42.98
867.949,77.01
868.168,-7.16
868.387,-23.28
868.606,17.91
868.825,68.05
869.044,50.14
869.262,82.38
869.481,-82.38
869.7,34.03
869.919,26.86
870.138,-25.07
870.356,-8.95
870.575,-19.7
870.794,17.91
871.013,-53.73
871.231,-51.94
871.45,-25.07
871.668,-19.7
871.887,34.03
872.106,-127.15
872.324,3.58
872.543,-8.95
872.761,-19.7
872.98,-57.31
873.198,19.7
873.417,8.95
873.635,3.58
873.854,55.52
874.072,-93.13
874.29,21.49
874.509,-16.12
874.727,-91.33
874.945,-21.49
875.164,0
875.382,96.71
875.6,21.49
875.818,-12.54
876.037,-10.75
876.255,7.16
876.473,26.86
876.691,14.33
876.909,-30.44
877.127,-37.61
877.345,85.96
877.563,-14.33
877.781,32.24
877.999,93.13
878.217,-64.47
878.435,-53.73
878.653,-35.82
878.871,30.44
879.089,-32.24
879.307,21.49
879.525,16.12
879.743,-50.14
879.96,-59.1
880.178,-8.95
880.396,-14.33
880.614,-77.01
880.832,-50.14
881.049,0
881.267,3.58
881.485,-60.89
881.702,-102.08
881.92,-28.65
882.137,-28.65
882.355,34.03
882.573,-105.66
882.79,-28.65
883.008,-57.31
883.225,-100.29
883.443,-42.98
883.66,-62.68
883.877,-42.98
884.095,14.33
884.312,-50.14
884.53,-25.07
884.747,26.86
884.964,-75.22
885.182,-100.29
885.399,-118.2
885.616,-44.77
885.833,-57.31
886.051,-87.75
886.268,39.4
886.485,26.86
886.702,75.22
886.919,-32.24
887.136,7.16
887.353,-34.03
887.57,14.33
887.788,-80.59
888.005,-91.33
888.222,-7.16
888.439,-69.84
888.655,-64.47
888.872,-7.16
889.089,-12.54
889.306,39.4
889.523,34.03
889.74,-32.24
889.957,-68.05
890.174,-55.52
890.39,-12.54
890.607,-7.16
890.824,-26.86
891.041,-34.03
891.257,-44.77
891.474,-34.03
891.691,-85.96
891.907,-73.43
892.124,-16.12
892.34,-46.56
892.557,48.35
892.774,14.33
892.99,57.31
893.207,-25.07
893.423,-41.19
893.64,21.49
893.856,-71.63
894.072,68.05
894.289,-30.44
894.505,-30.44
894.722,-114.62
894.938,-96.71
895.154,-30.44
895.37,-25.07
895.587,-28.65
895.803,-21.49
896.019,-102.08
896.235,-42.98
896.452,-127.15
896.668,-35.82
896.884,-53.73
897.1,-32.24
897.316,-64.47
897.532,48.35
897.748,25.07
897.964,87.75
898.18,-55.52
898.396,21.49
898.612,-25.07
898.828,-37.61
899.044,-8.95
899.26,-23.28
899.476,75.22
899.692,-26.86
899.908,-136.11
900.123,-82.38
900.339,-60.89
900.555,-23.28
900.771,1.79
900.986,-50.14
901.202,-62.68
901.418,-16.12
901.633,32.24
901.849,-8.95
902.065,7.16
902.28,-12.54
902.496,-57.31
902.711,-69.84
902.927,-39.4
903.143,3.58
903.358,-30.44
903.573,10.75
903.789,-59.1
904.004,-26.86
904.22,-34.03
904.435,-96.71
904.651,5.37
904.866,-93.13
905.081,-102.08
905.296,12.54
905.512,19.7
905.727,-89.54
905.942,-46.56
906.157,3.58
906.373,46.56
906.588,-10.75
906.803,-30.44
907.018,-16.12
907.233,-44.77
907.448,30.44
907.663,-16.12
907.878,-17.91
908.093,-10.75
908.308,-157.6
908.523,-12.54
908.738,-17.91
908.953,12.54
909.168,16.12
909.383,32.24
909.598,-26.86
909.813,1.79
910.027,-50.14
910.242,84.17
910.457,-41.19
910.672,-48.35
910.887,-5.37
911.101,14.33
911.316,57.31
911.531,109.24
911.745,123.57
911.96,137.9
912.174,211.32
912.389,200.58
912.604,302.66
912.818,284.75
913.033,363.55
913.247,306.24
913.462,351.01
913.676,256.09
913.89,300.87
914.105,300.87
914.319,354.59
914.534,250.72
914.748,354.59
914.962,290.12
915.177,336.68
915.391,281.17
915.605,297.28
915.819,331.31
916.034,331.31
916.248,229.23
916.462,202.37
916.676,109.24
916.89,91.33
917.104,116.41
917.318,28.65
917.532,23.28
917.746,-8.95
917.96,-10.75
918.174,-1.79
918.388,-21.49
918.602,-51.94
918.816,-93.13
919.03,-41.19
919.244,42.98
919.458,-75.22
919.672,-50.14
919.886,-35.82
920.099,48.35
920.313,0
920.527,-84.17
920.741,-21.49
920.954,-32.24
921.168,-14.33
921.382,64.47
921.595,-37.61
921.809,-50.14
922.023,30.44
922.236,-68.05
922.45,-3.58
922.663,103.87
922.877,68.05
923.09,48.35
923.304,-48.35
923.517,69.84
923.731,-5.37
923.944,-44.77
924.157,32.24
924.371,-5.37
924.584,71.63
924.797,1.79
925.011,57.31
925.224,44.77
925.437,-23.28
925.65,68.05
925.864,30.44
926.077,100.29
926.29,1.79
926.503,-35.82
926.716,16.12
926.929,-19.7
927.142,17.91
927.355,-73.43
927.568,-7.16
927.781,-34.03
927.994,-23.28
928.207,-55.52
928.42,-17.91
928.633,-111.03
928.846,-26.86
929.059,-35.82
929.272,-51.94
929.485,-94.92
929.697,-34.03
929.91,-48.35
930.123,25.07
930.336,-32.24
930.549,-64.47
930.761,-116.41
930.974,5.37
931.187,-55.52
931.399,37.61
931.612,-64.47
931.824,-10.75
932.037,-25.07
932.249,-98.5
932.462,-66.26
932.675,42.98
932.887,-41.19
933.099,-1.79
933.312,-69.84
933.524,28.65
933.737,-82.38
933.949,-112.82
934.161,-75.22
934.374,-19.7
934.586,-32.24
934.798,37.61
935.011,-37.61
935.223,16.12
935.435,-84.17
935.647,-41.19
935.859,30.44
936.072,-168.34
936.284,26.86
936.496,-66.26
936.708,-37.61
936.92,-55.52
937.132,-5.37
937.344,-3.58
937.556,-35.82
937.768,-50.14
937.98,1.79
938.192,66.26
938.404,-19.7
938.616,-7.16
938.828,3.58
939.039,84.17
939.251,-73.43
939.463,-30.44
939.675,32.24
939.887,-8.95
940.098,-64.47
940.31,17.91
940.522,-28.65
940.733,-1.79
940.945,-25.07
941.157,-68.05
941.368,-69.84
941.58,17.91
941.791,-25.07
942.003,-69.84
942.214,-26.86
942.426,-105.66
942.637,-51.94
942.849,-62.68
943.06,-69.84
943.272,-26.86
943.483,-80.59
943.694,-10.75
943.906,-116.41
944.117,23.28
944.328,-62.68
944.54,-14.33
944.751,19.7
944.962,-21.49
945.173,-80.59
945.384,-66.26
945.596,-50.14
945.807,-53.73
946.018,3.58
946.229,-121.78
946.44,-21.49
946.651,-28.65
946.862,19.7
947.073,-8.95
947.284,-146.85
947.495,-85.96
947.706,-21.49
947.917,3.58
948.128,3.58
948.339,-66.26
948.549,-89.54
948.76,-89.54
948.971,5.37
949.182,-80.59
949.393,-3.58
949.603,-155.81
949.814,-87.75
950.025,-7.16
950.235,-71.63
950.446,-12.54
950.657,-62.68
950.867,-121.78
951.078,-82.38
951.288,-111.03
951.499,-130.73
951.709,-8.95
951.92,-89.54
952.13,12.54
952.341,-51.94
952.551,-78.8
952.762,-75.22
952.972,-44.77
953.182,-157.6
953.393,14.33
953.603,-7.16
953.813,23.28
954.024,-42.98
954.234,46.56
954.444,-50.14
954.654,-25.07
954.865,-105.66
955.075,17.91
955.285,73.43
955.495,-78.8
955.705,-130.73
955.915,41.19
956.125,-16.12
956.335,8.95
956.545,-100.29
956.755,78.8
956.965,-7.16
957.175,32.24
957.385,-5.37
957.595,-42.98
957.805,28.65
958.015,25.07
958.224,-130.73
958.434,-5.37
958.644,-57.31
958.854,-10.75
959.064,-19.7
959.273,25.07
959.483,-87.75
959.693,-32.24
959.902,-73.43
960.112,-91.33
960.322,1.79
960.531,-53.73
960.741,5.37
960.95,-75.22
961.16,19.7
961.369,19.7
961.579,-77.01
961.788,-68.05
961.998,-41.19
962.207,7.16
962.416,-46.56
962.626,-23.28
962.835,-1.79
963.044,-141.48
963.254,17.91
963.463,-55.52
963.672,-85.96
963.881,10.75
964.091,-48.35
964.3,-73.43
964.509,-77.01
964.718,-10.75
964.927,-51.94
965.136,16.12
965.345,-46.56
965.554,-44.77
965.763,-62.68
965.972,14.33
966.181,-8.95
966.39,-69.84
966.599,-25.07
966.808,37.61
967.017,-57.31
967.226,-53.73
967.435,-73.43
967.644,-23.28
967.852,1.79
968.061,96.71
968.27,23.28
968.479,7.16
968.687,57.31
968.896,-30.44
969.105,-30.44
969.313,-30.44
969.522,-35.82
969.731,-21.49
969.939,14.33
970.148,-14.33
970.356,35.82
970.565,-25.07
970.773,-57.31
970.982,-7.16
971.19,-103.87
971.399,-60.89
971.607,-26.86
971.815,-35.82
972.024,60.89
972.232,-8.95
972.44,-66.26
972.649,-19.7
972.857,3.58
973.065,-48.35
973.273,-25.07
973.482,25.07
973.69,-80.59
973.898,-59.1
974.106,-1.79
974.314,-1.79
974.522,-44.77
974.73,35.82
974.938,-78.8
975.146,-82.38
975.354,-28.65
975.562,-28.65
975.77,-71.63
975.978,-60.89
976.186,8.95
976.394,17.91
976.602,-136.11
976.81,-75.22
977.018,-51.94
977.225,19.7
977.433,94.92
977.641,25.07
977.849,-73.43
978.056,-50.14
978.264,3.58
978.472,-41.19
978.679,-48.35
978.887,-35.82
979.094,-7.16
979.302,-87.75
979.51,-44.77
979.717,30.44
979.925,-14.33
980.132,21.49
980.339,-10.75
980.547,-17.91
980.754,-41.19
980.962,-32.24
981.169,3.58
981.376,34.03
981.584,-12.54
981.791,12.54
981.998,-109.24
982.206,-5.37
982.413,-14.33
982.62,-12.54
982.827,-121.78
983.034,-10.75
983.242,-105.66
983.449,-53.73
983.656,-62.68
983.863,3.58
984.07,-80.59
984.277,-5.37
984.484,19.7
984.691,-59.1
984.898,-80.59
985.105,-118.2
985.312,-127.15
985.519,-28.65
985.725,-85.96
985.932,-60.89
986.139,12.54
986.346,-55.52
986.553,-78.8
986.759,-42.98
986.966,-23.28
987.173,-39.4
987.38,-48.35
987.586,-39.4
987.793,-136.11
988,-118.2
988.206,-145.06
988.413,-30.44
988.619,-48.35
988.826,-14.33
989.032,23.28
989.239,42.98
989.445,-17.91
989.652,1.79
989.858,-39.4
990.064,-44.77
990.271,-60.89
990.477,-23.28
990.684,12.54
990.89,1.79
991.096,10.75
991.302,-44.77
991.509,-53.73
991.715,-17.91
991.921,-134.32
992.127,-5.37
992.333,-103.87
992.539,-73.43
992.746,-34.03
992.952,-73.43
993.158,-44.77
993.364,-87.75
993.57,-125.36
993.776,-141.48
993.982,-39.4
994.188,28.65
994.394,-53.73
994.599,-55.52
994.805,12.54
995.011,-48.35
995.217,-14.33
995.423,-66.26
995.629,-19.7
995.834,-28.65
996.04,-73.43
996.246,-14.33
996.452,-32.24
996.657,-30.44
996.863,-128.94
997.068,-32.24
997.274,0
997.48,37.61
997.685,-14.33
997.891,46.56
998.096,44.77
998.302,-3.58
998.507,-19.7
998.713,-3.58
998.918,-80.59
999.123,-130.73
999.329,-73.43
999.534,-44.77
999.74,-134.32
999.945,-78.8
1000.15,0
1000.355,-42.98
1000.561,21.49
1000.766,-77.01
1000.971,-118.2
1001.176,-50.14
1001.381,-35.82
1001.586,-100.29
1001.792,-73.43
1001.997,8.95
1002.202,3.58
1002.407,-46.56
1002.612,0
1002.817,-3.58
1003.022,-23.28
1003.227,-1.79
1003.432,-34.03
1003.637,-60.89
1003.841,-26.86
1004.046,7.16
1004.251,-17.91
1004.456,-37.61
1004.661,-30.44
1004.865,-127.15
1005.07,14.33
1005.275,-69.84
1005.48,-132.52
1005.684,-71.63
1005.889,-48.35
1006.094,10.75
1006.298,-102.08
1006.503,1.79
1006.707,-32.24
1006.912,-26.86
1007.116,-105.66
1007.321,-28.65
1007.525,66.26
1007.73,-23.28
1007.934,-145.06
1008.139,-48.35
1008.343,-32.24
1008.547,-5.37
1008.752,14.33
1008.956,-32.24
1009.16,-87.75
1009.364,-102.08
1009.569,34.03
1009.773,-39.4
1009.977,-66.26
1010.181,-85.96
1010.385,-121.78
1010.589,-78.8
1010.794,-8.95
1010.998,-71.63
1011.202,-35.82
1011.406,3.58
1011.61,-50.14
1011.814,-46.56
1012.018,-143.27
1012.222,-32.24
1012.426,-1.79
1012.629,42.98
1012.833,-48.35
1013.037,-17.91
1013.241,-77.01
1013.445,-71.63
1013.649,-60.89
1013.852,-30.44
1014.056,-26.86
1014.26,-48.35
1014.463,-114.62
1014.667,-109.24
1014.871,-68.05
1015.074,-44.77
1015.278,-30.44
1015.482,-7.16
1015.685,-21.49
1015.889,8.95
1016.092,-121.78
1016.296,32.24
1016.499,-3.58
1016.703,-118.2
1016.906,-19.7
1017.109,-7.16
1017.313,-87.75
1017.516,-41.19
1017.719,-19.7
1017.923,-34.03
1018.126,-42.98
1018.329,-39.4
1018.532,-48.35
1018.736,12.54
1018.939,-23.28
1019.142,39.4
1019.345,-73.43
1019.548,-109.24
1019.751,-57.31
1019.954,-17.91
1020.157,12.54
1020.361,-53.73
1020.564,-14.33
1020.766,-17.91
1020.969,55.52
1021.172,-46.56
1021.375,-152.22
1021.578,32.24
1021.781,-112.82
1021.984,-71.63
1022.187,-55.52
1022.389,-53.73
1022.592,8.95
1022.795,-1.79
1022.998,-57.31
1023.2,-1.79
1023.403,-34.03
1023.606,-8.95
1023.808,-35.82
1024.011,-57.31
1024.214,-17.91
1024.416,-12.54
1024.619,-100.29
1024.821,-53.73
1025.024,3.58
1025.226,-55.52
1025.429,-62.68
1025.631,-25.07
1025.833,-12.54
1026.036,16.12
1026.238,-59.1
1026.441,-109.24
1026.643,77.01
1026.845,-23.28
1027.047,-5.37
1027.25,-96.71
1027.452,82.38
1027.654,17.91
1027.856,-96.71
1028.058,-37.61
1028.261,-8.95
1028.463,-77.01
1028.665,-112.82
1028.867,-41.19
1029.069,-50.14
1029.271,-35.82
1029.473,-66.26
1029.675,-62.68
1029.877,-44.77
1030.079,-28.65
1030.281,-107.45
1030.482,-28.65
1030.684,-62.68
1030.886,10.75
1031.088,-53.73
1031.29,-64.47
1031.491,-89.54
1031.693,-55.52
1031.895,16.12
1032.097,-73.43
1032.298,-42.98
1032.5,-41.19
1032.701,-41.19
1032.903,-37.61
1033.105,3.58
1033.306,-39.4
1033.508,-77.01
1033.709,-84.17
1033.911,-60.89
1034.112,-34.03
1034.314,-1.79
1034.515,48.35
1034.716,-119.99
1034.918,26.86
1035.119,-34.03
1035.32,-53.73
1035.522,-25.07
1035.723,30.44
1035.924,-85.96
1036.125,-51.94
1036.327,-91.33
1036.528,-69.84
1036.729,-155.81
1036.93,-42.98
1037.131,-68.05
1037.332,-51.94
1037.533,-80.59
1037.734,-87.75
1037.935,-96.71
1038.136,-87.75
1038.337,-71.63
1038.538,-64.47
1038.739,-39.4
1038.94,1.79
1039.141,-71.63
1039.342,-85.96
1039.543,-82.38
1039.744,-23.28
1039.944,-98.5
1040.145,-28.65
1040.346,3.58
1040.547,-48.35
1040.747,-93.13
1040.948,8.95
1041.149,-53.73
1041.349,-5.37
1041.55,-44.77
1041.75,-46.56
1041.951,-44.77
1042.152,-69.84
1042.352,-77.01
1042.553,-78.8
1042.753,-80.59
1042.953,10.75
1043.154,-77.01
1043.354,-119.99
1043.555,-128.94
1043.755,-60.89
1043.955,-73.43
1044.156,-51.94
1044.356,-62.68
1044.556,-10.75
1044.756,16.12
1044.957,-42.98
1045.157,-85.96
1045.357,-51.94
1045.557,-94.92
1045.757,-26.86
1045.957,-17.91
1046.157,-100.29
1046.357,-68.05
1046.557,-111.03
1046.757,-109.24
1046.957,12.54
1047.157,-75.22
1047.357,-44.77
1047.557,-134.32
1047.757,-132.52
1047.957,-111.03
1048.157,-87.75
1048.356,-32.24
1048.556,-94.92
1048.756,-44.77
1048.956,16.12
1049.156,-82.38
1049.355,-91.33
1049.555,-89.54
1049.755,-17.91
1049.954,-87.75
1050.154,-19.7
1050.353,-41.19
1050.553,19.7
1050.752,-87.75
1050.952,14.33
1051.151,-87.75
1051.351,1.79
1051.55,-50.14
1051.75,21.49
1051.949,-10.75
1052.148,121.78
1052.348,-12.54
1052.547,-32.24
1052.746,-107.45
1052.946,-41.19
1053.145,-35.82
1053.344,26.86
1053.543,-141.48
1053.743,-39.4
1053.942,-37.61
1054.141,7.16
1054.34,-118.2
1054.539,-51.94
1054.738,-8.95
1054.937,21.49
1055.136,-154.01
1055.335,-112.82
1055.534,-35.82
1055.733,-39.4
1055.932,-39.4
1056.131,-39.4
