194.216,-121.18
194.484,-121.18
194.753,-121.18
195.022,-115.81
195.29,-10.15
195.559,-11.94
195.827,40
196.096,-1.19
196.364,-37.01
196.633,-42.38
196.901,-53.13
197.17,82.98
197.438,-33.43
197.706,16.71
197.975,-11.94
198.243,14.92
198.512,36.41
198.78,14.92
199.048,-13.73
199.317,32.83
199.585,41.79
199.853,2.39
200.122,-37.01
200.39,56.11
200.658,-78.2
200.926,-19.1
201.195,47.16
201.463,-65.67
201.731,48.95
201.999,91.93
202.267,65.07
202.536,115.21
202.804,84.77
203.072,70.44
203.34,56.11
203.608,-33.43
203.876,38.21
204.144,5.97
204.412,-29.85
204.68,20.3
204.948,54.32
205.216,-28.06
205.484,9.55
205.752,-15.52
206.02,48.95
206.288,40
206.556,-58.5
206.824,100.89
207.092,13.13
207.36,52.53
207.628,0.6
207.896,13.13
208.164,-19.1
208.431,-4.78
208.699,-2.98
208.967,31.04
209.235,9.55
209.503,-35.22
209.77,-20.89
210.038,40
210.306,0.6
210.573,50.74
210.841,48.95
211.109,-11.94
211.377,29.25
211.644,-22.68
211.912,23.88
212.179,-11.94
212.447,-81.78
212.715,52.53
212.982,206.55
213.25,65.07
213.517,32.83
213.785,40
214.052,82.98
214.32,-15.52
214.587,20.3
214.855,11.34
215.122,-10.15
215.39,36.41
215.657,-1.19
215.925,-19.1
216.192,-60.29
216.459,82.98
216.727,63.28
216.994,-65.67
217.261,47.16
217.529,97.3
217.796,25.67
218.063,106.26
218.331,63.28
218.598,-2.98
218.865,7.76
219.132,-6.57
219.399,-11.94
219.667,127.75
219.934,-35.22
220.201,56.11
220.468,-22.68
220.735,-17.31
221.002,27.46
221.27,31.04
221.537,-29.85
221.804,23.88
222.071,-28.06
222.338,27.46
222.605,-35.22
222.872,63.28
223.139,-2.98
223.406,84.77
223.673,77.6
223.94,34.62
224.207,41.79
224.474,18.51
224.741,2.39
225.007,45.37
225.274,-19.1
225.541,9.55
225.808,-53.13
226.075,43.58
226.342,25.67
226.609,7.76
226.875,-2.98
227.142,93.72
227.409,-29.85
227.676,122.38
227.942,34.62
228.209,-38.8
228.476,-15.52
228.742,-33.43
229.009,70.44
229.276,66.86
229.542,4.18
229.809,48.95
230.076,-31.64
230.342,13.13
230.609,-28.06
230.875,136.7
231.142,38.21
231.408,47.16
231.675,31.04
231.941,91.93
232.208,38.21
232.474,108.05
232.741,-6.57
233.007,-20.89
233.274,88.35
233.54,57.9
233.807,-62.08
234.073,34.62
234.339,16.71
234.606,115.21
234.872,41.79
235.138,65.07
235.405,45.37
235.671,111.63
235.937,31.04
236.203,27.46
236.47,-54.92
236.736,36.41
237.002,-42.38
237.268,57.9
237.535,20.3
237.801,36.41
238.067,-26.27
238.333,91.93
238.599,59.7
238.865,5.97
239.131,-58.5
239.397,61.49
239.663,-72.83
239.929,7.76
240.195,134.91
240.462,99.09
240.728,11.34
240.993,-15.52
241.259,77.6
241.525,63.28
241.791,27.46
242.057,7.76
242.323,-11.94
242.589,48.95
242.855,23.88
243.121,5.97
243.387,16.71
243.652,25.67
243.918,5.97
244.184,61.49
244.45,-72.83
244.716,108.05
244.981,-2.98
245.247,16.71
245.513,25.67
245.779,2.39
246.044,113.42
246.31,97.3
246.576,-35.22
246.841,47.16
247.107,-2.98
247.373,5.97
247.638,75.81
247.904,131.33
248.169,43.58
248.435,18.51
248.7,34.62
248.966,0.6
249.231,36.41
249.497,31.04
249.762,68.65
250.028,52.53
250.293,91.93
250.559,-69.25
250.824,-38.8
251.09,50.74
251.355,86.56
251.62,-11.94
251.886,7.76
252.151,32.83
252.416,27.46
252.682,77.6
252.947,68.65
253.212,23.88
253.477,54.32
253.743,109.84
254.008,109.84
254.273,75.81
254.538,79.4
254.804,32.83
255.069,22.09
255.334,0.6
255.599,-28.06
255.864,-22.68
256.129,-35.22
256.394,45.37
256.659,-4.78
256.925,31.04
257.19,-29.85
257.455,9.55
257.72,-10.15
257.985,29.25
258.25,43.58
258.515,52.53
258.78,4.18
259.044,-20.89
259.309,5.97
259.574,45.37
259.839,54.32
260.104,-10.15
260.369,-8.36
260.634,16.71
260.899,136.7
261.163,-17.31
261.428,-28.06
261.693,23.88
261.958,4.18
262.223,5.97
262.487,0.6
262.752,56.11
263.017,22.09
263.281,40
263.546,2.39
263.811,2.39
264.075,27.46
264.34,-19.1
264.605,79.4
264.869,82.98
265.134,-35.22
265.398,-40.59
265.663,-13.73
265.927,77.6
266.192,-56.71
266.457,23.88
266.721,100.89
266.985,48.95
267.25,-72.83
267.514,-8.36
267.779,18.51
268.043,138.49
268.308,-22.68
268.572,99.09
268.836,52.53
269.101,22.09
269.365,29.25
269.629,-37.01
269.894,84.77
270.158,75.81
270.422,-22.68
270.687,-29.85
270.951,34.62
271.215,70.44
271.479,43.58
271.743,-47.76
272.008,-15.52
272.272,91.93
272.536,52.53
272.8,31.04
273.064,65.07
273.328,16.71
273.592,27.46
273.856,-42.38
274.12,-2.98
274.385,-1.19
274.649,-10.15
274.913,52.53
275.177,-33.43
275.441,7.76
275.704,45.37
275.968,65.07
276.232,25.67
276.496,-53.13
276.76,13.13
277.024,47.16
277.288,45.37
277.552,-13.73
277.816,-2.98
278.079,31.04
278.343,125.96
278.607,79.4
278.871,9.55
279.135,18.51
279.398,-20.89
279.662,4.18
279.926,-40.59
280.189,97.3
280.453,22.09
280.717,2.39
280.98,57.9
281.244,-13.73
281.508,97.3
281.771,34.62
282.035,79.4
282.298,38.21
282.562,45.37
282.826,-10.15
283.089,-69.25
283.353,45.37
283.616,61.49
283.88,11.34
284.143,14.92
284.407,-56.71
284.67,32.83
284.933,104.47
285.197,-45.97
285.46,-26.27
285.724,66.86
285.987,129.54
286.25,72.23
286.514,104.47
286.777,-28.06
287.04,32.83
287.303,23.88
287.567,-40.59
287.83,68.65
288.093,59.7
288.356,-56.71
288.62,29.25
288.883,11.34
289.146,82.98
289.409,18.51
289.672,23.88
289.935,56.11
290.198,7.76
290.461,97.3
290.725,-13.73
290.988,-35.22
291.251,23.88
291.514,-62.08
291.777,65.07
292.04,48.95
292.303,81.19
292.566,75.81
292.829,143.87
293.091,159.98
293.354,84.77
293.617,47.16
293.88,-2.98
294.143,-29.85
294.406,100.89
294.669,45.37
294.932,-35.22
295.194,29.25
295.457,23.88
295.72,70.44
295.983,122.38
296.245,9.55
296.508,38.21
296.771,18.51
297.034,109.84
297.296,13.13
297.559,82.98
297.822,29.25
298.084,75.81
298.347,0.6
298.609,117
298.872,18.51
299.135,-29.85
299.397,0.6
299.66,-33.43
299.922,68.65
300.185,43.58
300.447,16.71
300.71,181.47
300.972,75.81
301.235,-2.98
301.497,-4.78
301.759,-10.15
302.022,147.45
302.284,50.74
302.546,151.03
302.809,47.16
303.071,79.4
303.333,82.98
303.596,113.42
303.858,99.09
304.12,0.6
304.383,77.6
304.645,25.67
304.907,74.02
305.169,177.89
305.431,202.96
305.694,127.75
305.956,197.59
306.218,226.25
306.48,195.8
306.742,222.66
307.004,152.82
307.266,326.53
307.528,362.35
307.79,333.7
308.052,328.33
308.314,330.12
308.576,333.7
308.838,283.55
309.1,401.75
309.362,299.67
309.624,346.23
309.886,373.1
310.148,290.72
310.41,342.65
310.672,256.69
310.934,348.03
311.196,403.54
311.457,315.79
311.719,199.38
311.981,417.87
312.243,337.28
312.504,351.61
312.766,410.71
313.028,260.27
313.29,365.93
313.551,288.93
313.813,421.45
314.075,322.95
314.336,448.31
314.598,371.31
314.86,383.84
315.121,349.82
315.383,382.05
315.644,305.04
315.906,256.69
316.167,365.93
316.429,374.89
316.69,254.9
316.952,229.83
317.213,238.78
317.475,385.63
317.736,183.27
317.998,247.74
318.259,253.11
318.521,433.99
318.782,263.85
319.043,204.76
319.305,219.08
319.566,358.77
319.827,183.27
320.089,217.29
320.35,262.06
320.611,272.81
320.872,192.22
321.134,115.21
321.395,197.59
321.656,290.72
321.917,185.06
322.178,152.82
322.44,220.87
322.701,226.25
322.962,190.43
323.223,206.55
323.484,330.12
323.745,167.15
324.006,208.34
324.267,197.59
324.528,185.06
324.789,217.29
325.05,219.08
325.311,159.98
325.572,254.9
325.833,296.09
326.094,222.66
326.355,258.48
326.616,208.34
326.877,308.63
327.138,222.66
327.398,256.69
327.659,231.62
327.92,245.95
328.181,199.38
328.442,335.49
328.702,253.11
328.963,262.06
329.224,194.01
329.485,159.98
329.745,238.78
330.006,244.15
330.267,186.85
330.527,249.53
330.788,247.74
331.049,215.5
331.309,288.93
331.57,131.33
331.83,185.06
332.091,251.32
332.351,249.53
332.612,290.72
332.873,262.06
333.133,188.64
333.393,285.34
333.654,263.85
333.914,340.86
334.175,351.61
334.435,391.01
334.696,371.31
334.956,339.07
335.216,426.82
335.477,468.01
335.737,484.13
335.997,464.43
336.258,595.16
336.518,537.86
336.778,577.26
337.038,437.57
337.299,374.89
337.559,310.42
337.819,321.16
338.079,287.14
338.34,249.53
338.6,143.87
338.86,208.34
339.12,314
339.38,220.87
339.64,217.29
339.9,331.91
340.16,292.51
340.42,220.87
340.68,263.85
340.94,118.79
341.2,158.19
341.46,231.62
341.72,213.71
341.98,177.89
342.24,215.5
342.5,256.69
342.76,154.61
343.02,342.65
343.28,181.47
343.54,217.29
343.799,177.89
344.059,301.46
344.319,195.8
344.579,297.88
344.839,111.63
345.098,124.17
345.358,163.57
345.618,172.52
345.878,226.25
346.137,272.81
346.397,179.68
346.657,199.38
346.916,245.95
347.176,244.15
347.435,149.24
347.695,288.93
347.955,149.24
348.214,226.25
348.474,192.22
348.733,217.29
348.993,236.99
349.252,288.93
349.512,283.55
349.771,206.55
350.031,176.1
350.29,170.73
350.549,100.89
350.809,233.41
351.068,199.38
351.328,229.83
351.587,245.95
351.846,167.15
352.106,269.23
352.365,285.34
352.624,342.65
352.883,233.41
353.143,276.39
353.402,290.72
353.661,267.44
353.92,263.85
354.179,301.46
354.439,208.34
354.698,151.03
354.957,279.97
355.216,231.62
355.475,253.11
355.734,317.58
355.993,364.14
356.252,253.11
356.511,326.53
356.77,297.88
357.029,326.53
357.288,331.91
357.547,258.48
357.806,279.97
358.065,272.81
358.324,315.79
358.583,326.53
358.842,134.91
359.101,163.57
359.36,224.46
359.619,206.55
359.877,186.85
360.136,206.55
360.395,131.33
360.654,133.12
360.913,163.57
361.171,192.22
361.43,127.75
361.689,143.87
361.947,204.76
362.206,152.82
362.465,192.22
362.723,167.15
362.982,109.84
363.241,143.87
363.499,215.5
363.758,142.08
364.016,161.78
364.275,143.87
364.533,174.31
364.792,181.47
365.05,138.49
365.309,204.76
365.567,152.82
365.826,222.66
366.084,244.15
366.343,258.48
366.601,219.08
366.86,194.01
367.118,199.38
367.376,109.84
367.635,192.22
367.893,165.36
368.151,174.31
368.409,167.15
368.668,219.08
368.926,145.66
369.184,127.75
369.442,215.5
369.701,122.38
369.959,219.08
370.217,222.66
370.475,152.82
370.733,220.87
370.991,167.15
371.25,190.43
371.508,185.06
371.766,186.85
372.024,192.22
372.282,194.01
372.54,247.74
372.798,188.64
373.056,167.15
373.314,188.64
373.572,217.29
373.83,247.74
374.088,143.87
374.345,222.66
374.603,297.88
374.861,165.36
375.119,143.87
375.377,149.24
375.635,192.22
375.893,204.76
376.15,235.2
376.408,185.06
376.666,185.06
376.924,217.29
377.181,190.43
377.439,156.4
377.697,220.87
377.954,181.47
378.212,201.17
378.47,194.01
378.727,235.2
378.985,131.33
379.243,219.08
379.5,124.17
379.758,242.36
380.015,263.85
380.273,147.45
380.53,262.06
380.788,269.23
381.045,134.91
381.303,195.8
381.56,172.52
381.818,133.12
382.075,197.59
382.332,206.55
382.59,158.19
382.847,142.08
383.105,204.76
383.362,236.99
383.619,145.66
383.876,152.82
384.134,202.96
384.391,186.85
384.648,199.38
384.905,179.68
385.163,151.03
385.42,179.68
385.677,206.55
385.934,210.13
386.191,99.09
386.449,127.75
386.706,185.06
386.963,131.33
387.22,151.03
387.477,134.91
387.734,174.31
387.991,159.98
388.248,215.5
388.505,120.59
388.762,177.89
389.019,197.59
389.276,222.66
389.533,195.8
389.79,249.53
390.047,99.09
390.304,179.68
390.56,99.09
390.817,219.08
391.074,145.66
391.331,202.96
391.588,177.89
391.844,174.31
392.101,90.14
392.358,158.19
392.615,215.5
392.871,167.15
393.128,133.12
393.385,140.28
393.641,156.4
393.898,152.82
394.155,129.54
394.411,86.56
394.668,108.05
394.925,181.47
395.181,129.54
395.438,120.59
395.694,117
395.951,235.2
396.207,204.76
396.464,177.89
396.72,134.91
396.977,165.36
397.233,177.89
397.489,90.14
397.746,231.62
398.002,181.47
398.259,199.38
398.515,174.31
398.771,236.99
399.028,129.54
399.284,165.36
399.54,88.35
399.796,258.48
400.053,131.33
400.309,156.4
400.565,56.11
400.821,204.76
401.078,117
401.334,168.94
401.59,102.68
401.846,99.09
402.102,115.21
402.358,140.28
402.614,0.6
402.87,154.61
403.126,84.77
403.382,134.91
403.638,129.54
403.894,120.59
404.15,240.57
404.406,134.91
404.662,102.68
404.918,106.26
405.174,185.06
405.43,190.43
405.686,127.75
405.942,151.03
406.198,274.6
406.454,152.82
406.709,143.87
406.965,271.02
407.221,124.17
407.477,115.21
407.732,186.85
407.988,167.15
408.244,174.31
408.5,100.89
408.755,142.08
409.011,224.46
409.267,308.63
409.522,276.39
409.778,342.65
410.033,317.58
410.289,258.48
410.545,163.57
410.8,176.1
411.056,224.46
411.311,197.59
411.567,174.31
411.822,124.17
412.078,158.19
412.333,-10.15
412.588,158.19
412.844,154.61
413.099,190.43
413.355,66.86
413.61,133.12
413.865,34.62
414.121,82.98
414.376,143.87
414.631,183.27
414.887,32.83
415.142,149.24
415.397,151.03
415.652,134.91
415.907,143.87
416.163,154.61
416.418,159.98
416.673,163.57
416.928,77.6
417.183,95.51
417.438,32.83
417.693,115.21
417.949,145.66
418.204,91.93
418.459,-6.57
418.714,32.83
418.969,63.28
419.224,176.1
419.479,134.91
419.734,81.19
419.989,14.92
420.243,120.59
420.498,111.63
420.753,167.15
421.008,36.41
421.263,70.44
421.518,74.02
421.773,86.56
422.027,151.03
422.282,138.49
422.537,149.24
422.792,176.1
423.047,120.59
423.301,117
423.556,75.81
423.811,192.22
424.065,4.18
424.32,31.04
424.575,190.43
424.829,129.54
425.084,142.08
425.338,79.4
425.593,86.56
425.848,154.61
426.102,23.88
426.357,84.77
426.611,102.68
426.866,142.08
427.12,-10.15
427.374,111.63
427.629,117
427.883,133.12
428.138,202.96
428.392,93.72
428.646,50.74
428.901,151.03
429.155,133.12
429.409,82.98
429.664,124.17
429.918,81.19
430.172,84.77
430.427,122.38
430.681,57.9
430.935,122.38
431.189,32.83
431.443,113.42
431.698,113.42
431.952,45.37
432.206,59.7
432.46,215.5
432.714,292.51
432.968,539.65
433.222,788.58
433.476,827.98
433.73,797.53
433.984,808.28
434.238,559.35
434.492,528.9
434.746,408.91
435,430.41
435.254,292.51
435.508,360.56
435.762,206.55
436.016,242.36
436.27,134.91
436.523,95.51
436.777,108.05
437.031,88.35
437.285,109.84
437.539,224.46
437.792,72.23
438.046,109.84
438.3,108.05
438.553,104.47
438.807,54.32
439.061,84.77
439.314,118.79
439.568,102.68
439.822,136.7
440.075,100.89
440.329,188.64
440.582,82.98
440.836,125.96
441.09,84.77
441.343,159.98
441.597,97.3
441.85,172.52
442.103,194.01
442.357,59.7
442.61,65.07
442.864,68.65
443.117,48.95
443.371,56.11
443.624,154.61
443.877,84.77
444.131,172.52
444.384,81.19
444.637,138.49
444.89,61.49
445.144,131.33
445.397,-4.78
445.65,172.52
445.903,111.63
446.157,100.89
446.41,72.23
446.663,93.72
446.916,45.37
447.169,111.63
447.422,16.71
447.675,91.93
447.928,109.84
448.181,75.81
448.435,129.54
448.688,22.09
448.941,16.71
449.194,154.61
449.446,40
449.699,88.35
449.952,31.04
450.205,50.74
450.458,50.74
450.711,125.96
450.964,18.51
451.217,115.21
451.47,138.49
451.722,63.28
451.975,118.79
452.228,129.54
452.481,91.93
452.733,29.25
452.986,77.6
453.239,72.23
453.492,81.19
453.744,109.84
453.997,202.96
454.25,99.09
454.502,95.51
454.755,93.72
455.007,93.72
455.26,97.3
455.513,88.35
455.765,151.03
456.018,113.42
456.27,231.62
456.523,129.54
456.775,111.63
457.028,181.47
457.28,142.08
457.532,72.23
457.785,185.06
458.037,140.28
458.29,136.7
458.542,16.71
458.794,131.33
459.047,113.42
459.299,172.52
459.551,177.89
459.803,93.72
460.056,147.45
460.308,63.28
460.56,45.37
460.812,59.7
461.064,41.79
461.317,97.3
461.569,149.24
461.821,104.47
462.073,25.67
462.325,170.73
462.577,111.63
462.829,95.51
463.081,143.87
463.333,194.01
463.585,142.08
463.837,168.94
464.089,136.7
464.341,109.84
464.593,31.04
464.845,99.09
465.097,151.03
465.349,38.21
465.601,14.92
465.852,118.79
466.104,84.77
466.356,16.71
466.608,133.12
466.86,109.84
467.111,43.58
467.363,192.22
467.615,11.34
467.867,168.94
468.118,-2.98
468.37,181.47
468.622,117
468.873,14.92
469.125,57.9
469.376,36.41
469.628,118.79
469.88,14.92
470.131,102.68
470.383,95.51
470.634,113.42
470.886,82.98
471.137,102.68
471.389,-28.06
471.64,179.68
471.892,120.59
472.143,90.14
472.394,108.05
472.646,41.79
472.897,34.62
473.148,117
473.4,-6.57
473.651,84.77
473.902,74.02
474.154,81.19
474.405,65.07
474.656,34.62
474.907,149.24
475.159,29.25
475.41,118.79
475.661,63.28
475.912,138.49
476.163,109.84
476.414,131.33
476.665,104.47
476.917,59.7
477.168,79.4
477.419,43.58
477.67,50.74
477.921,154.61
478.172,111.63
478.423,156.4
478.674,134.91
478.925,159.98
479.176,75.81
479.426,176.1
479.677,99.09
479.928,109.84
480.179,115.21
480.43,136.7
480.681,168.94
480.932,84.77
481.182,111.63
481.433,127.75
481.684,202.96
481.935,179.68
482.185,138.49
482.436,161.78
482.687,91.93
482.937,143.87
483.188,199.38
483.439,115.21
483.689,215.5
483.94,217.29
484.19,163.57
484.441,360.56
484.692,851.26
484.942,2720.92
485.193,5487.81
485.443,7953.84
485.694,9134.02
485.944,9536.97
486.194,8183.07
486.445,5862.11
486.695,4234.21
486.946,3408.62
487.196,2787.19
487.446,2830.17
487.697,1841.61
487.947,1370.61
488.197,990.95
488.448,650.68
488.698,550.39
488.948,346.23
489.198,276.39
489.449,251.32
489.699,167.15
489.949,134.91
490.199,129.54
490.449,240.57
490.699,206.55
490.949,172.52
491.2,217.29
491.45,185.06
491.7,125.96
491.95,106.26
492.2,70.44
492.45,215.5
492.7,177.89
492.95,283.55
493.2,210.13
493.45,185.06
493.699,199.38
493.949,138.49
494.199,86.56
494.449,68.65
494.699,84.77
494.949,181.47
495.199,176.1
495.448,170.73
495.698,90.14
495.948,167.15
496.198,168.94
496.447,32.83
496.697,145.66
496.947,47.16
497.196,222.66
497.446,165.36
497.696,32.83
497.945,122.38
498.195,154.61
498.444,99.09
498.694,-1.19
498.944,140.28
499.193,134.91
499.443,104.47
499.692,117
499.942,41.79
500.191,22.09
500.44,199.38
500.69,68.65
500.939,75.81
501.189,138.49
501.438,-11.94
501.687,156.4
501.937,97.3
502.186,82.98
502.435,104.47
502.685,79.4
502.934,134.91
503.183,133.12
503.432,125.96
503.682,93.72
503.931,77.6
504.18,145.66
504.429,97.3
504.678,40
504.927,27.46
505.176,23.88
505.426,211.92
505.675,65.07
505.924,108.05
506.173,99.09
506.422,115.21
506.671,100.89
506.92,66.86
507.169,99.09
507.418,59.7
507.667,138.49
507.915,91.93
508.164,29.25
508.413,70.44
508.662,104.47
508.911,36.41
509.16,74.02
509.408,48.95
509.657,74.02
509.906,50.74
510.155,5.97
510.404,43.58
510.652,31.04
510.901,125.96
511.15,45.37
511.398,120.59
511.647,127.75
511.896,61.49
512.144,75.81
512.393,22.09
512.641,52.53
512.89,127.75
513.138,82.98
513.387,40
513.635,34.62
513.884,151.03
514.132,91.93
514.381,40
514.629,-6.57
514.878,5.97
515.126,41.79
515.374,63.28
515.623,25.67
515.871,120.59
516.119,63.28
516.368,34.62
516.616,48.95
516.864,72.23
517.113,106.26
517.361,102.68
517.609,48.95
517.857,2.39
518.105,159.98
518.354,63.28
518.602,65.07
518.85,52.53
519.098,68.65
519.346,65.07
519.594,-8.36
519.842,84.77
520.09,54.32
520.338,11.34
520.586,48.95
520.834,45.37
521.082,120.59
521.33,118.79
521.578,47.16
521.826,127.75
522.074,32.83
522.322,59.7
522.57,25.67
522.817,43.58
523.065,81.19
523.313,79.4
523.561,125.96
523.809,104.47
524.056,13.13
524.304,97.3
524.552,77.6
524.8,18.51
525.047,7.76
525.295,156.4
525.543,22.09
525.79,113.42
526.038,111.63
526.285,31.04
526.533,113.42
526.781,127.75
527.028,-19.1
527.276,125.96
527.523,47.16
527.771,66.86
528.018,5.97
528.266,122.38
528.513,18.51
528.76,65.07
529.008,57.9
529.255,16.71
529.502,45.37
529.75,90.14
529.997,56.11
530.244,48.95
530.492,108.05
530.739,75.81
530.986,100.89
531.234,16.71
531.481,106.26
531.728,13.13
531.975,4.18
532.222,77.6
532.469,40
532.717,113.42
532.964,20.3
533.211,18.51
533.458,149.24
533.705,-13.73
533.952,45.37
534.199,2.39
534.446,168.94
534.693,124.17
534.94,127.75
535.187,72.23
535.434,-28.06
535.681,129.54
535.928,50.74
536.174,63.28
536.421,95.51
536.668,99.09
536.915,34.62
537.162,74.02
537.409,-11.94
537.655,104.47
537.902,84.77
538.149,84.77
538.396,68.65
538.642,140.28
538.889,54.32
539.136,59.7
539.382,66.86
539.629,201.17
539.875,43.58
540.122,168.94
540.369,7.76
540.615,50.74
540.862,177.89
541.108,138.49
541.355,133.12
541.601,202.96
541.848,213.71
542.094,174.31
542.341,219.08
542.587,269.23
542.833,258.48
543.08,342.65
543.326,222.66
543.572,265.65
543.819,269.23
544.065,256.69
544.311,99.09
544.558,267.44
544.804,245.95
545.05,244.15
545.296,271.02
545.542,288.93
545.789,290.72
546.035,269.23
546.281,163.57
546.527,156.4
546.773,179.68
547.019,100.89
547.265,108.05
547.511,152.82
547.757,138.49
548.003,163.57
548.249,84.77
548.495,177.89
548.741,86.56
548.987,54.32
549.233,56.11
549.479,131.33
549.725,74.02
549.971,88.35
550.217,43.58
550.463,138.49
550.708,108.05
550.954,82.98
551.2,57.9
551.446,41.79
551.691,50.74
551.937,142.08
552.183,79.4
552.429,131.33
552.674,102.68
552.92,127.75
553.165,99.09
553.411,81.19
553.657,100.89
553.902,22.09
554.148,45.37
554.393,48.95
554.639,32.83
554.884,63.28
555.13,74.02
555.375,100.89
555.621,106.26
555.866,47.16
556.112,41.79
556.357,50.74
556.602,5.97
556.848,81.19
557.093,79.4
557.338,45.37
557.584,-26.27
557.829,70.44
558.074,0.6
558.32,31.04
558.565,43.58
558.81,40
559.055,-4.78
559.3,66.86
559.546,47.16
559.791,45.37
560.036,50.74
560.281,57.9
560.526,36.41
560.771,57.9
561.016,75.81
561.261,2.39
561.506,2.39
561.751,38.21
561.996,5.97
562.241,-6.57
562.486,90.14
562.731,65.07
562.976,47.16
563.221,81.19
563.466,77.6
563.71,40
563.955,2.39
564.2,79.4
564.445,47.16
564.69,-15.52
564.934,18.51
565.179,4.18
565.424,77.6
565.669,65.07
565.913,84.77
566.158,11.34
566.403,-20.89
566.647,-22.68
566.892,84.77
567.136,45.37
567.381,65.07
567.626,127.75
567.87,2.39
568.115,74.02
568.359,86.56
568.604,124.17
568.848,145.66
569.093,54.32
569.337,61.49
569.581,217.29
569.826,140.28
570.07,108.05
570.315,86.56
570.559,61.49
570.803,11.34
571.048,50.74
571.292,48.95
571.536,48.95
571.78,97.3
572.025,183.27
572.269,99.09
572.513,27.46
572.757,109.84
573.001,75.81
573.245,168.94
573.49,206.55
573.734,124.17
573.978,140.28
574.222,25.67
574.466,115.21
574.71,45.37
574.954,154.61
575.198,75.81
575.442,93.72
575.686,99.09
575.93,168.94
576.174,129.54
576.418,82.98
576.661,192.22
576.905,170.73
577.149,201.17
577.393,91.93
577.637,147.45
577.881,156.4
578.124,159.98
578.368,127.75
578.612,306.84
578.856,194.01
579.099,138.49
579.343,133.12
579.587,70.44
579.83,77.6
580.074,131.33
580.318,211.92
580.561,201.17
580.805,228.04
581.048,292.51
581.292,211.92
581.535,176.1
581.779,185.06
582.022,199.38
582.266,131.33
582.509,151.03
582.753,111.63
582.996,185.06
583.239,138.49
583.483,215.5
583.726,156.4
583.969,176.1
584.213,91.93
584.456,57.9
584.699,91.93
584.943,131.33
585.186,136.7
585.429,59.7
585.672,63.28
585.915,74.02
586.159,165.36
586.402,120.59
586.645,136.7
586.888,170.73
587.131,147.45
587.374,156.4
587.617,109.84
587.86,174.31
588.103,170.73
588.346,172.52
588.589,199.38
588.832,222.66
589.075,197.59
589.318,38.21
589.561,81.19
589.804,109.84
590.047,91.93
590.29,136.7
590.532,75.81
590.775,158.19
591.018,186.85
591.261,192.22
591.504,134.91
591.746,104.47
591.989,163.57
592.232,102.68
592.474,156.4
592.717,145.66
592.96,201.17
593.202,253.11
593.445,290.72
593.688,149.24
593.93,194.01
594.173,167.15
594.415,165.36
594.658,151.03
594.9,106.26
595.143,131.33
595.385,143.87
595.628,77.6
595.87,152.82
596.112,138.49
596.355,154.61
596.597,156.4
596.84,152.82
597.082,143.87
597.324,147.45
597.567,172.52
597.809,99.09
598.051,222.66
598.293,185.06
598.536,172.52
598.778,188.64
599.02,102.68
599.262,134.91
599.504,74.02
599.746,131.33
599.988,97.3
600.231,86.56
600.473,106.26
600.715,54.32
600.957,125.96
601.199,104.47
601.441,299.67
601.683,249.53
601.925,236.99
602.167,133.12
602.409,208.34
602.65,177.89
602.892,185.06
603.134,217.29
603.376,136.7
603.618,138.49
603.86,181.47
604.101,113.42
604.343,65.07
604.585,195.8
604.827,75.81
605.068,176.1
605.31,120.59
605.552,120.59
605.794,79.4
606.035,61.49
606.277,7.76
606.518,206.55
606.76,170.73
607.002,177.89
607.243,129.54
607.485,163.57
607.726,159.98
607.968,195.8
608.209,177.89
608.451,199.38
608.692,109.84
608.933,151.03
609.175,211.92
609.416,159.98
609.658,235.2
609.899,190.43
610.14,177.89
610.382,186.85
610.623,265.65
610.864,220.87
611.105,222.66
611.347,235.2
611.588,238.78
611.829,253.11
612.07,292.51
612.311,253.11
612.553,231.62
612.794,233.41
613.035,251.32
613.276,235.2
613.517,176.1
613.758,294.3
613.999,154.61
614.24,217.29
614.481,170.73
614.722,197.59
614.963,202.96
615.204,211.92
615.445,65.07
615.686,152.82
615.927,215.5
616.167,111.63
616.408,97.3
616.649,152.82
616.89,151.03
617.131,149.24
617.372,133.12
617.612,147.45
617.853,61.49
618.094,134.91
618.334,84.77
618.575,115.21
618.816,68.65
619.056,154.61
619.297,134.91
619.538,174.31
619.778,52.53
620.019,118.79
620.259,140.28
620.5,56.11
620.74,29.25
620.981,147.45
621.221,-6.57
621.462,29.25
621.702,74.02
621.943,120.59
622.183,50.74
622.423,48.95
622.664,88.35
622.904,36.41
623.144,63.28
623.385,134.91
623.625,163.57
623.865,158.19
624.105,106.26
624.346,27.46
624.586,38.21
624.826,-4.78
625.066,109.84
625.306,70.44
625.546,81.19
625.787,115.21
626.027,57.9
626.267,82.98
626.507,124.17
626.747,75.81
626.987,52.53
627.227,124.17
627.467,47.16
627.707,100.89
627.947,7.76
628.187,25.67
628.427,90.14
628.666,165.36
628.906,31.04
629.146,-4.78
629.386,25.67
629.626,47.16
629.866,-22.68
630.105,0.6
630.345,57.9
630.585,172.52
630.825,82.98
631.064,113.42
631.304,45.37
631.544,124.17
631.783,63.28
632.023,65.07
632.262,45.37
632.502,125.96
632.742,-2.98
632.981,34.62
633.221,-22.68
633.46,133.12
633.7,29.25
633.939,25.67
634.179,66.86
634.418,152.82
634.657,-28.06
634.897,-69.25
635.136,115.21
635.376,50.74
635.615,86.56
635.854,81.19
636.094,14.92
636.333,59.7
636.572,-22.68
636.811,81.19
637.051,82.98
637.29,5.97
637.529,18.51
637.768,113.42
638.007,108.05
638.246,7.76
638.486,-29.85
638.725,18.51
638.964,-11.94
639.203,134.91
639.442,-47.76
639.681,91.93
639.92,100.89
640.159,-24.48
640.398,-51.34
640.637,61.49
640.876,77.6
641.114,13.13
641.353,11.34
641.592,-58.5
641.831,57.9
642.07,5.97
642.309,66.86
642.548,18.51
642.786,66.86
643.025,134.91
643.264,31.04
643.502,57.9
643.741,40
643.98,57.9
644.219,-37.01
644.457,32.83
644.696,-76.41
644.934,65.07
645.173,59.7
645.412,38.21
645.65,25.67
645.889,14.92
646.127,120.59
646.366,54.32
646.604,154.61
646.842,75.81
647.081,-4.78
647.319,34.62
647.558,-28.06
647.796,-20.89
648.034,57.9
648.273,143.87
648.511,31.04
648.749,-22.68
648.988,134.91
649.226,113.42
649.464,16.71
649.702,104.47
649.941,84.77
650.179,66.86
650.417,38.21
650.655,54.32
650.893,65.07
651.131,70.44
651.369,108.05
651.607,25.67
651.845,36.41
652.083,84.77
652.321,117
652.559,142.08
652.797,7.76
653.035,106.26
653.273,124.17
653.511,118.79
653.749,106.26
653.987,195.8
654.225,303.25
654.463,322.95
654.701,609.49
654.938,1875.64
655.176,7368.23
655.414,19646.41
655.652,33821.13
655.889,45930.97
656.127,53560.07
656.365,55238.11
656.602,48282.38
656.84,38683.33
657.078,31091.85
657.315,25833.86
657.553,20826.59
657.79,16822.21
658.028,13054.23
658.266,10179.89
658.503,7729.98
658.741,5996.42
658.978,4345.24
659.215,3020
659.453,2008.16
659.69,1334.79
659.928,822.61
660.165,516.37
660.402,301.46
660.64,258.48
660.877,172.52
661.114,213.71
661.352,192.22
661.589,113.42
661.826,145.66
662.063,124.17
662.301,34.62
662.538,63.28
662.775,20.3
663.012,18.51
663.249,61.49
663.486,-51.34
663.723,41.79
663.961,106.26
664.198,-6.57
664.435,79.4
664.672,84.77
664.909,-4.78
665.146,13.13
665.383,63.28
665.619,48.95
665.856,-11.94
666.093,11.34
666.33,-19.1
666.567,74.02
666.804,16.71
667.041,-13.73
667.278,136.7
667.514,32.83
667.751,7.76
667.988,-6.57
668.225,-8.36
668.461,-15.52
668.698,-2.98
668.935,41.79
669.171,20.3
669.408,-54.92
669.644,23.88
669.881,-17.31
670.118,-8.36
670.354,9.55
670.591,-24.48
670.827,57.9
671.064,-35.22
671.3,-15.52
671.537,-6.57
671.773,75.81
672.01,23.88
672.246,34.62
672.482,34.62
672.719,-4.78
672.955,25.67
673.191,-38.8
673.428,-1.19
673.664,2.39
673.9,72.23
674.136,11.34
674.373,32.83
674.609,-47.76
674.845,115.21
675.081,-44.17
675.317,29.25
675.553,40
675.79,104.47
676.026,31.04
676.262,20.3
676.498,-22.68
676.734,32.83
676.97,14.92
677.206,0.6
677.442,52.53
677.678,70.44
677.914,32.83
678.15,-8.36
678.386,13.13
678.621,14.92
678.857,52.53
679.093,-35.22
679.329,-1.19
679.565,9.55
679.8,63.28
680.036,-6.57
680.272,48.95
680.508,34.62
680.743,36.41
680.979,-22.68
681.215,-87.16
681.45,-8.36
681.686,-8.36
681.922,74.02
682.157,-26.27
682.393,45.37
682.628,16.71
682.864,9.55
683.099,-13.73
683.335,7.76
683.57,-24.48
683.806,-71.04
684.041,-35.22
684.277,31.04
684.512,23.88
684.747,133.12
684.983,38.21
685.218,38.21
685.453,-20.89
685.689,111.63
685.924,40
686.159,75.81
686.394,-31.64
686.63,66.86
686.865,-2.98
687.1,-78.2
687.335,-6.57
687.57,36.41
687.806,18.51
688.041,61.49
688.276,-22.68
688.511,77.6
688.746,-54.92
688.981,97.3
689.216,-38.8
689.451,-33.43
689.686,-1.19
689.921,86.56
690.156,11.34
690.391,18.51
690.625,29.25
690.86,59.7
691.095,2.39
691.33,108.05
691.565,-38.8
691.8,74.02
692.034,61.49
692.269,-71.04
692.504,41.79
692.739,7.76
692.973,-49.55
693.208,0.6
693.443,-40.59
693.677,41.79
693.912,-19.1
694.146,48.95
694.381,13.13
694.616,-60.29
694.85,-29.85
695.085,14.92
695.319,-62.08
695.554,41.79
695.788,-67.46
696.023,-40.59
696.257,2.39
696.491,-2.98
696.726,-4.78
696.96,40
697.194,0.6
697.429,43.58
697.663,43.58
697.897,14.92
698.132,-17.31
698.366,2.39
698.6,20.3
698.834,-26.27
699.068,-15.52
699.303,65.07
699.537,-53.13
699.771,45.37
700.005,-67.46
700.239,52.53
700.473,16.71
700.707,54.32
700.941,0.6
701.175,-53.13
701.409,29.25
701.643,-2.98
701.877,-31.64
702.111,31.04
702.345,7.76
702.579,-8.36
702.813,-28.06
703.047,-10.15
703.281,-78.2
703.514,70.44
703.748,9.55
703.982,-4.78
704.216,36.41
704.449,-4.78
704.683,-4.78
704.917,-13.73
705.15,-63.87
705.384,-54.92
705.618,25.67
705.851,-10.15
706.085,20.3
706.319,23.88
706.552,-6.57
706.786,36.41
707.019,47.16
707.253,-15.52
707.486,-49.55
707.72,113.42
707.953,13.13
708.187,72.23
708.42,52.53
708.653,38.21
708.887,-11.94
709.12,-8.36
709.353,23.88
709.587,-31.64
709.82,4.18
710.053,-24.48
710.286,-1.19
710.52,11.34
710.753,14.92
710.986,29.25
711.219,29.25
711.452,81.19
711.686,0.6
711.919,-26.27
712.152,38.21
712.385,45.37
712.618,-24.48
712.851,41.79
713.084,47.16
713.317,4.18
713.55,-71.04
713.783,65.07
714.016,56.11
714.249,29.25
714.482,11.34
714.714,16.71
714.947,5.97
715.18,95.51
715.413,-51.34
715.646,-96.11
715.878,65.07
716.111,52.53
716.344,22.09
716.577,-58.5
716.809,-24.48
717.042,-51.34
717.275,25.67
717.507,56.11
717.74,66.86
717.973,72.23
718.205,16.71
718.438,25.67
718.67,-26.27
718.903,0.6
719.135,77.6
719.368,68.65
719.6,-6.57
719.833,-6.57
720.065,88.35
720.297,23.88
720.53,-56.71
720.762,-51.34
720.995,-79.99
721.227,-20.89
721.459,-13.73
721.691,-19.1
721.924,-83.57
722.156,38.21
722.388,-15.52
722.62,84.77
722.853,36.41
723.085,-63.87
723.317,93.72
723.549,9.55
723.781,-15.52
724.013,-1.19
724.245,84.77
724.477,-4.78
724.709,32.83
724.941,59.7
725.173,2.39
725.405,91.93
725.637,4.18
725.869,72.23
726.101,22.09
726.333,75.81
726.565,59.7
726.797,29.25
727.028,34.62
727.26,120.59
727.492,-28.06
727.724,72.23
727.956,63.28
728.187,-47.76
728.419,9.55
728.651,20.3
728.882,-69.25
729.114,52.53
729.346,-49.55
729.577,43.58
729.809,27.46
730.04,-49.55
730.272,47.16
730.503,-8.36
730.735,-11.94
730.966,34.62
731.198,81.19
731.429,47.16
731.661,70.44
731.892,32.83
732.124,-8.36
732.355,22.09
732.586,75.81
732.818,38.21
733.049,18.51
733.28,-29.85
733.512,27.46
733.743,-38.8
733.974,90.14
734.205,90.14
734.436,-83.57
734.668,20.3
734.899,0.6
735.13,75.81
735.361,22.09
735.592,32.83
735.823,-15.52
736.054,63.28
736.285,14.92
736.516,9.55
736.747,18.51
736.978,74.02
737.209,-22.68
737.44,-26.27
737.671,-24.48
737.902,36.41
738.133,22.09
738.364,77.6
738.594,-20.89
738.825,104.47
739.056,56.11
739.287,48.95
739.518,-47.76
739.748,-1.19
739.979,57.9
740.21,52.53
740.44,-11.94
740.671,-42.38
740.902,13.13
741.132,-33.43
741.363,-71.04
741.593,-13.73
741.824,-87.16
742.055,70.44
742.285,-20.89
742.516,-33.43
742.746,-19.1
742.976,52.53
743.207,41.79
743.437,27.46
743.668,-53.13
743.898,-92.53
744.128,-81.78
744.359,16.71
744.589,38.21
744.819,47.16
745.05,45.37
745.28,111.63
745.51,-20.89
745.74,68.65
745.971,72.23
746.201,104.47
746.431,-10.15
746.661,66.86
746.891,-6.57
747.121,9.55
747.351,25.67
747.581,0.6
747.811,-20.89
748.041,70.44
748.271,-20.89
748.501,14.92
748.731,-19.1
748.961,2.39
749.191,-8.36
749.421,2.39
749.651,34.62
749.881,40
750.111,-24.48
750.34,-19.1
750.57,-20.89
750.8,-26.27
751.03,14.92
751.259,57.9
751.489,-10.15
751.719,5.97
751.949,-13.73
752.178,2.39
752.408,-40.59
752.637,-24.48
752.867,13.13
753.097,27.46
753.326,54.32
753.556,61.49
753.785,29.25
754.015,13.13
754.244,-33.43
754.474,-31.64
754.703,36.41
754.932,41.79
755.162,-4.78
755.391,-13.73
755.621,-42.38
755.85,-4.78
756.079,56.11
756.309,61.49
756.538,23.88
756.767,59.7
756.996,-2.98
757.225,-26.27
757.455,7.76
757.684,79.4
757.913,0.6
758.142,-78.2
758.371,25.67
758.6,5.97
758.829,-11.94
759.058,34.62
759.287,-26.27
759.516,100.89
759.745,2.39
759.974,72.23
760.203,-40.59
760.432,68.65
760.661,-26.27
760.89,32.83
761.119,52.53
761.348,65.07
761.577,-38.8
761.805,22.09
762.034,54.32
762.263,-2.98
762.492,13.13
762.721,29.25
762.949,20.3
763.178,4.18
763.407,14.92
763.635,9.55
763.864,13.13
764.092,41.79
764.321,29.25
764.55,41.79
764.778,29.25
765.007,63.28
765.235,13.13
765.464,16.71
765.692,-94.32
765.921,2.39
766.149,-11.94
766.377,63.28
766.606,-74.62
766.834,-72.83
767.062,36.41
767.291,25.67
767.519,16.71
767.747,-78.2
767.976,-51.34
768.204,34.62
768.432,25.67
768.66,0.6
768.889,34.62
769.117,74.02
769.345,-22.68
769.573,-45.97
769.801,23.88
770.029,31.04
770.257,-2.98
770.485,84.77
770.713,4.18
770.941,-6.57
771.169,-88.95
771.397,-2.98
771.625,-54.92
771.853,-35.22
772.081,-33.43
772.309,-24.48
772.537,0.6
772.765,90.14
772.992,-1.19
773.22,-6.57
773.448,-28.06
773.676,-11.94
773.903,-74.62
774.131,-90.74
774.359,-62.08
774.586,-37.01
774.814,82.98
775.042,-35.22
775.269,-45.97
775.497,-56.71
775.725,-4.78
775.952,14.92
776.18,-37.01
776.407,161.78
776.635,120.59
776.862,236.99
777.09,324.74
777.317,453.69
777.544,355.19
777.772,317.58
777.999,285.34
778.227,111.63
778.454,158.19
778.681,143.87
778.908,143.87
779.136,127.75
779.363,18.51
779.59,113.42
779.817,31.04
780.045,-1.19
780.272,41.79
780.499,22.09
780.726,-58.5
780.953,65.07
781.18,-11.94
781.407,-62.08
781.634,9.55
781.861,-47.76
782.088,45.37
782.315,7.76
782.542,-42.38
782.769,-10.15
782.996,-28.06
783.223,32.83
783.45,-15.52
783.677,-54.92
783.904,-28.06
784.13,9.55
784.357,14.92
784.584,-4.78
784.811,-85.36
785.038,63.28
785.264,-2.98
785.491,-8.36
785.718,-45.97
785.944,-11.94
786.171,63.28
786.398,0.6
786.624,-44.17
786.851,-31.64
787.077,11.34
787.304,13.13
787.53,56.11
787.757,31.04
787.983,-2.98
788.21,0.6
788.436,41.79
788.663,13.13
788.889,86.56
789.115,7.76
789.342,-8.36
789.568,5.97
789.794,-1.19
790.021,31.04
790.247,-62.08
790.473,-126.55
790.699,-87.16
790.926,-33.43
791.152,-2.98
791.378,-56.71
791.604,-6.57
791.83,41.79
792.056,-28.06
792.282,-53.13
792.508,34.62
792.735,109.84
792.961,-51.34
793.187,31.04
793.413,0.6
793.638,27.46
793.864,-24.48
794.09,-40.59
794.316,-17.31
794.542,-11.94
794.768,-69.25
794.994,-6.57
795.22,7.76
795.445,36.41
795.671,29.25
795.897,-10.15
796.123,-26.27
796.348,59.7
796.574,106.26
796.8,-65.67
797.025,-31.64
797.251,-6.57
797.477,4.18
797.702,-22.68
797.928,-1.19
798.153,72.23
798.379,-44.17
798.604,61.49
798.83,-62.08
799.055,-37.01
799.281,-15.52
799.506,23.88
799.732,-17.31
799.957,-35.22
800.182,34.62
800.408,-8.36
800.633,54.32
800.858,-6.57
801.084,-87.16
801.309,-44.17
801.534,-1.19
801.759,43.58
801.985,45.37
802.21,-11.94
802.435,41.79
802.66,-72.83
802.885,-26.27
803.11,-13.73
803.335,4.18
803.561,5.97
803.786,34.62
804.011,-17.31
804.236,-51.34
804.461,40
804.685,-1.19
804.91,52.53
805.135,-28.06
805.36,-8.36
805.585,0.6
805.81,81.19
806.035,-103.27
806.26,13.13
806.484,-19.1
806.709,81.19
806.934,-28.06
807.159,72.23
807.383,-47.76
807.608,22.09
807.833,4.18
808.057,-11.94
808.282,27.46
808.507,72.23
808.731,-26.27
808.956,25.67
809.18,40
809.405,-8.36
809.629,20.3
809.854,-6.57
810.078,-92.53
810.303,-45.97
810.527,-72.83
810.751,-115.81
810.976,41.79
811.2,-19.1
811.425,-24.48
811.649,23.88
811.873,-40.59
812.097,-101.48
812.322,40
812.546,25.67
812.77,-13.73
812.994,40
813.219,-33.43
813.443,-42.38
813.667,-17.31
813.891,5.97
814.115,-92.53
814.339,-20.89
814.563,-1.19
814.787,-20.89
815.011,-26.27
815.235,41.79
815.459,-33.43
815.683,-11.94
815.907,-58.5
816.131,-6.57
816.355,-37.01
816.579,-13.73
816.802,4.18
817.026,20.3
817.25,31.04
817.474,-69.25
817.698,-19.1
817.921,-74.62
818.145,23.88
818.369,4.18
818.592,-2.98
818.816,93.72
819.04,4.18
819.263,-56.71
819.487,-45.97
819.71,-45.97
819.934,-44.17
820.158,11.34
820.381,-37.01
820.605,-10.15
820.828,-38.8
821.051,-51.34
821.275,-71.04
821.498,-19.1
821.722,22.09
821.945,-67.46
822.168,-8.36
822.392,-62.08
822.615,14.92
822.838,-47.76
823.061,-53.13
823.285,-69.25
823.508,40
823.731,-22.68
823.954,-60.29
824.177,36.41
824.401,36.41
824.624,-2.98
824.847,16.71
825.07,54.32
825.293,-72.83
825.516,-44.17
825.739,-2.98
825.962,11.34
826.185,-6.57
826.408,66.86
826.631,16.71
826.854,-35.22
827.077,14.92
827.299,-29.85
827.522,-28.06
827.745,-35.22
827.968,-40.59
828.191,34.62
828.413,31.04
828.636,-51.34
828.859,-26.27
829.082,-49.55
829.304,-19.1
829.527,32.83
829.75,120.59
829.972,22.09
830.195,27.46
830.417,29.25
830.64,-74.62
830.862,34.62
831.085,16.71
831.307,23.88
831.53,-4.78
831.752,-103.27
831.975,63.28
832.197,29.25
832.42,-53.13
832.642,25.67
832.864,22.09
833.087,-26.27
833.309,5.97
833.531,36.41
833.753,0.6
833.976,-15.52
834.198,43.58
834.42,52.53
834.642,-40.59
834.864,-29.85
835.086,13.13
835.309,52.53
835.531,79.4
835.753,18.51
835.975,84.77
836.197,-54.92
836.419,-13.73
836.641,-33.43
836.863,-42.38
837.085,-1.19
837.307,54.32
837.529,20.3
837.75,4.18
837.972,2.39
838.194,-44.17
838.416,25.67
838.638,-101.48
838.859,68.65
839.081,-124.76
839.303,-58.5
839.525,0.6
839.746,31.04
839.968,7.76
840.19,-24.48
840.411,59.7
840.633,13.13
840.855,-6.57
841.076,-8.36
841.298,7.76
841.519,43.58
841.741,-79.99
841.962,-54.92
842.184,-19.1
842.405,2.39
842.626,-65.67
842.848,-62.08
843.069,-10.15
843.291,-74.62
843.512,14.92
843.733,-15.52
843.955,-2.98
844.176,118.79
844.397,172.52
844.618,231.62
844.839,152.82
845.061,151.03
845.282,147.45
845.503,74.02
845.724,129.54
845.945,108.05
846.166,88.35
846.387,4.18
846.608,97.3
846.829,-1.19
847.05,5.97
847.271,-6.57
847.492,29.25
847.713,54.32
847.934,52.53
848.155,-29.85
848.376,-79.99
848.597,-51.34
848.818,11.34
849.038,14.92
849.259,-19.1
849.48,9.55
849.701,2.39
849.921,-31.64
850.142,52.53
850.363,-2.98
850.584,-45.97
850.804,-56.71
851.025,-88.95
851.245,43.58
851.466,-63.87
851.687,65.07
851.907,-44.17
852.128,0.6
852.348,9.55
852.569,-1.19
852.789,-8.36
853.009,2.39
853.23,63.28
853.45,-42.38
853.671,34.62
853.891,2.39
854.111,-35.22
854.332,2.39
854.552,-29.85
854.772,-11.94
854.992,-81.78
855.213,-47.76
855.433,18.51
855.653,13.13
855.873,-110.44
856.093,-85.36
856.313,-2.98
856.533,36.41
856.753,-33.43
856.974,18.51
857.194,34.62
857.414,-96.11
857.634,-11.94
857.854,61.49
858.073,-53.13
858.293,-83.57
858.513,-6.57
858.733,-35.22
858.953,11.34
859.173,14.92
859.393,-13.73
859.612,-37.01
859.832,-62.08
860.052,-13.73
860.272,31.04
860.491,84.77
860.711,-126.55
860.931,-49.55
861.15,56.11
861.37,-35.22
861.59,-22.68
861.809,40
862.029,-54.92
862.248,16.71
862.468,38.21
862.687,-51.34
862.907,-45.97
863.126,118.79
863.346,-20.89
863.565,-13.73
863.785,-40.59
864.004,-60.29
864.223,-17.31
864.443,-8.36
864.662,-15.52
864.881,-38.8
865.1,7.76
865.32,29.25
865.539,-44.17
865.758,113.42
865.977,4.18
866.196,-15.52
866.416,-54.92
866.635,-87.16
866.854,-22.68
867.073,86.56
867.292,-62.08
867.511,22.09
867.73,2.39
867.949,59.7
868.168,2.39
868.387,14.92
868.606,-4.78
868.825,14.92
869.044,14.92
869.262,14.92
869.481,-137.3
869.7,-10.15
869.919,-4.78
870.138,-40.59
870.356,27.46
870.575,2.39
870.794,-56.71
871.013,4.18
871.231,-42.38
871.45,34.62
871.668,32.83
871.887,27.46
872.106,22.09
872.324,2.39
872.543,20.3
872.761,-60.29
872.98,-8.36
873.198,-101.48
873.417,-53.13
873.635,13.13
873.854,-38.8
874.072,20.3
874.29,59.7
874.509,29.25
874.727,-37.01
874.945,14.92
875.164,-37.01
875.382,-10.15
875.6,-37.01
875.818,-29.85
876.037,56.11
876.255,-19.1
876.473,82.98
876.691,-11.94
876.909,-33.43
877.127,-33.43
877.345,104.47
877.563,100.89
877.781,-13.73
877.999,40
878.217,18.51
878.435,-24.48
878.653,-51.34
878.871,20.3
879.089,0.6
879.307,36.41
879.525,32.83
879.743,41.79
879.96,-54.92
880.178,-1.19
880.396,-26.27
880.614,-81.78
880.832,13.13
881.049,57.9
881.267,-44.17
881.485,29.25
881.702,-2.98
881.92,-33.43
882.137,31.04
882.355,-1.19
882.573,-15.52
882.79,-53.13
883.008,7.76
883.225,-35.22
883.443,-58.5
883.66,41.79
883.877,-63.87
884.095,45.37
884.312,-122.97
884.53,-19.1
884.747,-15.52
884.964,-79.99
885.182,14.92
885.399,-26.27
885.616,-24.48
885.833,-1.19
886.051,-58.5
886.268,-83.57
886.485,-6.57
886.702,36.41
886.919,-58.5
887.136,-37.01
887.353,22.09
887.57,2.39
887.788,16.71
888.005,-11.94
888.222,-65.67
888.439,-54.92
888.655,47.16
888.872,-20.89
889.089,11.34
889.306,5.97
889.523,43.58
889.74,32.83
889.957,-15.52
890.174,-35.22
890.39,34.62
890.607,-76.41
890.824,-63.87
891.041,23.88
891.257,23.88
891.474,9.55
891.691,-42.38
891.907,-19.1
892.124,-45.97
892.34,22.09
892.557,43.58
892.774,-65.67
892.99,14.92
893.207,11.34
893.423,-90.74
893.64,31.04
893.856,-40.59
894.072,20.3
894.289,-17.31
894.505,4.18
894.722,-17.31
894.938,40
895.154,13.13
895.37,-42.38
895.587,-96.11
895.803,-20.89
896.019,-24.48
896.235,-37.01
896.452,-15.52
896.668,-31.64
896.884,52.53
897.1,-24.48
897.316,-22.68
897.532,-1.19
897.748,-24.48
897.964,79.4
898.18,-71.04
898.396,-8.36
898.612,-54.92
898.828,-49.55
899.044,-40.59
899.26,-40.59
899.476,34.62
899.692,-38.8
899.908,-22.68
900.123,22.09
900.339,40
900.555,-11.94
900.771,-6.57
900.986,-37.01
901.202,-90.74
901.418,4.18
901.633,-13.73
901.849,-44.17
902.065,-8.36
902.28,-28.06
902.496,-53.13
902.711,31.04
902.927,124.17
903.143,34.62
903.358,20.3
903.573,-38.8
903.789,-49.55
904.004,54.32
904.22,-4.78
904.435,-40.59
904.651,29.25
904.866,-54.92
905.081,-117.6
905.296,-56.71
905.512,-45.97
905.727,-72.83
905.942,-31.64
906.157,-6.57
906.373,16.71
906.588,-13.73
906.803,-29.85
907.018,-24.48
907.233,63.28
907.448,0.6
907.663,-29.85
907.878,-37.01
908.093,-13.73
908.308,-40.59
908.523,-97.9
908.738,77.6
908.953,-11.94
909.168,-37.01
909.383,-28.06
909.598,32.83
909.813,16.71
910.027,47.16
910.242,-54.92
910.457,-22.68
910.672,-13.73
910.887,14.92
911.101,36.41
911.316,-49.55
911.531,9.55
911.745,-83.57
911.96,-4.78
912.174,-40.59
912.389,48.95
912.604,25.67
912.818,-60.29
913.033,0.6
913.247,-35.22
913.462,16.71
913.676,11.34
913.89,-35.22
914.105,-26.27
914.319,59.7
914.534,-99.69
914.748,-56.71
914.962,-19.1
915.177,7.76
915.391,29.25
915.605,-44.17
915.819,-19.1
916.034,18.51
916.248,-37.01
916.462,-22.68
916.676,-1.19
916.89,-45.97
917.104,-35.22
917.318,23.88
917.532,-33.43
917.746,-4.78
917.96,-128.35
918.174,-76.41
918.388,0.6
918.602,4.18
918.816,-88.95
919.03,-26.27
919.244,32.83
919.458,-22.68
919.672,-45.97
919.886,18.51
920.099,-2.98
920.313,-35.22
920.527,-37.01
920.741,-42.38
920.954,25.67
921.168,-56.71
921.382,-37.01
921.595,-1.19
921.809,-33.43
922.023,-6.57
922.236,31.04
922.45,-44.17
922.663,27.46
922.877,-10.15
923.09,-15.52
923.304,-56.71
923.517,-19.1
923.731,-22.68
923.944,-38.8
924.157,20.3
924.371,-19.1
924.584,54.32
924.797,-51.34
925.011,-20.89
925.224,-29.85
925.437,-6.57
925.65,-20.89
925.864,-19.1
926.077,9.55
926.29,-44.17
926.503,-44.17
926.716,9.55
926.929,7.76
927.142,-42.38
927.355,-11.94
927.568,16.71
927.781,-2.98
927.994,-62.08
928.207,-26.27
928.42,32.83
928.633,-42.38
928.846,-13.73
929.059,-6.57
929.272,-74.62
929.485,4.18
929.697,-58.5
929.91,-1.19
930.123,-19.1
930.336,-110.44
930.549,7.76
930.761,-130.14
930.974,-19.1
931.187,-63.87
931.399,4.18
931.612,-47.76
931.824,-40.59
932.037,32.83
932.249,-1.19
932.462,-63.87
932.675,-10.15
932.887,-67.46
933.099,-60.29
933.312,-87.16
933.524,-94.32
933.737,-135.51
933.949,-49.55
934.161,0.6
934.374,-90.74
934.586,-1.19
934.798,88.35
935.011,-79.99
935.223,-40.59
935.435,-20.89
935.647,-140.88
935.859,-31.64
936.072,-51.34
936.284,54.32
936.496,20.3
936.708,18.51
936.92,-85.36
937.132,-58.5
937.344,-10.15
937.556,48.95
937.768,-6.57
937.98,-22.68
938.192,-22.68
938.404,-35.22
938.616,16.71
938.828,-19.1
939.039,-15.52
939.251,45.37
939.463,-37.01
939.675,-35.22
939.887,-20.89
940.098,-65.67
940.31,86.56
940.522,16.71
940.733,-62.08
940.945,-90.74
941.157,-79.99
941.368,5.97
941.58,-6.57
941.791,-60.29
942.003,-17.31
942.214,-26.27
942.426,-69.25
942.637,-1.19
942.849,18.51
943.06,-24.48
943.272,22.09
943.483,-63.87
943.694,23.88
943.906,-45.97
944.117,-28.06
944.328,-26.27
944.54,-44.17
944.751,68.65
944.962,-24.48
945.173,13.13
945.384,43.58
945.596,-44.17
945.807,-13.73
946.018,29.25
946.229,-94.32
946.44,-1.19
946.651,-37.01
946.862,5.97
947.073,31.04
947.284,-51.34
947.495,9.55
947.706,31.04
947.917,16.71
948.128,-6.57
948.339,-19.1
948.549,43.58
948.76,-31.64
948.971,-2.98
949.182,-8.36
949.393,-28.06
949.603,-90.74
949.814,-81.78
950.025,29.25
950.235,-101.48
950.446,-19.1
950.657,-24.48
950.867,-103.27
951.078,9.55
951.288,-11.94
951.499,-45.97
951.709,-35.22
951.92,-24.48
952.13,-20.89
952.341,-45.97
952.551,-63.87
952.762,-94.32
952.972,-31.64
953.182,-79.99
953.393,-20.89
953.603,-19.1
953.813,-11.94
954.024,-78.2
954.234,-4.78
954.444,34.62
954.654,32.83
954.865,-99.69
955.075,9.55
955.285,72.23
955.495,-51.34
955.705,-88.95
955.915,31.04
956.125,32.83
956.335,63.28
956.545,-90.74
956.755,86.56
956.965,-28.06
957.175,-78.2
957.385,-47.76
957.595,18.51
957.805,-11.94
958.015,109.84
958.224,9.55
958.434,-6.57
958.644,-67.46
958.854,-53.13
959.064,-6.57
959.273,22.09
959.483,-29.85
959.693,-71.04
959.902,-28.06
960.112,16.71
960.322,2.39
960.531,-72.83
960.741,34.62
960.95,-65.67
961.16,-24.48
961.369,86.56
961.579,-69.25
961.788,-37.01
961.998,-51.34
962.207,-49.55
962.416,-58.5
962.626,-74.62
962.835,66.86
963.044,-29.85
963.254,-4.78
963.463,-11.94
963.672,-96.11
963.881,-13.73
964.091,-101.48
964.3,-24.48
964.509,-74.62
964.718,-13.73
964.927,34.62
965.136,81.19
965.345,22.09
965.554,-56.71
965.763,-37.01
965.972,-4.78
966.181,72.23
966.39,20.3
966.599,9.55
966.808,13.13
967.017,11.34
967.226,-8.36
967.435,-15.52
967.644,-31.64
967.852,38.21
968.061,-38.8
968.27,-29.85
968.479,-72.83
968.687,65.07
968.896,11.34
969.105,-49.55
969.313,-54.92
969.522,-37.01
969.731,16.71
969.939,-2.98
970.148,-19.1
970.356,-13.73
970.565,-8.36
970.773,-10.15
970.982,40
971.19,-17.31
971.399,-40.59
971.607,-44.17
971.815,43.58
972.024,82.98
972.232,-2.98
972.44,-28.06
972.649,-1.19
972.857,-79.99
973.065,-42.38
973.273,0.6
973.482,13.13
973.69,-76.41
973.898,-51.34
974.106,56.11
974.314,-22.68
974.522,16.71
974.73,50.74
974.938,-29.85
975.146,13.13
975.354,81.19
975.562,50.74
975.77,-130.14
975.978,-62.08
976.186,-29.85
976.394,-42.38
976.602,-54.92
976.81,-29.85
977.018,18.51
977.225,-8.36
977.433,56.11
977.641,-2.98
977.849,-19.1
978.056,68.65
978.264,-29.85
978.472,59.7
978.679,4.18
978.887,22.09
979.094,-20.89
979.302,-33.43
979.51,-96.11
979.717,-13.73
979.925,-8.36
980.132,2.39
980.339,-45.97
980.547,-31.64
980.754,81.19
980.962,23.88
981.169,25.67
981.376,47.16
981.584,-28.06
981.791,50.74
981.998,-67.46
982.206,4.18
982.413,43.58
982.62,-51.34
982.827,-72.83
983.034,-10.15
983.242,-103.27
983.449,-4.78
983.656,-22.68
983.863,31.04
984.07,-13.73
984.277,-17.31
984.484,-35.22
984.691,-76.41
984.898,-56.71
985.105,-15.52
985.312,-74.62
985.519,-26.27
985.725,-81.78
985.932,-40.59
986.139,-22.68
986.346,7.76
986.553,-53.13
986.759,-71.04
986.966,-60.29
987.173,13.13
987.38,-44.17
987.586,-20.89
987.793,41.79
988,-28.06
988.206,-79.99
988.413,-33.43
988.619,27.46
988.826,-29.85
989.032,-1.19
989.239,-37.01
989.445,-56.71
989.652,16.71
989.858,-54.92
990.064,34.62
990.271,-29.85
990.477,-54.92
990.684,22.09
990.89,0.6
991.096,45.37
991.302,-40.59
991.509,-157
991.715,-51.34
991.921,-47.76
992.127,22.09
992.333,-88.95
992.539,-4.78
992.746,31.04
992.952,0.6
993.158,-4.78
993.364,-31.64
993.57,-85.36
993.776,-81.78
993.982,9.55
994.188,-13.73
994.394,-13.73
994.599,-112.23
994.805,-56.71
995.011,25.67
995.217,-47.76
995.423,-26.27
995.629,-24.48
995.834,-15.52
996.04,-2.98
996.246,-20.89
996.452,40
996.657,-24.48
996.863,-72.83
997.068,-38.8
997.274,70.44
997.48,-71.04
997.685,-81.78
997.891,-4.78
998.096,4.18
998.302,-19.1
998.507,9.55
998.713,-10.15
998.918,-49.55
999.123,-53.13
999.329,18.51
999.534,-63.87
999.74,-60.29
999.945,-8.36
1000.15,-31.64
1000.355,-42.38
1000.561,66.86
1000.766,-92.53
1000.971,-108.65
1001.176,25.67
1001.381,59.7
1001.586,11.34
1001.792,-44.17
1001.997,-11.94
1002.202,47.16
1002.407,-49.55
1002.612,-28.06
1002.817,-19.1
1003.022,-10.15
1003.227,-24.48
1003.432,-15.52
1003.637,-19.1
1003.841,-45.97
1004.046,-67.46
1004.251,-45.97
1004.456,-29.85
1004.661,-28.06
1004.865,-35.22
1005.07,50.74
1005.275,57.9
1005.48,-62.08
1005.684,-33.43
1005.889,-29.85
1006.094,-29.85
1006.298,-15.52
1006.503,-60.29
1006.707,11.34
1006.912,52.53
1007.116,-29.85
1007.321,-11.94
1007.525,29.25
1007.73,29.25
1007.934,-28.06
1008.139,-26.27
1008.343,75.81
1008.547,-44.17
1008.752,-54.92
1008.956,20.3
1009.16,57.9
1009.364,-35.22
1009.569,-47.76
1009.773,40
1009.977,27.46
1010.181,-72.83
1010.385,-69.25
1010.589,-128.35
1010.794,0.6
1010.998,34.62
1011.202,27.46
1011.406,7.76
1011.61,-58.5
1011.814,-62.08
1012.018,-65.67
1012.222,59.7
1012.426,20.3
1012.629,34.62
1012.833,0.6
1013.037,-83.57
1013.241,-53.13
1013.445,-79.99
1013.649,-26.27
1013.852,99.09
1014.056,-13.73
1014.26,29.25
1014.463,-47.76
1014.667,50.74
1014.871,-126.55
1015.074,-90.74
1015.278,-76.41
1015.482,-13.73
1015.685,-11.94
1015.889,-45.97
1016.092,-88.95
1016.296,-56.71
1016.499,-19.1
1016.703,22.09
1016.906,-85.36
1017.109,-53.13
1017.313,-144.46
1017.516,-56.71
1017.719,-15.52
1017.923,9.55
1018.126,-38.8
1018.329,34.62
1018.532,-62.08
1018.736,-22.68
1018.939,122.38
1019.142,-31.64
1019.345,-8.36
1019.548,-38.8
1019.751,-44.17
1019.954,-58.5
1020.157,-38.8
1020.361,-26.27
1020.564,-42.38
1020.766,-65.67
1020.969,-11.94
1021.172,-6.57
1021.375,-17.31
1021.578,-26.27
1021.781,38.21
1021.984,-10.15
1022.187,-22.68
1022.389,22.09
1022.592,-106.86
1022.795,-10.15
1022.998,-17.31
1023.2,-8.36
1023.403,-69.25
1023.606,-11.94
1023.808,-38.8
1024.011,0.6
1024.214,5.97
1024.416,4.18
1024.619,-88.95
1024.821,43.58
1025.024,-33.43
1025.226,-51.34
1025.429,-10.15
1025.631,-2.98
1025.833,41.79
1026.036,-31.64
1026.238,27.46
1026.441,-81.78
1026.643,14.92
1026.845,-72.83
1027.047,0.6
1027.25,-115.81
1027.452,22.09
1027.654,23.88
1027.856,-76.41
1028.058,-26.27
1028.261,-87.16
1028.463,-72.83
1028.665,65.07
1028.867,-67.46
1029.069,-42.38
1029.271,-54.92
1029.473,74.02
1029.675,-37.01
1029.877,-20.89
1030.079,38.21
1030.281,-17.31
1030.482,61.49
1030.684,-58.5
1030.886,20.3
1031.088,-28.06
1031.29,18.51
1031.491,-71.04
1031.693,52.53
1031.895,81.19
1032.097,-79.99
1032.298,-63.87
1032.5,63.28
1032.701,-56.71
1032.903,-63.87
1033.105,41.79
1033.306,70.44
1033.508,-19.1
1033.709,-15.52
1033.911,16.71
1034.112,-4.78
1034.314,5.97
1034.515,54.32
1034.716,-44.17
1034.918,-42.38
1035.119,-35.22
1035.32,-65.67
1035.522,0.6
1035.723,41.79
1035.924,-83.57
1036.125,-108.65
1036.327,-90.74
1036.528,31.04
1036.729,-79.99
1036.93,-42.38
1037.131,-11.94
1037.332,32.83
1037.533,-10.15
1037.734,-19.1
1037.935,13.13
1038.136,47.16
1038.337,-13.73
1038.538,-53.13
1038.739,-10.15
1038.94,31.04
1039.141,-85.36
1039.342,-83.57
1039.543,-6.57
1039.744,11.34
1039.944,-38.8
1040.145,-26.27
1040.346,-128.35
1040.547,23.88
1040.747,-92.53
1040.948,47.16
1041.149,-45.97
1041.349,-8.36
1041.55,-10.15
1041.75,-22.68
1041.951,7.76
1042.152,-38.8
1042.352,-72.83
1042.553,-53.13
1042.753,-8.36
1042.953,-22.68
1043.154,-45.97
1043.354,-72.83
1043.555,29.25
1043.755,-47.76
1043.955,-8.36
1044.156,-35.22
1044.356,-11.94
1044.556,-87.16
1044.756,-49.55
1044.957,-19.1
1045.157,-22.68
1045.357,14.92
1045.557,-76.41
1045.757,-11.94
1045.957,-24.48
1046.157,-22.68
1046.357,-4.78
1046.557,-38.8
1046.757,4.18
1046.957,0.6
1047.157,5.97
1047.357,-2.98
1047.557,-60.29
1047.757,-31.64
1047.957,-19.1
1048.157,-4.78
1048.356,-53.13
1048.556,40
1048.756,-38.8
1048.956,18.51
1049.156,-17.31
1049.355,-24.48
1049.555,4.18
1049.755,-53.13
1049.954,-67.46
1050.154,36.41
1050.353,-49.55
1050.553,36.41
1050.752,-103.27
1050.952,40
1051.151,20.3
1051.351,-22.68
1051.55,27.46
1051.75,-31.64
1051.949,0.6
1052.148,163.57
1052.348,-69.25
1052.547,31.04
1052.746,-67.46
1052.946,2.39
1053.145,2.39
1053.344,-17.31
1053.543,-10.15
1053.743,40
1053.942,18.51
1054.141,4.18
1054.34,-10.15
1054.539,-49.55
1054.738,-6.57
1054.937,-28.06
1055.136,14.92
1055.335,29.25
1055.534,9.55
1055.733,-15.52
1055.932,-15.52
1056.131,-15.52
