194.216,-205.65
194.484,-205.65
194.753,-205.65
195.022,-177
195.29,50.44
195.559,12.83
195.827,30.74
196.096,-44.47
196.364,-30.15
196.633,-31.94
196.901,-35.52
197.17,-1.49
197.438,14.63
197.706,71.93
197.975,-26.56
198.243,14.63
198.512,25.37
198.78,-6.86
199.048,104.17
199.317,77.31
199.585,82.68
199.853,138.2
200.122,-57.01
200.39,41.49
200.658,-53.43
200.926,62.98
201.195,66.56
201.463,68.35
201.731,79.1
201.999,34.32
202.267,100.59
202.536,77.31
202.804,105.96
203.072,79.1
203.34,111.33
203.608,36.12
203.876,-3.28
204.144,79.1
204.412,-24.77
204.68,16.42
204.948,46.86
205.216,-12.24
205.484,89.84
205.752,55.82
206.02,-15.82
206.288,59.4
206.556,-58.8
206.824,55.82
207.092,46.86
207.36,143.57
207.628,91.63
207.896,68.35
208.164,89.84
208.431,98.8
208.699,36.12
208.967,21.79
209.235,73.72
209.503,77.31
209.77,32.53
210.038,-3.28
210.306,54.02
210.573,41.49
210.841,39.7
211.109,120.29
211.377,12.83
211.644,52.23
211.912,68.35
212.179,113.12
212.447,71.93
212.715,79.1
212.982,120.29
213.25,134.61
213.517,-6.86
213.785,93.42
214.052,61.19
214.32,71.93
214.587,82.68
214.855,61.19
215.122,11.04
215.39,84.47
215.657,-17.61
215.925,41.49
216.192,59.4
216.459,45.07
216.727,64.77
216.994,9.25
217.261,14.63
217.529,41.49
217.796,152.52
218.063,71.93
218.331,159.69
218.598,54.02
218.865,50.44
219.132,62.98
219.399,64.77
219.667,-30.15
219.934,16.42
220.201,64.77
220.468,75.51
220.735,-6.86
221.002,82.68
221.27,88.05
221.537,28.95
221.804,145.36
222.071,25.37
222.338,62.98
222.605,12.83
222.872,28.95
223.139,102.38
223.406,34.32
223.673,129.24
223.94,50.44
224.207,46.86
224.474,34.32
224.741,43.28
225.007,-53.43
225.274,68.35
225.541,91.63
225.808,-53.43
226.075,7.46
226.342,45.07
226.609,59.4
226.875,-17.61
227.142,113.12
227.409,93.42
227.676,141.78
227.942,105.96
228.209,-22.98
228.476,-24.77
228.742,11.04
229.009,54.02
229.276,43.28
229.542,86.26
229.809,45.07
230.076,23.58
230.342,-8.66
230.609,21.79
230.875,143.57
231.142,138.2
231.408,70.14
231.675,50.44
231.941,32.53
232.208,18.21
232.474,91.63
232.741,39.7
233.007,61.19
233.274,116.7
233.54,45.07
233.807,-35.52
234.073,62.98
234.339,102.38
234.606,45.07
234.872,16.42
235.138,54.02
235.405,18.21
235.671,27.16
235.937,45.07
236.203,48.65
236.47,23.58
236.736,45.07
237.002,32.53
237.268,70.14
237.535,107.75
237.801,84.47
238.067,-19.4
238.333,98.8
238.599,14.63
238.865,-21.19
239.131,18.21
239.397,41.49
239.663,-60.59
239.929,125.66
240.195,93.42
240.462,88.05
240.728,132.82
240.993,5.67
241.259,113.12
241.525,89.84
241.791,12.83
242.057,88.05
242.323,54.02
242.589,64.77
242.855,88.05
243.121,61.19
243.387,-12.24
243.652,37.91
243.918,82.68
244.184,27.16
244.45,20
244.716,73.72
244.981,52.23
245.247,84.47
245.513,-17.61
245.779,100.59
246.044,120.29
246.31,127.45
246.576,122.08
246.841,55.82
247.107,3.88
247.373,-6.86
247.638,129.24
247.904,132.82
248.169,43.28
248.435,5.67
248.7,-6.86
248.966,28.95
249.231,30.74
249.497,50.44
249.762,64.77
250.028,111.33
250.293,39.7
250.559,62.98
250.824,54.02
251.09,64.77
251.355,141.78
251.62,59.4
251.886,43.28
252.151,45.07
252.416,129.24
252.682,43.28
252.947,66.56
253.212,93.42
253.477,5.67
253.743,129.24
254.008,71.93
254.273,20
254.538,75.51
254.804,136.4
255.069,111.33
255.334,28.95
255.599,14.63
255.864,77.31
256.129,-31.94
256.394,48.65
256.659,-6.86
256.925,3.88
257.19,43.28
257.455,105.96
257.72,86.26
257.985,32.53
258.25,80.89
258.515,21.79
258.78,-6.86
259.044,-21.19
259.309,48.65
259.574,23.58
259.839,57.61
260.104,-6.86
260.369,68.35
260.634,-21.19
260.899,138.2
261.163,68.35
261.428,36.12
261.693,52.23
261.958,25.37
262.223,-30.15
262.487,-1.49
262.752,143.57
263.017,41.49
263.281,134.61
263.546,11.04
263.811,61.19
264.075,68.35
264.34,-14.03
264.605,-17.61
264.869,166.85
265.134,-30.15
265.398,9.25
265.663,57.61
265.927,134.61
266.192,12.83
266.457,7.46
266.721,102.38
266.985,64.77
267.25,-28.36
267.514,14.63
267.779,43.28
268.043,98.8
268.308,75.51
268.572,25.37
268.836,114.91
269.101,57.61
269.365,-53.43
269.629,138.2
269.894,59.4
270.158,89.84
270.422,0.3
270.687,55.82
270.951,98.8
271.215,62.98
271.479,30.74
271.743,57.61
272.008,-31.94
272.272,21.79
272.536,25.37
272.8,-1.49
273.064,28.95
273.328,37.91
273.592,79.1
273.856,55.82
274.12,-10.45
274.385,25.37
274.649,20
274.913,147.15
275.177,-21.19
275.441,102.38
275.704,80.89
275.968,93.42
276.232,73.72
276.496,-3.28
276.76,-69.55
277.024,84.47
277.288,32.53
277.552,-30.15
277.816,88.05
278.079,30.74
278.343,18.21
278.607,-12.24
278.871,-21.19
279.135,113.12
279.398,55.82
279.662,91.63
279.926,-15.82
280.189,118.5
280.453,129.24
280.717,100.59
280.98,39.7
281.244,25.37
281.508,113.12
281.771,64.77
282.035,43.28
282.298,113.12
282.562,73.72
282.826,89.84
283.089,21.79
283.353,68.35
283.616,25.37
283.88,84.47
284.143,9.25
284.407,-6.86
284.67,66.56
284.933,195.5
285.197,-3.28
285.46,-1.49
285.724,-6.86
285.987,37.91
286.25,12.83
286.514,77.31
286.777,93.42
287.04,32.53
287.303,184.76
287.567,39.7
287.83,11.04
288.093,79.1
288.356,30.74
288.62,89.84
288.883,62.98
289.146,98.8
289.409,21.79
289.672,27.16
289.935,77.31
290.198,97.01
290.461,82.68
290.725,64.77
290.988,61.19
291.251,-3.28
291.514,9.25
291.777,55.82
292.04,21.79
292.303,41.49
292.566,52.23
292.829,59.4
293.091,129.24
293.354,168.64
293.617,43.28
293.88,12.83
294.143,41.49
294.406,21.79
294.669,34.32
294.932,104.17
295.194,97.01
295.457,265.35
295.72,365.64
295.983,491
296.245,482.04
296.508,464.13
296.771,365.64
297.034,286.84
297.296,216.99
297.559,238.48
297.822,218.78
298.084,175.8
298.347,89.84
298.609,174.01
298.872,27.16
299.135,12.83
299.397,23.58
299.66,98.8
299.922,23.58
300.185,57.61
300.447,143.57
300.71,281.46
300.972,268.93
301.235,471.3
301.497,455.18
301.759,587.7
302.022,503.53
302.284,385.33
302.546,369.22
302.809,295.79
303.071,326.24
303.333,259.97
303.596,233.11
303.858,206.25
304.12,141.78
304.383,163.27
304.645,-40.89
304.907,131.03
305.169,86.26
305.431,186.55
305.694,218.78
305.956,274.3
306.218,191.92
306.48,308.33
306.742,283.26
307.004,349.52
307.266,499.95
307.528,605.61
307.79,584.12
308.052,725.6
308.314,670.08
308.576,752.46
308.838,739.93
309.1,757.84
309.362,593.08
309.624,625.31
309.886,713.06
310.148,653.97
310.41,662.92
310.672,863.5
310.934,1416.87
311.196,2444.83
311.457,4303.75
311.719,6907.67
311.981,9110.44
312.243,11537.07
312.504,12405.64
312.766,11734.06
313.028,9855.44
313.29,7987.57
313.551,5976.42
313.813,4681.63
314.075,4319.87
314.336,4087.06
314.598,3195.21
314.86,2401.85
315.121,1696.25
315.383,953.04
315.644,653.97
315.906,412.2
316.167,392.5
316.429,315.49
316.69,276.09
316.952,227.74
317.213,231.32
317.475,340.56
317.736,276.09
317.998,88.05
318.259,168.64
318.521,385.33
318.782,188.34
319.043,220.58
319.305,159.69
319.566,302.96
319.827,143.57
320.089,134.61
320.35,132.82
320.611,131.03
320.872,109.54
321.134,79.1
321.395,114.91
321.656,166.85
321.917,84.47
322.178,37.91
322.44,129.24
322.701,107.75
322.962,102.38
323.223,64.77
323.484,109.54
323.745,86.26
324.006,150.73
324.267,95.21
324.528,129.24
324.789,116.7
325.05,39.7
325.311,93.42
325.572,141.78
325.833,18.21
326.094,48.65
326.355,131.03
326.616,125.66
326.877,182.97
327.138,66.56
327.398,129.24
327.659,113.12
327.92,59.4
328.181,30.74
328.442,234.9
328.702,79.1
328.963,150.73
329.224,2.09
329.485,159.69
329.745,36.12
330.006,150.73
330.267,93.42
330.527,152.52
330.788,84.47
331.049,93.42
331.309,75.51
331.57,136.4
331.83,41.49
332.091,111.33
332.351,157.89
332.612,474.88
332.873,551.89
333.133,892.15
333.393,1241.37
333.654,1253.91
333.914,1284.35
334.175,1096.31
334.435,818.72
334.696,639.64
334.956,405.03
335.216,496.37
335.477,523.23
335.737,496.37
335.997,403.24
336.258,231.32
336.518,220.58
336.778,179.39
337.038,113.12
337.299,105.96
337.559,70.14
337.819,114.91
338.079,93.42
338.34,68.35
338.6,-17.61
338.86,68.35
339.12,107.75
339.38,86.26
339.64,62.98
339.9,195.5
340.16,188.34
340.42,43.28
340.68,54.02
340.94,-14.03
341.2,45.07
341.46,55.82
341.72,79.1
341.98,95.21
342.24,46.86
342.5,131.03
342.76,25.37
343.02,222.37
343.28,163.27
343.54,77.31
343.799,41.49
344.059,116.7
344.319,82.68
344.579,247.44
344.839,125.66
345.098,75.51
345.358,152.52
345.618,73.72
345.878,95.21
346.137,98.8
346.397,91.63
346.657,152.52
346.916,16.42
347.176,73.72
347.435,50.44
347.695,229.53
347.955,88.05
348.214,131.03
348.474,134.61
348.733,97.01
348.993,125.66
349.252,174.01
349.512,170.43
349.771,118.5
350.031,166.85
350.29,52.23
350.549,170.43
350.809,236.69
351.068,105.96
351.328,134.61
351.587,141.78
351.846,139.99
352.106,39.7
352.365,114.91
352.624,111.33
352.883,54.02
353.143,73.72
353.402,195.5
353.661,-14.03
353.92,116.7
354.179,170.43
354.439,134.61
354.698,55.82
354.957,104.17
355.216,66.56
355.475,193.71
355.734,79.1
355.993,161.48
356.252,52.23
356.511,159.69
356.77,68.35
357.029,193.71
357.288,55.82
357.547,88.05
357.806,159.69
358.065,177.59
358.324,172.22
358.583,236.69
358.842,181.18
359.101,156.1
359.36,204.46
359.619,165.06
359.877,147.15
360.136,191.92
360.395,211.62
360.654,152.52
360.913,182.97
361.171,206.25
361.43,197.29
361.689,220.58
361.947,310.12
362.206,317.28
362.465,358.47
362.723,661.13
362.982,1321.96
363.241,2992.84
363.499,6399.07
363.758,12092.23
364.016,20511.1
364.275,28684.62
364.533,35054.74
364.792,37907.59
365.05,36064.79
365.309,27552.79
365.567,21127.16
365.826,17108.45
366.084,15362.36
366.343,14038.91
366.601,12351.91
366.86,9730.08
367.118,6925.58
367.376,4507.91
367.635,2847.78
367.893,1839.52
368.151,1180.48
368.409,895.73
368.668,571.59
368.926,328.03
369.184,308.33
369.442,233.11
369.701,283.26
369.959,165.06
370.217,175.8
370.475,132.82
370.733,177.59
370.991,177.59
371.25,161.48
371.508,77.31
371.766,113.12
372.024,147.15
372.282,136.4
372.54,113.12
372.798,28.95
373.056,186.55
373.314,127.45
373.572,258.18
373.83,61.19
374.088,39.7
374.345,186.55
374.603,129.24
374.861,114.91
375.119,116.7
375.377,80.89
375.635,93.42
375.893,100.59
376.15,114.91
376.408,105.96
376.666,166.85
376.924,143.57
377.181,157.89
377.439,150.73
377.697,107.75
377.954,148.94
378.212,129.24
378.47,111.33
378.727,71.93
378.985,14.63
379.243,157.89
379.5,32.53
379.758,209.83
380.015,107.75
380.273,-39.1
380.53,132.82
380.788,195.5
381.045,123.87
381.303,50.44
381.56,37.91
381.818,73.72
382.075,62.98
382.332,123.87
382.59,79.1
382.847,98.8
383.105,131.03
383.362,86.26
383.619,127.45
383.876,7.46
384.134,89.84
384.391,-30.15
384.648,172.22
384.905,147.15
385.163,61.19
385.42,102.38
385.677,79.1
385.934,136.4
386.191,84.47
386.449,123.87
386.706,70.14
386.963,11.04
387.22,93.42
387.477,71.93
387.734,113.12
387.991,93.42
388.248,88.05
388.505,36.12
388.762,64.77
389.019,129.24
389.276,114.91
389.533,88.05
389.79,82.68
390.047,172.22
390.304,236.69
390.56,71.93
390.817,188.34
391.074,166.85
391.331,89.84
391.588,97.01
391.844,161.48
392.101,59.4
392.358,70.14
392.615,202.67
392.871,88.05
393.128,77.31
393.385,216.99
393.641,150.73
393.898,138.2
394.155,62.98
394.411,107.75
394.668,123.87
394.925,186.55
395.181,109.54
395.438,68.35
395.694,136.4
395.951,80.89
396.207,125.66
396.464,80.89
396.72,66.56
396.977,118.5
397.233,170.43
397.489,84.47
397.746,141.78
398.002,23.58
398.259,206.25
398.515,79.1
398.771,186.55
399.028,71.93
399.284,131.03
399.54,111.33
399.796,154.31
400.053,93.42
400.309,165.06
400.565,156.1
400.821,216.99
401.078,227.74
401.334,236.69
401.59,136.4
401.846,258.18
402.102,274.3
402.358,279.67
402.614,365.64
402.87,1078.4
403.126,2417.97
403.382,4651.18
403.638,7711.77
403.894,11547.81
404.15,14382.75
404.406,15668.6
404.662,15342.66
404.918,12237.3
405.174,8528.41
405.43,6121.48
405.686,5231.42
405.942,4882.2
406.198,4550.89
406.454,4078.1
406.709,3522.93
406.965,2871.06
407.221,2315.89
407.477,1968.46
407.732,1592.38
407.988,1468.81
408.244,931.55
408.5,786.49
408.755,591.28
409.011,618.15
409.267,544.72
409.522,419.36
409.778,390.71
410.033,392.5
410.289,263.56
410.545,168.64
410.8,163.27
411.056,166.85
411.311,93.42
411.567,215.2
411.822,120.29
412.078,143.57
412.333,102.38
412.588,61.19
412.844,64.77
413.099,122.08
413.355,118.5
413.61,109.54
413.865,5.67
414.121,118.5
414.376,168.64
414.631,195.5
414.887,328.03
415.142,401.45
415.397,464.13
415.652,535.77
415.907,467.71
416.163,379.96
416.418,451.6
416.673,326.24
416.928,254.6
417.183,256.39
417.438,197.29
417.693,243.86
417.949,224.16
418.204,202.67
418.459,258.18
418.714,367.43
418.969,401.45
419.224,610.98
419.479,564.42
419.734,537.56
419.989,535.77
420.243,433.69
420.498,374.59
420.753,354.89
421.008,276.09
421.263,179.39
421.518,188.34
421.773,256.39
422.027,213.41
422.282,184.76
422.537,89.84
422.792,120.29
423.047,186.55
423.301,104.17
423.556,54.02
423.811,234.9
424.065,28.95
424.32,100.59
424.575,195.5
424.829,159.69
425.084,204.46
425.338,229.53
425.593,233.11
425.848,259.97
426.102,345.94
426.357,238.48
426.611,301.16
426.866,252.81
427.12,177.59
427.374,367.43
427.629,184.76
427.883,268.93
428.138,216.99
428.392,143.57
428.646,148.94
428.901,208.04
429.155,202.67
429.409,227.74
429.664,175.8
429.918,204.46
430.172,197.29
430.427,138.2
430.681,132.82
430.935,166.85
431.189,184.76
431.443,220.58
431.698,252.81
431.952,213.41
432.206,252.81
432.46,315.49
432.714,347.73
432.968,417.57
433.222,612.78
433.476,754.25
433.73,874.24
433.984,1631.78
434.238,3691.28
434.492,8304.55
434.746,14293.21
435,22321.67
435.254,29997.33
435.508,34812.97
435.762,37137.51
436.016,33308.64
436.27,25523.74
436.523,17692.28
436.777,14201.88
437.031,12624.12
437.285,11891.66
437.539,10695.36
437.792,9015.52
438.046,7036.62
438.3,4593.87
438.553,2844.2
438.807,1379.27
439.061,815.14
439.314,589.49
439.568,503.53
439.822,336.98
440.075,310.12
440.329,297.58
440.582,245.65
440.836,213.41
441.09,139.99
441.343,231.32
441.597,174.01
441.85,256.39
442.103,254.6
442.357,102.38
442.61,95.21
442.864,163.27
443.117,61.19
443.371,156.1
443.624,131.03
443.877,95.21
444.131,147.15
444.384,113.12
444.637,61.19
444.89,123.87
445.144,105.96
445.397,34.32
445.65,100.59
445.903,105.96
446.157,80.89
446.41,104.17
446.663,208.04
446.916,64.77
447.169,111.33
447.422,37.91
447.675,98.8
447.928,150.73
448.181,154.31
448.435,52.23
448.688,113.12
448.941,75.51
449.194,111.33
449.446,55.82
449.699,152.52
449.952,54.02
450.205,105.96
450.458,20
450.711,150.73
450.964,66.56
451.217,174.01
451.47,71.93
451.722,147.15
451.975,125.66
452.228,98.8
452.481,80.89
452.733,50.44
452.986,45.07
453.239,199.08
453.492,104.17
453.744,70.14
453.997,104.17
454.25,34.32
454.502,43.28
454.755,113.12
455.007,86.26
455.26,141.78
455.513,93.42
455.765,50.44
456.018,104.17
456.27,111.33
456.523,46.86
456.775,39.7
457.028,193.71
457.28,98.8
457.532,70.14
457.785,77.31
458.037,105.96
458.29,25.37
458.542,39.7
458.794,46.86
459.047,82.68
459.299,132.82
459.551,95.21
459.803,145.36
460.056,156.1
460.308,116.7
460.56,70.14
460.812,27.16
461.064,134.61
461.317,64.77
461.569,116.7
461.821,118.5
462.073,82.68
462.325,172.22
462.577,89.84
462.829,23.58
463.081,80.89
463.333,148.94
463.585,157.89
463.837,116.7
464.089,102.38
464.341,116.7
464.593,71.93
464.845,43.28
465.097,120.29
465.349,127.45
465.601,73.72
465.852,114.91
466.104,25.37
466.356,36.12
466.608,18.21
466.86,27.16
467.111,-53.43
467.363,102.38
467.615,25.37
467.867,73.72
468.118,50.44
468.37,134.61
468.622,80.89
468.873,73.72
469.125,131.03
469.376,143.57
469.628,168.64
469.88,131.03
470.131,131.03
470.383,102.38
470.634,97.01
470.886,113.12
471.137,174.01
471.389,48.65
471.64,131.03
471.892,123.87
472.143,32.53
472.394,174.01
472.646,61.19
472.897,156.1
473.148,123.87
473.4,12.83
473.651,80.89
473.902,159.69
474.154,64.77
474.405,80.89
474.656,118.5
474.907,123.87
475.159,113.12
475.41,64.77
475.661,66.56
475.912,156.1
476.163,91.63
476.414,132.82
476.665,79.1
476.917,66.56
477.168,82.68
477.419,107.75
477.67,52.23
477.921,236.69
478.172,77.31
478.423,95.21
478.674,64.77
478.925,88.05
479.176,168.64
479.426,71.93
479.677,98.8
479.928,172.22
480.179,105.96
480.43,238.48
480.681,125.66
480.932,132.82
481.182,79.1
481.433,122.08
481.684,141.78
481.935,62.98
482.185,170.43
482.436,204.46
482.687,150.73
482.937,64.77
483.188,107.75
483.439,190.13
483.689,191.92
483.94,107.75
484.19,143.57
484.441,154.31
484.692,105.96
484.942,21.79
485.193,18.21
485.443,197.29
485.694,34.32
485.944,154.31
486.194,125.66
486.445,131.03
486.695,123.87
486.946,182.97
487.196,116.7
487.446,700.53
487.697,213.41
487.947,88.05
488.197,113.12
488.448,134.61
488.698,161.48
488.948,147.15
489.198,163.27
489.449,215.2
489.699,197.29
489.949,159.69
490.199,170.43
490.449,344.15
490.699,258.18
490.949,360.26
491.2,385.33
491.45,422.94
491.7,480.25
491.95,376.38
492.2,270.72
492.45,258.18
492.7,279.67
492.95,247.44
493.2,159.69
493.45,200.88
493.699,100.59
493.949,122.08
494.199,170.43
494.449,116.7
494.699,143.57
494.949,118.5
495.199,172.22
495.448,147.15
495.698,84.47
495.948,104.17
496.198,95.21
496.447,104.17
496.697,62.98
496.947,150.73
497.196,123.87
497.446,131.03
497.696,199.08
497.945,50.44
498.195,168.64
498.444,166.85
498.694,37.91
498.944,114.91
499.193,11.04
499.443,138.2
499.692,141.78
499.942,88.05
500.191,107.75
500.44,102.38
500.69,59.4
500.939,132.82
501.189,174.01
501.438,147.15
501.687,27.16
501.937,123.87
502.186,59.4
502.435,123.87
502.685,141.78
502.934,82.68
503.183,20
503.432,109.54
503.682,55.82
503.931,139.99
504.18,188.34
504.429,175.8
504.678,156.1
504.927,122.08
505.176,113.12
505.426,177.59
505.675,80.89
505.924,104.17
506.173,129.24
506.422,125.66
506.671,114.91
506.92,156.1
507.169,80.89
507.418,136.4
507.667,148.94
507.915,147.15
508.164,39.7
508.413,77.31
508.662,89.84
508.911,68.35
509.16,88.05
509.408,80.89
509.657,179.39
509.906,131.03
510.155,88.05
510.404,59.4
510.652,95.21
510.901,93.42
511.15,95.21
511.398,52.23
511.647,77.31
511.896,134.61
512.144,139.99
512.393,170.43
512.641,120.29
512.89,186.55
513.138,129.24
513.387,156.1
513.635,18.21
513.884,129.24
514.132,136.4
514.381,43.28
514.629,32.53
514.878,134.61
515.126,175.8
515.374,150.73
515.623,129.24
515.871,95.21
516.119,36.12
516.368,166.85
516.616,64.77
516.864,71.93
517.113,148.94
517.361,154.31
517.609,84.47
517.857,57.61
518.105,157.89
518.354,89.84
518.602,113.12
518.85,265.35
519.098,154.31
519.346,165.06
519.594,77.31
519.842,97.01
520.09,3.88
520.338,113.12
520.586,82.68
520.834,54.02
521.082,105.96
521.33,234.9
521.578,64.77
521.826,66.56
522.074,66.56
522.322,136.4
522.57,89.84
522.817,68.35
523.065,98.8
523.313,141.78
523.561,46.86
523.809,109.54
524.056,127.45
524.304,28.95
524.552,21.79
524.8,70.14
525.047,105.96
525.295,179.39
525.543,32.53
525.79,165.06
526.038,107.75
526.285,136.4
526.533,143.57
526.781,37.91
527.028,75.51
527.276,197.29
527.523,75.51
527.771,157.89
528.018,34.32
528.266,105.96
528.513,70.14
528.76,52.23
529.008,100.59
529.255,104.17
529.502,93.42
529.75,75.51
529.997,166.85
530.244,122.08
530.492,120.29
530.739,107.75
530.986,159.69
531.234,48.65
531.481,21.79
531.728,125.66
531.975,43.28
532.222,159.69
532.469,68.35
532.717,139.99
532.964,62.98
533.211,118.5
533.458,123.87
533.705,30.74
533.952,177.59
534.199,104.17
534.446,127.45
534.693,174.01
534.94,131.03
535.187,168.64
535.434,77.31
535.681,200.88
535.928,116.7
536.174,174.01
536.421,95.21
536.668,136.4
536.915,107.75
537.162,134.61
537.409,120.29
537.655,95.21
537.902,107.75
538.149,182.97
538.396,182.97
538.642,265.35
538.889,105.96
539.136,168.64
539.382,73.72
539.629,120.29
539.875,161.48
540.122,204.46
540.369,184.76
540.615,202.67
540.862,204.46
541.108,159.69
541.355,306.54
541.601,304.75
541.848,338.77
542.094,281.46
542.341,295.79
542.587,419.36
542.833,299.37
543.08,381.75
543.326,413.99
543.572,424.73
543.819,521.44
544.065,602.03
544.311,797.23
544.558,1196.6
544.804,3984.98
545.05,12228.34
545.296,23582.44
545.542,36661.14
545.789,49055.74
546.035,57793.38
546.281,59714.98
546.527,55212.74
546.773,43042
547.019,30960.81
547.265,23933.45
547.511,19997.12
547.757,18186.56
548.003,16589.1
548.249,14209.04
548.495,11390.21
548.741,8490.8
548.987,5763.31
549.233,3549.8
549.479,2190.53
549.725,1289.72
549.971,893.94
550.217,682.62
550.463,539.35
550.708,451.6
550.954,283.26
551.2,308.33
551.446,320.86
551.691,292.21
551.937,254.6
552.183,288.63
552.429,258.18
552.674,225.95
552.92,215.2
553.165,256.39
553.411,249.23
553.657,186.55
553.902,227.74
554.148,211.62
554.393,150.73
554.639,104.17
554.884,161.48
555.13,-3.28
555.375,123.87
555.621,211.62
555.866,52.23
556.112,120.29
556.357,141.78
556.602,159.69
556.848,120.29
557.093,45.07
557.338,147.15
557.584,97.01
557.829,120.29
558.074,100.59
558.32,181.18
558.565,70.14
558.81,152.52
559.055,50.44
559.3,100.59
559.546,152.52
559.791,79.1
560.036,95.21
560.281,114.91
560.526,104.17
560.771,105.96
561.016,100.59
561.261,62.98
561.506,75.51
561.751,9.25
561.996,-28.36
562.241,79.1
562.486,111.33
562.731,55.82
562.976,145.36
563.221,139.99
563.466,97.01
563.71,55.82
563.955,21.79
564.2,66.56
564.445,88.05
564.69,105.96
564.934,136.4
565.179,129.24
565.424,80.89
565.669,123.87
565.913,39.7
566.158,161.48
566.403,165.06
566.647,73.72
566.892,73.72
567.136,66.56
567.381,105.96
567.626,182.97
567.87,113.12
568.115,34.32
568.359,131.03
568.604,157.89
568.848,109.54
569.093,111.33
569.337,25.37
569.581,170.43
569.826,54.02
570.07,148.94
570.315,73.72
570.559,166.85
570.803,46.86
571.048,102.38
571.292,75.51
571.536,105.96
571.78,45.07
572.025,184.76
572.269,70.14
572.513,88.05
572.757,61.19
573.001,-8.66
573.245,118.5
573.49,71.93
573.734,120.29
573.978,184.76
574.222,97.01
574.466,148.94
574.71,97.01
574.954,161.48
575.198,21.79
575.442,188.34
575.686,354.89
575.93,1166.15
576.174,2172.62
576.418,3696.65
576.661,4912.65
576.905,6499.36
577.149,7486.12
577.393,7194.21
577.637,6096.41
577.881,5021.89
578.124,4887.58
578.368,5322.76
578.612,6395.49
578.856,7410.91
579.099,8567.81
579.343,8770.18
579.587,7790.57
579.83,6096.41
580.074,4500.75
580.318,3410.11
580.561,2813.75
580.805,2290.82
581.048,2070.54
581.292,1825.19
581.535,1425.83
581.779,1028.26
582.022,788.28
582.266,508.9
582.509,387.13
582.753,290.42
582.996,281.46
583.239,286.84
583.483,179.39
583.726,114.91
583.969,127.45
584.213,134.61
584.456,157.89
584.699,154.31
584.943,36.12
585.186,64.77
585.429,36.12
585.672,68.35
585.915,84.47
586.159,132.82
586.402,114.91
586.645,50.44
586.888,134.61
587.131,154.31
587.374,70.14
587.617,150.73
587.86,68.35
588.103,111.33
588.346,123.87
588.589,165.06
588.832,46.86
589.075,195.5
589.318,20
589.561,113.12
589.804,93.42
590.047,59.4
590.29,98.8
590.532,-6.86
590.775,111.33
591.018,111.33
591.261,148.94
591.504,111.33
591.746,82.68
591.989,163.27
592.232,52.23
592.474,197.29
592.717,91.63
592.96,105.96
593.202,79.1
593.445,145.36
593.688,88.05
593.93,104.17
594.173,150.73
594.415,-28.36
594.658,134.61
594.9,66.56
595.143,16.42
595.385,32.53
595.628,-28.36
595.87,129.24
596.112,70.14
596.355,30.74
596.597,70.14
596.84,36.12
597.082,50.44
597.324,79.1
597.567,113.12
597.809,100.59
598.051,57.61
598.293,46.86
598.536,32.53
598.778,75.51
599.02,118.5
599.262,125.66
599.504,37.91
599.746,52.23
599.988,102.38
600.231,80.89
600.473,73.72
600.715,16.42
600.957,88.05
601.199,-26.56
601.441,95.21
601.683,66.56
601.925,77.31
602.167,-44.47
602.409,66.56
602.65,141.78
602.892,84.47
603.134,107.75
603.376,186.55
603.618,188.34
603.86,247.44
604.101,182.97
604.343,165.06
604.585,179.39
604.827,91.63
605.068,191.92
605.31,134.61
605.552,208.04
605.794,150.73
606.035,107.75
606.277,28.95
606.518,107.75
606.76,71.93
607.002,64.77
607.243,68.35
607.485,61.19
607.726,93.42
607.968,86.26
608.209,93.42
608.451,123.87
608.692,77.31
608.933,32.53
609.175,39.7
609.416,104.17
609.658,73.72
609.899,46.86
610.14,138.2
610.382,199.08
610.623,184.76
610.864,213.41
611.105,191.92
611.347,184.76
611.588,179.39
611.829,179.39
612.07,107.75
612.311,236.69
612.553,97.01
612.794,147.15
613.035,193.71
613.276,147.15
613.517,104.17
613.758,252.81
613.999,27.16
614.24,32.53
614.481,70.14
614.722,131.03
614.963,156.1
615.204,143.57
615.445,27.16
615.686,-3.28
615.927,123.87
616.167,139.99
616.408,14.63
616.649,43.28
616.89,34.32
617.131,48.65
617.372,70.14
617.612,136.4
617.853,32.53
618.094,18.21
618.334,36.12
618.575,114.91
618.816,114.91
619.056,95.21
619.297,102.38
619.538,71.93
619.778,75.51
620.019,46.86
620.259,138.2
620.5,55.82
620.74,125.66
620.981,116.7
621.221,80.89
621.462,95.21
621.702,-17.61
621.943,123.87
622.183,37.91
622.423,27.16
622.664,41.49
622.904,177.59
623.144,116.7
623.385,80.89
623.625,114.91
623.865,54.02
624.105,68.35
624.346,30.74
624.586,23.58
624.826,36.12
625.066,105.96
625.306,48.65
625.546,45.07
625.787,73.72
626.027,-14.03
626.267,43.28
626.507,-3.28
626.747,98.8
626.987,84.47
627.227,93.42
627.467,71.93
627.707,116.7
627.947,46.86
628.187,25.37
628.427,68.35
628.666,139.99
628.906,-8.66
629.146,84.47
629.386,5.67
629.626,37.91
629.866,91.63
630.105,54.02
630.345,139.99
630.585,147.15
630.825,95.21
631.064,118.5
631.304,98.8
631.544,80.89
631.783,62.98
632.023,91.63
632.262,113.12
632.502,111.33
632.742,-22.98
632.981,11.04
633.221,-3.28
633.46,75.51
633.7,34.32
633.939,28.95
634.179,73.72
634.418,116.7
634.657,16.42
634.897,3.88
635.136,143.57
635.376,131.03
635.615,70.14
635.854,45.07
636.094,12.83
636.333,86.26
636.572,16.42
636.811,-28.36
637.051,73.72
637.29,36.12
637.529,39.7
637.768,80.89
638.007,136.4
638.246,16.42
638.486,7.46
638.725,23.58
638.964,30.74
639.203,104.17
639.442,-51.64
639.681,54.02
639.92,9.25
640.159,-30.15
640.398,-33.73
640.637,36.12
640.876,59.4
641.114,138.2
641.353,118.5
641.592,55.82
641.831,71.93
642.07,105.96
642.309,80.89
642.548,131.03
642.786,97.01
643.025,172.22
643.264,86.26
643.502,113.12
643.741,59.4
643.98,88.05
644.219,50.44
644.457,97.01
644.696,25.37
644.934,48.65
645.173,70.14
645.412,86.26
645.65,27.16
645.889,45.07
646.127,75.51
646.366,122.08
646.604,111.33
646.842,32.53
647.081,-5.07
647.319,16.42
647.558,89.84
647.796,2.09
648.034,16.42
648.273,45.07
648.511,59.4
648.749,-62.38
648.988,30.74
649.226,66.56
649.464,-15.82
649.702,12.83
649.941,34.32
650.179,20
650.417,66.56
650.655,54.02
650.893,21.79
651.131,82.68
651.369,97.01
651.607,-1.49
651.845,5.67
652.083,7.46
652.321,52.23
652.559,148.94
652.797,0.3
653.035,14.63
653.273,50.44
653.511,91.63
653.749,-14.03
653.987,-49.85
654.225,28.95
654.463,14.63
654.701,39.7
654.938,68.35
655.176,-17.61
655.414,107.75
655.652,61.19
655.889,80.89
656.127,5.67
656.365,120.29
656.602,86.26
656.84,113.12
657.078,152.52
657.315,104.17
657.553,61.19
657.79,57.61
658.028,57.61
658.266,166.85
658.503,62.98
658.741,20
658.978,28.95
659.215,93.42
659.453,120.29
659.69,165.06
659.928,25.37
660.165,61.19
660.402,18.21
660.64,46.86
660.877,122.08
661.114,34.32
661.352,34.32
661.589,30.74
661.826,23.58
662.063,-14.03
662.301,46.86
662.538,-3.28
662.775,88.05
663.012,59.4
663.249,18.21
663.486,5.67
663.723,-8.66
663.961,48.65
664.198,-55.22
664.435,77.31
664.672,0.3
664.909,64.77
665.146,11.04
665.383,45.07
665.619,18.21
665.856,28.95
666.093,68.35
666.33,23.58
666.567,23.58
666.804,73.72
667.041,18.21
667.278,70.14
667.514,105.96
667.751,184.76
667.988,45.07
668.225,199.08
668.461,93.42
668.698,39.7
668.935,118.5
669.171,202.67
669.408,75.51
669.644,122.08
669.881,34.32
670.118,30.74
670.354,2.09
670.591,80.89
670.827,3.88
671.064,-3.28
671.3,5.67
671.537,20
671.773,95.21
672.01,55.82
672.246,55.82
672.482,39.7
672.719,125.66
672.955,102.38
673.191,3.88
673.428,21.79
673.664,48.65
673.9,41.49
674.136,80.89
674.373,88.05
674.609,28.95
674.845,104.17
675.081,68.35
675.317,170.43
675.553,80.89
675.79,154.31
676.026,213.41
676.262,134.61
676.498,111.33
676.734,152.52
676.97,120.29
677.206,129.24
677.442,143.57
677.678,206.25
677.914,116.7
678.15,104.17
678.386,28.95
678.621,25.37
678.857,61.19
679.093,16.42
679.329,73.72
679.565,25.37
679.8,48.65
680.036,-15.82
680.272,113.12
680.508,70.14
680.743,-44.47
680.979,50.44
681.215,57.61
681.45,39.7
681.686,-14.03
681.922,54.02
682.157,-64.17
682.393,54.02
682.628,30.74
682.864,-6.86
683.099,73.72
683.335,54.02
683.57,20
683.806,-22.98
684.041,57.61
684.277,23.58
684.512,55.82
684.747,122.08
684.983,54.02
685.218,54.02
685.453,30.74
685.689,114.91
685.924,43.28
686.159,227.74
686.394,48.65
686.63,131.03
686.865,143.57
687.1,104.17
687.335,125.66
687.57,154.31
687.806,84.47
688.041,122.08
688.276,84.47
688.511,206.25
688.746,148.94
688.981,161.48
689.216,111.33
689.451,118.5
689.686,64.77
689.921,21.79
690.156,34.32
690.391,88.05
690.625,159.69
690.86,175.8
691.095,161.48
691.33,182.97
691.565,141.78
691.8,188.34
692.034,70.14
692.269,52.23
692.504,120.29
692.739,118.5
692.973,16.42
693.208,3.88
693.443,30.74
693.677,150.73
693.912,105.96
694.146,152.52
694.381,95.21
694.616,88.05
694.85,61.19
695.085,240.27
695.319,295.79
695.554,689.78
695.788,1441.95
696.023,2924.78
696.257,4532.98
696.491,6087.46
696.726,7745.8
696.96,8952.84
697.194,8469.31
697.429,7855.04
697.663,6873.65
697.897,6241.47
698.132,5315.59
698.366,4636.85
698.6,3759.33
698.834,2946.28
699.068,2215.6
699.303,1676.55
699.537,1313
699.771,899.31
700.005,564.42
700.239,413.99
700.473,294
700.707,206.25
700.941,120.29
701.175,7.46
701.409,139.99
701.643,68.35
701.877,14.63
702.111,28.95
702.345,39.7
702.579,206.25
702.813,37.91
703.047,100.59
703.281,104.17
703.514,141.78
703.748,147.15
703.982,95.21
704.216,122.08
704.449,134.61
704.683,93.42
704.917,177.59
705.15,141.78
705.384,82.68
705.618,290.42
705.851,695.16
706.085,1347.03
706.319,2414.39
706.552,3419.06
706.786,4608.2
707.019,5702.42
707.253,6021.19
707.486,5745.4
707.72,5091.73
707.953,4658.34
708.187,4072.73
708.42,3533.68
708.653,2933.74
708.887,2432.3
709.12,1846.68
709.353,1517.16
709.587,1012.14
709.82,747.09
710.053,485.62
710.286,315.49
710.52,247.44
710.753,80.89
710.986,220.58
711.219,104.17
711.452,104.17
711.686,88.05
711.919,88.05
712.152,-14.03
712.385,77.31
712.618,66.56
712.851,84.47
713.084,84.47
713.317,25.37
713.55,139.99
713.783,156.1
714.016,208.04
714.249,333.4
714.482,460.55
714.714,657.55
714.947,806.19
715.18,910.06
715.413,818.72
715.646,679.04
715.878,748.88
716.111,679.04
716.344,594.87
716.577,456.97
716.809,405.03
717.042,349.52
717.275,340.56
717.507,161.48
717.74,150.73
717.973,148.94
718.205,64.77
718.438,113.12
718.67,2.09
718.903,79.1
719.135,104.17
719.368,86.26
719.6,68.35
719.833,48.65
720.065,179.39
720.297,2.09
720.53,18.21
720.762,23.58
720.995,61.19
721.227,39.7
721.459,55.82
721.691,9.25
721.924,166.85
722.156,34.32
722.388,16.42
722.62,79.1
722.853,77.31
723.085,102.38
723.317,118.5
723.549,41.49
723.781,75.51
724.013,57.61
724.245,-12.24
724.477,123.87
724.709,54.02
724.941,88.05
725.173,21.79
725.405,120.29
725.637,88.05
725.869,109.54
726.101,70.14
726.333,193.71
726.565,268.93
726.797,564.42
727.028,879.61
727.26,1390.01
727.492,1590.59
727.724,1957.72
727.956,1927.27
728.187,1791.17
728.419,1551.19
728.651,1540.44
728.882,1388.22
729.114,1185.85
729.346,913.64
729.577,779.33
729.809,591.28
730.04,537.56
730.272,324.45
730.503,209.83
730.735,165.06
730.966,88.05
731.198,186.55
731.429,66.56
731.661,62.98
731.892,122.08
732.124,220.58
732.355,97.01
732.586,98.8
732.818,147.15
733.049,57.61
733.28,71.93
733.512,127.45
733.743,50.44
733.974,113.12
734.205,43.28
734.436,25.37
734.668,114.91
734.899,21.79
735.13,39.7
735.361,104.17
735.592,77.31
735.823,129.24
736.054,143.57
736.285,166.85
736.516,159.69
736.747,161.48
736.978,179.39
737.209,283.26
737.44,775.74
737.671,1352.4
737.902,2537.96
738.133,4015.42
738.364,5657.65
738.594,7115.41
738.825,8589.3
739.056,8809.57
739.287,8257.99
739.518,7453.89
739.748,6997.22
739.979,6304.15
740.21,5551.99
740.44,4395.09
740.671,3623.22
740.902,2790.47
741.132,1973.83
741.363,1250.32
741.593,961.99
741.824,598.45
742.055,532.19
742.285,213.41
742.516,184.76
742.746,134.61
742.976,134.61
743.207,177.59
743.437,122.08
743.668,129.24
743.898,68.35
744.128,79.1
744.359,118.5
744.589,82.68
744.819,93.42
745.05,127.45
745.28,182.97
745.51,23.58
745.74,134.61
745.971,46.86
746.201,114.91
746.431,102.38
746.661,120.29
746.891,43.28
747.121,77.31
747.351,204.46
747.581,52.23
747.811,75.51
748.041,157.89
748.271,71.93
748.501,113.12
748.731,120.29
748.961,202.67
749.191,308.33
749.421,784.7
749.651,1612.08
749.881,2586.31
750.111,4443.44
750.34,6554.87
750.57,8698.54
750.8,11103.68
751.03,13052.14
751.259,13956.53
751.489,14925.39
751.719,15904.99
751.949,16734.16
752.178,15971.25
752.408,14343.36
752.637,12452.2
752.867,11033.83
753.097,9237.59
753.326,7265.85
753.556,5940.61
753.785,4253.61
754.015,3447.72
754.244,2269.33
754.474,1427.62
754.703,947.67
754.932,687.99
755.162,385.33
755.391,372.8
755.621,181.18
755.85,181.18
756.079,136.4
756.309,136.4
756.538,175.8
756.767,88.05
756.996,152.52
757.225,57.61
757.455,79.1
757.684,152.52
757.913,91.63
758.142,34.32
758.371,50.44
758.6,86.26
758.829,80.89
759.058,100.59
759.287,-3.28
759.516,139.99
759.745,36.12
759.974,105.96
760.203,68.35
760.432,102.38
760.661,80.89
760.89,111.33
761.119,208.04
761.348,73.72
761.577,184.76
761.805,195.5
762.034,267.14
762.263,519.65
762.492,1484.93
762.721,3109.24
762.949,5600.34
763.178,10736.55
763.407,16298.98
763.635,21173.72
763.864,26293.81
764.092,29513.79
764.321,28392.71
764.55,26610.8
764.778,24900.52
765.007,23577.07
765.235,21297.29
765.464,18569.8
765.692,14717.65
765.921,11554.97
766.149,7996.52
766.377,5473.19
766.606,3376.08
766.834,2201.27
767.062,1432.99
767.291,997.81
767.519,609.19
767.747,467.71
767.976,267.14
768.204,276.09
768.432,224.16
768.66,157.89
768.889,174.01
769.117,181.18
769.345,30.74
769.573,166.85
769.801,157.89
770.029,134.61
770.257,170.43
770.485,159.69
770.713,206.25
770.941,122.08
771.169,258.18
771.397,562.63
771.625,1205.55
771.853,2127.85
772.081,4019
772.309,5774.05
772.537,7609.69
772.765,9579.65
772.992,10530.6
773.22,10097.21
773.448,9606.51
773.676,9020.9
773.903,8365.44
774.131,8052.04
774.359,6900.51
774.586,5616.46
774.814,4171.23
775.042,2926.58
775.269,1988.16
775.497,1270.02
775.725,752.46
775.952,614.57
776.18,388.92
776.407,310.12
776.635,152.52
776.862,172.22
777.09,125.66
777.317,231.32
777.544,37.91
777.772,66.56
777.999,136.4
778.227,77.31
778.454,88.05
778.681,73.72
778.908,159.69
779.136,64.77
779.363,43.28
779.59,48.65
779.817,66.56
780.045,27.16
780.272,54.02
780.499,71.93
780.726,68.35
780.953,37.91
781.18,21.79
781.407,23.58
781.634,46.86
781.861,52.23
782.088,48.65
782.315,7.46
782.542,9.25
782.769,-37.31
782.996,30.74
783.223,32.53
783.45,14.63
783.677,73.72
783.904,89.84
784.13,95.21
784.357,37.91
784.584,25.37
784.811,16.42
785.038,70.14
785.264,123.87
785.491,9.25
785.718,-12.24
785.944,5.67
786.171,50.44
786.398,34.32
786.624,-44.47
786.851,-5.07
787.077,25.37
787.304,-17.61
787.53,21.79
787.757,50.44
787.983,59.4
788.21,-1.49
788.436,70.14
788.663,-14.03
788.889,107.75
789.115,-40.89
789.342,79.1
789.568,-35.52
789.794,43.28
790.021,154.31
790.247,84.47
790.473,7.46
790.699,54.02
790.926,89.84
791.152,9.25
791.378,75.51
791.604,57.61
791.83,109.54
792.056,73.72
792.282,16.42
792.508,109.54
792.735,125.66
792.961,5.67
793.187,41.49
793.413,84.47
793.638,131.03
793.864,456.97
794.09,906.48
794.316,1640.73
794.542,2772.56
794.768,4092.43
794.994,5390.81
795.22,6667.7
795.445,7385.84
795.671,7120.79
795.897,6922
796.123,6291.62
796.348,6024.78
796.574,5577.06
796.8,4642.23
797.025,4110.34
797.251,2924.78
797.477,2013.23
797.702,1366.73
797.928,963.79
798.153,677.25
798.379,482.04
798.604,390.71
798.83,243.86
799.055,181.18
799.281,159.69
799.506,342.35
799.732,514.28
799.957,820.52
800.182,1438.36
800.408,2409.02
800.633,3864.99
800.858,5125.76
801.084,6972.15
801.309,8696.75
801.534,10134.82
801.759,11334.7
801.985,11982.99
802.21,12355.49
802.435,11497.67
802.66,10587.91
802.885,9289.53
803.11,8127.25
803.335,7024.08
803.561,5752.56
803.786,4309.13
804.011,3245.35
804.236,2226.35
804.461,1603.12
804.685,1035.42
804.91,786.49
805.135,465.92
805.36,369.22
805.585,258.18
805.81,252.81
806.035,122.08
806.26,211.62
806.484,109.54
806.709,243.86
806.934,113.12
807.159,186.55
807.383,95.21
807.608,177.59
807.833,57.61
808.057,168.64
808.282,104.17
808.507,206.25
808.731,165.06
808.956,197.29
809.18,335.19
809.405,632.47
809.629,1135.71
809.854,1755.35
810.078,3107.45
810.303,4814.15
810.527,7054.52
810.751,9472.2
810.976,12253.41
811.2,15226.25
811.425,18854.55
811.649,22228.54
811.873,25468.22
812.097,27724.72
812.322,26922.41
812.546,24742.92
812.77,22801.62
812.994,20457.38
813.219,18118.5
813.443,15414.29
813.667,12726.2
813.891,9728.29
814.115,7443.14
814.339,5453.49
814.563,3582.03
814.787,2541.54
815.011,1730.28
815.235,1157.2
815.459,815.14
815.683,641.43
815.907,412.2
816.131,310.12
816.355,331.61
816.579,225.95
816.802,177.59
817.026,152.52
817.25,37.91
817.474,159.69
817.698,102.38
817.921,125.66
818.145,80.89
818.369,134.61
818.592,131.03
818.816,259.97
819.04,105.96
819.263,27.16
819.487,79.1
819.71,91.63
819.934,48.65
820.158,68.35
820.381,21.79
820.605,43.28
820.828,0.3
821.051,46.86
821.275,-8.66
821.498,50.44
821.722,39.7
821.945,79.1
822.168,98.8
822.392,39.7
822.615,-6.86
822.838,62.98
823.061,7.46
823.285,11.04
823.508,77.31
823.731,57.61
823.954,57.61
824.177,18.21
824.401,88.05
824.624,100.59
824.847,64.77
825.07,104.17
825.293,105.96
825.516,270.72
825.739,476.67
825.962,1049.75
826.185,1775.05
826.408,2593.47
826.631,3488.91
826.854,4253.61
827.077,4704.91
827.299,4627.9
827.522,4219.58
827.745,3968.86
827.968,3528.31
828.191,3263.26
828.413,2794.05
828.636,2256.79
828.859,1916.53
829.082,1484.93
829.304,1148.24
829.527,953.04
829.75,662.92
829.972,435.48
830.195,227.74
830.417,163.27
830.64,100.59
830.862,109.54
831.085,143.57
831.307,97.01
831.53,46.86
831.752,7.46
831.975,-8.66
832.197,114.91
832.42,91.63
832.642,70.14
832.864,32.53
833.087,46.86
833.309,0.3
833.531,104.17
833.753,-49.85
833.976,73.72
834.198,80.89
834.42,25.37
834.642,-51.64
834.864,82.68
835.086,70.14
835.309,95.21
835.531,113.12
835.753,18.21
835.975,170.43
836.197,-17.61
836.419,55.82
836.641,57.61
836.863,2.09
837.085,118.5
837.307,77.31
837.529,50.44
837.75,-3.28
837.972,73.72
838.194,27.16
838.416,50.44
838.638,3.88
838.859,59.4
839.081,-1.49
839.303,118.5
839.525,111.33
839.746,227.74
839.968,546.51
840.19,935.13
840.411,1735.65
840.633,2817.33
840.855,3872.15
841.076,5052.34
841.298,6227.14
841.519,7011.54
841.741,7190.63
841.962,7208.54
842.184,8121.88
842.405,9207.15
842.626,10358.68
842.848,11644.52
843.069,12126.26
843.291,11479.76
843.512,10242.27
843.733,8879.42
843.955,7555.97
844.176,6583.53
844.397,5320.97
844.618,4814.15
844.839,4067.36
845.061,3560.54
845.282,2761.82
845.503,2092.03
845.724,1547.61
845.945,1046.17
846.166,845.59
846.387,532.19
846.608,433.69
846.829,215.2
847.05,236.69
847.271,254.6
847.492,166.85
847.713,145.36
847.934,111.33
848.155,168.64
848.376,37.91
848.597,66.56
848.818,45.07
849.038,70.14
849.259,45.07
849.48,12.83
849.701,91.63
849.921,77.31
850.142,97.01
850.363,77.31
850.584,14.63
850.804,61.19
851.025,122.08
851.245,302.96
851.466,426.52
851.687,759.63
851.907,1234.21
852.128,1905.78
852.348,2380.36
852.569,2917.62
852.789,3180.88
853.009,2957.02
853.23,2507.51
853.45,2190.53
853.671,1925.48
853.891,1680.13
854.111,1590.59
854.332,1372.1
854.552,1182.27
854.772,1142.87
854.992,861.71
855.213,845.59
855.433,557.26
855.653,365.64
855.873,256.39
856.093,274.3
856.313,165.06
856.533,129.24
856.753,136.4
856.974,68.35
857.194,2.09
857.414,-21.19
857.634,7.46
857.854,111.33
858.073,2.09
858.293,-15.82
858.513,7.46
858.733,89.84
858.953,34.32
859.173,95.21
859.393,54.02
859.612,-17.61
859.832,-51.64
860.052,-14.03
860.272,37.91
860.491,9.25
860.711,-1.49
860.931,32.53
861.15,71.93
861.37,-30.15
861.59,52.23
861.809,32.53
862.029,88.05
862.248,-42.68
862.468,75.51
862.687,27.16
862.907,2.09
863.126,105.96
863.346,39.7
863.565,12.83
863.785,79.1
864.004,-26.56
864.223,21.79
864.443,-5.07
864.662,-3.28
864.881,11.04
865.1,34.32
865.32,-3.28
865.539,5.67
865.758,20
865.977,23.58
866.196,43.28
866.416,98.8
866.635,233.11
866.854,390.71
867.073,431.9
867.292,422.94
867.511,526.81
867.73,424.73
867.949,424.73
868.168,302.96
868.387,304.75
868.606,227.74
868.825,263.56
869.044,220.58
869.262,231.32
869.481,127.45
869.7,154.31
869.919,147.15
870.138,165.06
870.356,30.74
870.575,86.26
870.794,34.32
871.013,5.67
871.231,-49.85
871.45,27.16
871.668,32.53
871.887,25.37
872.106,-74.92
872.324,0.3
872.543,21.79
872.761,2.09
872.98,-30.15
873.198,-30.15
873.417,18.21
873.635,-17.61
873.854,23.58
874.072,39.7
874.29,57.61
874.509,2.09
874.727,-73.13
874.945,48.65
875.164,-37.31
875.382,89.84
875.6,27.16
875.818,11.04
876.037,50.44
876.255,36.12
876.473,52.23
876.691,68.35
876.909,-12.24
877.127,39.7
877.345,82.68
877.563,-30.15
877.781,-22.98
877.999,5.67
878.217,41.49
878.435,-19.4
878.653,-60.59
878.871,14.63
879.089,11.04
879.307,71.93
879.525,-33.73
879.743,70.14
879.96,-24.77
880.178,45.07
880.396,-35.52
880.614,-12.24
880.832,-60.59
881.049,84.47
881.267,-30.15
881.485,61.19
881.702,-12.24
881.92,-101.78
882.137,-35.52
882.355,132.82
882.573,16.42
882.79,-33.73
883.008,-35.52
883.225,-53.43
883.443,-26.56
883.66,-44.47
883.877,-51.64
884.095,68.35
884.312,-33.73
884.53,-5.07
884.747,89.84
884.964,-14.03
885.182,77.31
885.399,27.16
885.616,41.49
885.833,-30.15
886.051,3.88
886.268,86.26
886.485,-17.61
886.702,64.77
886.919,-24.77
887.136,12.83
887.353,-60.59
887.57,-55.22
887.788,-46.26
888.005,5.67
888.222,-35.52
888.439,-51.64
888.655,16.42
888.872,-58.8
889.089,-46.26
889.306,-10.45
889.523,14.63
889.74,-33.73
889.957,54.02
890.174,23.58
890.39,55.82
890.607,-35.52
890.824,-105.36
891.041,-87.45
891.257,-40.89
891.474,-39.1
891.691,-60.59
891.907,-76.71
892.124,-60.59
892.34,12.83
892.557,59.4
892.774,-12.24
892.99,66.56
893.207,-33.73
893.423,-3.28
893.64,-1.49
893.856,52.23
894.072,34.32
894.289,-51.64
894.505,62.98
894.722,-71.34
894.938,-5.07
895.154,-39.1
895.37,18.21
895.587,-28.36
895.803,-6.86
896.019,16.42
896.235,-15.82
896.452,-69.55
896.668,43.28
896.884,36.12
897.1,-19.4
897.316,0.3
897.532,-73.13
897.748,39.7
897.964,93.42
898.18,-80.29
898.396,11.04
898.612,14.63
898.828,-76.71
899.044,71.93
899.26,-39.1
899.476,48.65
899.692,-24.77
899.908,-33.73
900.123,-74.92
900.339,-19.4
900.555,3.88
900.771,-22.98
900.986,34.32
901.202,-19.4
901.418,23.58
901.633,-8.66
901.849,7.46
902.065,-14.03
902.28,77.31
902.496,-8.66
902.711,-57.01
902.927,-21.19
903.143,64.77
903.358,-78.5
903.573,75.51
903.789,46.86
904.004,54.02
904.22,25.37
904.435,-60.59
904.651,48.65
904.866,-26.56
905.081,-37.31
905.296,-73.13
905.512,-26.56
905.727,-17.61
905.942,-30.15
906.157,25.37
906.373,14.63
906.588,9.25
906.803,45.07
907.018,50.44
907.233,41.49
907.448,36.12
907.663,77.31
907.878,48.65
908.093,50.44
908.308,-67.75
908.523,-17.61
908.738,-10.45
908.953,43.28
909.168,71.93
909.383,30.74
909.598,-8.66
909.813,16.42
910.027,28.95
910.242,50.44
910.457,59.4
910.672,-35.52
910.887,141.78
911.101,204.46
911.316,376.38
911.531,736.34
911.745,895.73
911.96,1250.32
912.174,1821.61
912.389,2426.92
912.604,2922.99
912.818,3087.75
913.033,3383.25
913.247,3039.4
913.462,3084.17
913.676,2675.85
913.89,2683.02
914.105,2541.54
914.319,2319.47
914.534,2280.07
914.748,2194.11
914.962,1997.12
915.177,1941.6
915.391,1748.19
915.605,1653.27
915.819,1416.87
916.034,1336.29
916.248,967.37
916.462,691.57
916.676,458.76
916.89,276.09
917.104,242.07
917.318,104.17
917.532,116.7
917.746,154.31
917.96,45.07
918.174,32.53
918.388,-30.15
918.602,5.67
918.816,-48.05
919.03,2.09
919.244,91.63
919.458,18.21
919.672,7.46
919.886,9.25
920.099,73.72
920.313,28.95
920.527,-8.66
920.741,25.37
920.954,98.8
921.168,66.56
921.382,118.5
921.595,161.48
921.809,88.05
922.023,225.95
922.236,249.23
922.45,317.28
922.663,485.62
922.877,557.26
923.09,517.86
923.304,591.28
923.517,571.59
923.731,569.79
923.944,501.74
924.157,542.93
924.371,496.37
924.584,505.32
924.797,478.46
925.011,415.78
925.224,512.49
925.437,342.35
925.65,385.33
925.864,283.26
926.077,186.55
926.29,238.48
926.503,150.73
926.716,150.73
926.929,109.54
927.142,43.28
927.355,52.23
927.568,79.1
927.781,36.12
927.994,2.09
928.207,-6.86
928.42,5.67
928.633,46.86
928.846,-28.36
929.059,34.32
929.272,-10.45
929.485,-14.03
929.697,23.58
929.91,-49.85
930.123,-35.52
930.336,-30.15
930.549,-21.19
930.761,-30.15
930.974,54.02
931.187,-3.28
931.399,93.42
931.612,21.79
931.824,-49.85
932.037,-33.73
932.249,109.54
932.462,-78.5
932.675,-49.85
932.887,-107.15
933.099,-37.31
933.312,-1.49
933.524,28.95
933.737,0.3
933.949,14.63
934.161,-42.68
934.374,-3.28
934.586,46.86
934.798,107.75
935.011,-3.28
935.223,57.61
935.435,-1.49
935.647,-26.56
935.859,-60.59
936.072,34.32
936.284,54.02
936.496,46.86
936.708,-12.24
936.92,-12.24
937.132,57.61
937.344,73.72
937.556,16.42
937.768,91.63
937.98,12.83
938.192,28.95
938.404,62.98
938.616,48.65
938.828,43.28
939.039,61.19
939.251,46.86
939.463,21.79
939.675,-35.52
939.887,25.37
940.098,-58.8
940.31,-44.47
940.522,-24.77
940.733,28.95
940.945,141.78
941.157,-64.17
941.368,54.02
941.58,-8.66
941.791,-67.75
942.003,7.46
942.214,-6.86
942.426,-15.82
942.637,32.53
942.849,59.4
943.06,28.95
943.272,-6.86
943.483,-14.03
943.694,66.56
943.906,-83.87
944.117,57.61
944.328,-53.43
944.54,0.3
944.751,41.49
944.962,48.65
945.173,28.95
945.384,62.98
945.596,-64.17
945.807,18.21
946.018,39.7
946.229,-42.68
946.44,-31.94
946.651,-53.43
946.862,5.67
947.073,88.05
947.284,11.04
947.495,-19.4
947.706,12.83
947.917,132.82
948.128,9.25
948.339,9.25
948.549,52.23
948.76,-6.86
948.971,-44.47
949.182,-48.05
949.393,-51.64
949.603,-40.89
949.814,50.44
950.025,-42.68
950.235,-15.82
950.446,-82.08
950.657,52.23
950.867,28.95
951.078,-85.66
951.288,-28.36
951.499,-51.64
951.709,12.83
951.92,7.46
952.13,-24.77
952.341,-46.26
952.551,-49.85
952.762,-6.86
952.972,-53.43
953.182,-58.8
953.393,-12.24
953.603,-60.59
953.813,-28.36
954.024,-1.49
954.234,11.04
954.444,9.25
954.654,12.83
954.865,-67.75
955.075,11.04
955.285,95.21
955.495,-65.96
955.705,-39.1
955.915,16.42
956.125,41.49
956.335,12.83
956.545,-71.34
956.755,88.05
956.965,-12.24
957.175,43.28
957.385,-117.9
957.595,36.12
957.805,-8.66
958.015,23.58
958.224,-28.36
958.434,-1.49
958.644,-53.43
958.854,-6.86
959.064,30.74
959.273,7.46
959.483,-14.03
959.693,-22.98
959.902,-17.61
960.112,-76.71
960.322,86.26
960.531,0.3
960.741,28.95
960.95,-33.73
961.16,-76.71
961.369,-31.94
961.579,-46.26
961.788,-42.68
961.998,-80.29
962.207,66.56
962.416,-65.96
962.626,12.83
962.835,28.95
963.044,28.95
963.254,-58.8
963.463,-6.86
963.672,-67.75
963.881,-10.45
964.091,-21.19
964.3,-67.75
964.509,-31.94
964.718,30.74
964.927,91.63
965.136,118.5
965.345,73.72
965.554,66.56
965.763,52.23
965.972,82.68
966.181,220.58
966.39,181.18
966.599,245.65
966.808,227.74
967.017,199.08
967.226,272.51
967.435,209.83
967.644,270.72
967.852,315.49
968.061,344.15
968.27,290.42
968.479,281.46
968.687,351.31
968.896,265.35
969.105,193.71
969.313,181.18
969.522,195.5
969.731,208.04
969.939,172.22
970.148,147.15
970.356,134.61
970.565,148.94
970.773,75.51
970.982,100.59
971.19,-22.98
971.399,-21.19
971.607,104.17
971.815,-19.4
972.024,104.17
972.232,-28.36
972.44,-135.81
972.649,-26.56
972.857,-55.22
973.065,9.25
973.273,0.3
973.482,-39.1
973.69,9.25
973.898,-12.24
974.106,-19.4
974.314,28.95
974.522,-19.4
974.73,70.14
974.938,-44.47
975.146,12.83
975.354,-14.03
975.562,41.49
975.77,-142.97
975.978,-3.28
976.186,-31.94
976.394,-3.28
976.602,32.53
976.81,-96.41
977.018,159.69
977.225,62.98
977.433,23.58
977.641,2.09
977.849,73.72
978.056,-30.15
978.264,14.63
978.472,-19.4
978.679,70.14
978.887,9.25
979.094,79.1
979.302,-10.45
979.51,5.67
979.717,-31.94
979.925,34.32
980.132,71.93
980.339,55.82
980.547,46.86
980.754,45.07
980.962,18.21
981.169,100.59
981.376,79.1
981.584,-15.82
981.791,59.4
981.998,-15.82
982.206,57.61
982.413,25.37
982.62,-3.28
982.827,-62.38
983.034,36.12
983.242,0.3
983.449,2.09
983.656,16.42
983.863,9.25
984.07,-31.94
984.277,3.88
984.484,-33.73
984.691,27.16
984.898,-12.24
985.105,-33.73
985.312,-76.71
985.519,-55.22
985.725,68.35
985.932,-48.05
986.139,30.74
986.346,-55.22
986.553,70.14
986.759,-58.8
986.966,34.32
987.173,88.05
987.38,-55.22
987.586,-46.26
987.793,32.53
988,-14.03
988.206,-76.71
988.413,-12.24
988.619,-37.31
988.826,62.98
989.032,7.46
989.239,16.42
989.445,-8.66
989.652,0.3
989.858,-10.45
990.064,43.28
990.271,-65.96
990.477,64.77
990.684,-49.85
990.89,77.31
991.096,3.88
991.302,-46.26
991.509,-31.94
991.715,-17.61
991.921,-46.26
992.127,-5.07
992.333,-30.15
992.539,-12.24
992.746,-15.82
992.952,-1.49
993.158,20
993.364,32.53
993.57,-62.38
993.776,-103.57
993.982,-21.19
994.188,-21.19
994.394,-22.98
994.599,-80.29
994.805,-30.15
995.011,68.35
995.217,14.63
995.423,-71.34
995.629,3.88
995.834,-10.45
996.04,-19.4
996.246,-6.86
996.452,21.79
996.657,48.65
996.863,-12.24
997.068,-15.82
997.274,61.19
997.48,21.79
997.685,25.37
997.891,-33.73
998.096,11.04
998.302,-33.73
998.507,11.04
998.713,102.38
998.918,-55.22
999.123,-15.82
999.329,-15.82
999.534,-40.89
999.74,-94.62
999.945,-37.31
1000.15,43.28
1000.355,11.04
1000.561,30.74
1000.766,18.21
1000.971,3.88
1001.176,32.53
1001.381,52.23
1001.586,12.83
1001.792,-69.55
1001.997,-19.4
1002.202,-5.07
1002.407,-37.31
1002.612,-10.45
1002.817,12.83
1003.022,-44.47
1003.227,12.83
1003.432,-21.19
1003.637,-69.55
1003.841,-24.77
1004.046,-42.68
1004.251,-6.86
1004.456,-57.01
1004.661,-5.07
1004.865,-112.53
1005.07,-10.45
1005.275,-3.28
1005.48,-57.01
1005.684,62.98
1005.889,12.83
1006.094,30.74
1006.298,-65.96
1006.503,21.79
1006.707,-31.94
1006.912,-17.61
1007.116,-8.66
1007.321,-31.94
1007.525,122.08
1007.73,-26.56
1007.934,-30.15
1008.139,-3.28
1008.343,-40.89
1008.547,50.44
1008.752,-26.56
1008.956,-60.59
1009.16,-12.24
1009.364,-33.73
1009.569,125.66
1009.773,27.16
1009.977,9.25
1010.181,16.42
1010.385,23.58
1010.589,-83.87
1010.794,-21.19
1010.998,48.65
1011.202,12.83
1011.406,16.42
1011.61,-94.62
1011.814,-78.5
1012.018,-53.43
1012.222,-17.61
1012.426,-19.4
1012.629,3.88
1012.833,-14.03
1013.037,20
1013.241,-65.96
1013.445,-22.98
1013.649,-19.4
1013.852,7.46
1014.056,14.63
1014.26,3.88
1014.463,-28.36
1014.667,-22.98
1014.871,-24.77
1015.074,-99.99
1015.278,9.25
1015.482,54.02
1015.685,18.21
1015.889,9.25
1016.092,-171.62
1016.296,-30.15
1016.499,5.67
1016.703,45.07
1016.906,-12.24
1017.109,57.61
1017.313,-74.92
1017.516,32.53
1017.719,-26.56
1017.923,48.65
1018.126,11.04
1018.329,5.67
1018.532,27.16
1018.736,55.82
1018.939,28.95
1019.142,-37.31
1019.345,14.63
1019.548,50.44
1019.751,-10.45
1019.954,-14.03
1020.157,-17.61
1020.361,-35.52
1020.564,-53.43
1020.766,-91.04
1020.969,75.51
1021.172,23.58
1021.375,-53.43
1021.578,12.83
1021.781,20
1021.984,-37.31
1022.187,95.21
1022.389,9.25
1022.592,-6.86
1022.795,-10.45
1022.998,-85.66
1023.2,-33.73
1023.403,-51.64
1023.606,-42.68
1023.808,-15.82
1024.011,-21.19
1024.214,23.58
1024.416,43.28
1024.619,54.02
1024.821,-24.77
1025.024,39.7
1025.226,-15.82
1025.429,-60.59
1025.631,-65.96
1025.833,98.8
1026.036,23.58
1026.238,-39.1
1026.441,-76.71
1026.643,-17.61
1026.845,25.37
1027.047,5.67
1027.25,-15.82
1027.452,45.07
1027.654,-33.73
1027.856,-112.53
1028.058,-35.52
1028.261,-74.92
1028.463,-37.31
1028.665,9.25
1028.867,-80.29
1029.069,-53.43
1029.271,-15.82
1029.473,-31.94
1029.675,9.25
1029.877,-49.85
1030.079,16.42
1030.281,-64.17
1030.482,27.16
1030.684,-55.22
1030.886,32.53
1031.088,-8.66
1031.29,-28.36
1031.491,-17.61
1031.693,45.07
1031.895,77.31
1032.097,25.37
1032.298,-53.43
1032.5,-19.4
1032.701,-8.66
1032.903,-3.28
1033.105,52.23
1033.306,23.58
1033.508,52.23
1033.709,-17.61
1033.911,-19.4
1034.112,-15.82
1034.314,5.67
1034.515,41.49
1034.716,16.42
1034.918,12.83
1035.119,-42.68
1035.32,-3.28
1035.522,-28.36
1035.723,-19.4
1035.924,-42.68
1036.125,-46.26
1036.327,-22.98
1036.528,50.44
1036.729,12.83
1036.93,25.37
1037.131,37.91
1037.332,-14.03
1037.533,-114.32
1037.734,-153.72
1037.935,-1.49
1038.136,-51.64
1038.337,-6.86
1038.538,-31.94
1038.739,-5.07
1038.94,61.19
1039.141,-31.94
1039.342,-114.32
1039.543,-137.6
1039.744,34.32
1039.944,41.49
1040.145,59.4
1040.346,-3.28
1040.547,3.88
1040.747,-110.74
1040.948,64.77
1041.149,-126.85
1041.349,-26.56
1041.55,-105.36
1041.75,55.82
1041.951,-46.26
1042.152,-44.47
1042.352,-15.82
1042.553,-1.49
1042.753,-53.43
1042.953,-5.07
1043.154,-103.57
1043.354,-89.24
1043.555,-49.85
1043.755,16.42
1043.955,-40.89
1044.156,-12.24
1044.356,5.67
1044.556,-24.77
1044.756,23.58
1044.957,-62.38
1045.157,-8.66
1045.357,25.37
1045.557,-51.64
1045.757,-65.96
1045.957,-33.73
1046.157,-67.75
1046.357,-8.66
1046.557,25.37
1046.757,0.3
1046.957,-5.07
1047.157,-69.55
1047.357,-89.24
1047.557,-33.73
1047.757,-42.68
1047.957,-19.4
1048.157,-30.15
1048.356,-22.98
1048.556,37.91
1048.756,-53.43
1048.956,12.83
1049.156,-28.36
1049.355,25.37
1049.555,-40.89
1049.755,27.16
1049.954,-67.75
1050.154,93.42
1050.353,5.67
1050.553,66.56
1050.752,7.46
1050.952,-8.66
1051.151,25.37
1051.351,-31.94
1051.55,41.49
1051.75,11.04
1051.949,-21.19
1052.148,195.5
1052.348,20
1052.547,-3.28
1052.746,-58.8
1052.946,28.95
1053.145,-55.22
1053.344,57.61
1053.543,-26.56
1053.743,0.3
1053.942,-17.61
1054.141,5.67
1054.34,-64.17
1054.539,-5.07
1054.738,50.44
1054.937,-8.66
1055.136,-78.5
1055.335,-92.83
1055.534,-22.98
1055.733,-17.61
1055.932,-17.61
1056.131,-17.61
