194.216,-212.81
194.484,-212.81
194.753,-212.81
195.022,-196.7
195.29,45.07
195.559,70.14
195.827,0.3
196.096,-30.15
196.364,52.23
196.633,-19.4
196.901,-82.08
197.17,11.04
197.438,-17.61
197.706,-15.82
197.975,-12.24
198.243,-1.49
198.512,45.07
198.78,45.07
199.048,28.95
199.317,-5.07
199.585,36.12
199.853,120.29
200.122,5.67
200.39,100.59
200.658,-58.8
200.926,71.93
201.195,3.88
201.463,-24.77
201.731,-39.1
201.999,32.53
202.267,18.21
202.536,102.38
202.804,95.21
203.072,41.49
203.34,98.8
203.608,-26.56
203.876,-30.15
204.144,95.21
204.412,25.37
204.68,36.12
204.948,-30.15
205.216,36.12
205.484,45.07
205.752,91.63
206.02,3.88
206.288,-92.83
206.556,-71.34
206.824,77.31
207.092,61.19
207.36,138.2
207.628,18.21
207.896,7.46
208.164,21.79
208.431,77.31
208.699,12.83
208.967,-26.56
209.235,82.68
209.503,93.42
209.77,-21.19
210.038,46.86
210.306,55.82
210.573,91.63
210.841,-53.43
211.109,-17.61
211.377,-5.07
211.644,43.28
211.912,-46.26
212.179,9.25
212.447,-1.49
212.715,-12.24
212.982,118.5
213.25,102.38
213.517,9.25
213.785,39.7
214.052,-62.38
214.32,59.4
214.587,-30.15
214.855,23.58
215.122,2.09
215.39,127.45
215.657,-12.24
215.925,-42.68
216.192,-8.66
216.459,120.29
216.727,43.28
216.994,-62.38
217.261,-39.1
217.529,25.37
217.796,28.95
218.063,79.1
218.331,62.98
218.598,27.16
218.865,62.98
219.132,39.7
219.399,-6.86
219.667,-28.36
219.934,-21.19
220.201,21.79
220.468,9.25
220.735,64.77
221.002,71.93
221.27,0.3
221.537,7.46
221.804,80.89
222.071,-35.52
222.338,46.86
222.605,50.44
222.872,-10.45
223.139,9.25
223.406,32.53
223.673,23.58
223.94,82.68
224.207,30.74
224.474,-37.31
224.741,48.65
225.007,9.25
225.274,-22.98
225.541,41.49
225.808,-46.26
226.075,79.1
226.342,-26.56
226.609,-78.5
226.875,50.44
227.142,88.05
227.409,-28.36
227.676,102.38
227.942,21.79
228.209,-53.43
228.476,80.89
228.742,-89.24
229.009,41.49
229.276,104.17
229.542,-8.66
229.809,20
230.076,41.49
230.342,125.66
230.609,-12.24
230.875,71.93
231.142,93.42
231.408,36.12
231.675,48.65
231.941,48.65
232.208,61.19
232.474,18.21
232.741,21.79
233.007,-35.52
233.274,193.71
233.54,95.21
233.807,66.56
234.073,25.37
234.339,14.63
234.606,68.35
234.872,-5.07
235.138,70.14
235.405,88.05
235.671,-14.03
235.937,102.38
236.203,52.23
236.47,-17.61
236.736,-1.49
237.002,75.51
237.268,37.91
237.535,105.96
237.801,55.82
238.067,-46.26
238.333,9.25
238.599,-22.98
238.865,-3.28
239.131,32.53
239.397,80.89
239.663,37.91
239.929,32.53
240.195,-5.07
240.462,77.31
240.728,55.82
240.993,48.65
241.259,141.78
241.525,59.4
241.791,-53.43
242.057,71.93
242.323,-31.94
242.589,32.53
242.855,-15.82
243.121,41.49
243.387,-57.01
243.652,95.21
243.918,62.98
244.184,-3.28
244.45,-14.03
244.716,129.24
244.981,34.32
245.247,3.88
245.513,-22.98
245.779,21.79
246.044,0.3
246.31,75.51
246.576,52.23
246.841,32.53
247.107,36.12
247.373,75.51
247.638,174.01
247.904,84.47
248.169,27.16
248.435,-21.19
248.7,-44.47
248.966,-33.73
249.231,61.19
249.497,89.84
249.762,-28.36
250.028,32.53
250.293,-19.4
250.559,34.32
250.824,-33.73
251.09,97.01
251.355,34.32
251.62,27.16
251.886,-31.94
252.151,9.25
252.416,73.72
252.682,61.19
252.947,75.51
253.212,34.32
253.477,-8.66
253.743,41.49
254.008,16.42
254.273,37.91
254.538,122.08
254.804,46.86
255.069,104.17
255.334,37.91
255.599,37.91
255.864,-21.19
256.129,5.67
256.394,70.14
256.659,12.83
256.925,55.82
257.19,36.12
257.455,32.53
257.72,0.3
257.985,132.82
258.25,39.7
258.515,7.46
258.78,-8.66
259.044,18.21
259.309,-12.24
259.574,-5.07
259.839,11.04
260.104,18.21
260.369,-8.66
260.634,-15.82
260.899,70.14
261.163,9.25
261.428,-37.31
261.693,-31.94
261.958,46.86
262.223,11.04
262.487,-94.62
262.752,-14.03
263.017,-1.49
263.281,-19.4
263.546,-30.15
263.811,68.35
264.075,50.44
264.34,14.63
264.605,59.4
264.869,143.57
265.134,30.74
265.398,-3.28
265.663,28.95
265.927,141.78
266.192,-17.61
266.457,-40.89
266.721,66.56
266.985,39.7
267.25,50.44
267.514,9.25
267.779,-94.62
268.043,73.72
268.308,59.4
268.572,11.04
268.836,-19.4
269.101,118.5
269.365,-1.49
269.629,95.21
269.894,30.74
270.158,91.63
270.422,34.32
270.687,-42.68
270.951,66.56
271.215,70.14
271.479,79.1
271.743,-67.75
272.008,21.79
272.272,2.09
272.536,54.02
272.8,-6.86
273.064,-5.07
273.328,28.95
273.592,2.09
273.856,2.09
274.12,50.44
274.385,-19.4
274.649,43.28
274.913,55.82
275.177,30.74
275.441,64.77
275.704,41.49
275.968,28.95
276.232,-17.61
276.496,-62.38
276.76,-96.41
277.024,71.93
277.288,-49.85
277.552,-22.98
277.816,-37.31
278.079,66.56
278.343,79.1
278.607,71.93
278.871,14.63
279.135,61.19
279.398,-33.73
279.662,50.44
279.926,14.63
280.189,36.12
280.453,30.74
280.717,62.98
280.98,64.77
281.244,71.93
281.508,64.77
281.771,102.38
282.035,139.99
282.298,147.15
282.562,82.68
282.826,82.68
283.089,9.25
283.353,102.38
283.616,120.29
283.88,23.58
284.143,62.98
284.407,70.14
284.67,16.42
284.933,75.51
285.197,-55.22
285.46,57.61
285.724,97.01
285.987,9.25
286.25,45.07
286.514,48.65
286.777,43.28
287.04,59.4
287.303,242.07
287.567,30.74
287.83,32.53
288.093,211.62
288.356,34.32
288.62,86.26
288.883,55.82
289.146,177.59
289.409,95.21
289.672,43.28
289.935,89.84
290.198,50.44
290.461,64.77
290.725,37.91
290.988,54.02
291.251,95.21
291.514,-21.19
291.777,122.08
292.04,202.67
292.303,145.36
292.566,145.36
292.829,272.51
293.091,315.49
293.354,424.73
293.617,478.46
293.88,517.86
294.143,784.7
294.406,1178.69
294.669,1377.48
294.932,1662.22
295.194,2158.29
295.457,2648.99
295.72,3254.3
295.983,3934.83
296.245,4520.45
296.508,4704.91
296.771,4789.08
297.034,4178.39
297.296,3225.65
297.559,2417.97
297.822,1869.96
298.084,1234.21
298.347,904.69
298.609,732.76
298.872,510.7
299.135,322.65
299.397,299.37
299.66,231.32
299.922,363.84
300.185,224.16
300.447,229.53
300.71,304.75
300.972,249.23
301.235,204.46
301.497,274.3
301.759,179.39
302.022,328.03
302.284,290.42
302.546,392.5
302.809,338.77
303.071,369.22
303.333,344.15
303.596,482.04
303.858,487.41
304.12,492.79
304.383,525.02
304.645,616.36
304.907,775.74
305.169,720.23
305.431,874.24
305.694,1001.39
305.956,1214.51
306.218,1563.73
306.48,2007.86
306.742,2246.05
307.004,2432.3
307.266,2570.19
307.528,2398.27
307.79,2186.95
308.052,1889.66
308.314,1982.79
308.576,2045.47
308.838,2378.57
309.1,2792.26
309.362,3302.66
309.624,3965.28
309.886,4841.01
310.148,5867.18
310.41,7249.73
310.672,8958.22
310.934,10772.37
311.196,14047.86
311.457,16673.27
311.719,20494.98
311.981,23003.99
312.243,25262.27
312.504,25924.89
312.766,24519.06
313.028,21315.2
313.29,18261.77
313.551,15292.51
313.813,13252.72
314.075,14012.04
314.336,16467.32
314.598,20349.92
314.86,24528.02
315.121,25978.62
315.383,24280.88
315.644,21032.24
315.906,15394.59
316.167,10233.31
316.429,6864.69
316.69,5192.02
316.952,4047.66
317.213,3209.53
317.475,2584.52
317.736,2151.13
317.998,1798.33
318.259,1547.61
318.521,1594.17
318.782,1361.36
319.043,1341.66
319.305,1289.72
319.566,1450.9
319.827,1434.78
320.089,1490.3
320.35,1703.41
320.611,1676.55
320.872,1778.63
321.134,2022.19
321.395,2213.81
321.656,2539.75
321.917,2944.48
322.178,3519.35
322.44,4339.57
322.701,5276.19
322.962,6291.62
323.223,6526.22
323.484,6205.65
323.745,5673.77
324.006,4883.99
324.267,4267.94
324.528,3861.41
324.789,3741.42
325.05,3829.17
325.311,4280.47
325.572,4921.6
325.833,5243.96
326.094,5489.31
326.355,5646.9
326.616,5811.66
326.877,6064.18
327.138,6705.31
327.398,7663.42
327.659,8805.99
327.92,10775.95
328.181,12151.33
328.442,14366.64
328.702,16082.29
328.963,17269.63
329.224,17527.52
329.485,16685.81
329.745,14762.42
330.006,12253.41
330.267,9713.96
330.527,7640.14
330.788,5868.97
331.049,4832.06
331.309,3913.34
331.57,3506.82
331.83,3329.52
332.091,3268.63
332.351,3333.1
332.612,3859.62
332.873,4335.99
333.133,4524.03
333.393,4998.61
333.654,5553.78
333.914,6436.68
334.175,7914.14
334.435,10346.14
334.696,13915.34
334.956,18720.23
335.216,25539.86
335.477,34026.78
335.737,45611.9
335.997,54594.89
336.258,59294.13
336.518,58581.36
336.778,54281.49
337.038,44225.77
337.299,29956.14
337.559,19945.19
337.819,14427.53
338.079,10858.33
338.34,8539.15
338.6,6991.84
338.86,5535.87
339.12,4821.31
339.38,4570.59
339.64,4606.41
339.9,5186.65
340.16,5602.13
340.42,5996.12
340.68,6400.86
340.94,6454.58
341.2,6114.32
341.46,5179.49
341.72,4520.45
341.98,3870.36
342.24,3435.18
342.5,3250.72
342.76,2919.41
343.02,2700.93
343.28,2512.89
343.54,2505.72
343.799,2249.63
344.059,2179.78
344.319,2235.3
344.579,2271.12
344.839,2170.83
345.098,2256.79
345.358,2419.76
345.618,2564.82
345.878,2901.5
346.137,3245.35
346.397,3800.52
346.657,4549.1
346.916,5448.12
347.176,6766.2
347.435,7915.93
347.695,8845.39
347.955,9409.52
348.214,9475.78
348.474,8795.25
348.733,8542.74
348.993,8080.69
349.252,7588.2
349.512,7034.83
349.771,6365.04
350.031,5514.38
350.29,4885.78
350.549,4887.58
350.809,5251.12
351.068,5786.59
351.328,6812.76
351.587,8245.45
351.846,10335.39
352.106,12905.29
352.365,16082.29
352.624,19094.53
352.883,20022.2
353.143,19850.27
353.402,17767.49
353.661,14463.34
353.92,11058.9
354.179,9377.28
354.439,8754.06
354.698,9139.09
354.957,10584.32
355.216,12375.19
355.475,15276.4
355.734,19409.72
355.993,24871.86
356.252,31130.95
356.511,39684.13
356.77,44111.15
357.029,43534.49
357.288,41004
357.547,33210.14
357.806,23671.98
358.065,17027.87
358.324,13039.6
358.583,10548.51
358.842,8761.22
359.101,7505.82
359.36,6690.98
359.619,6022.99
359.877,5711.37
360.136,5509.01
360.395,5315.59
360.654,4617.15
360.913,4258.98
361.171,3648.3
361.43,3245.35
361.689,2940.9
361.947,2824.5
362.206,2774.35
362.465,2763.61
362.723,2661.53
362.982,2813.75
363.241,2820.91
363.499,2978.51
363.758,2772.56
364.016,2695.55
364.275,2586.31
364.533,2629.29
364.792,2632.87
365.05,2991.05
365.309,3222.07
365.567,3707.39
365.826,4319.87
366.084,4998.61
366.343,5206.35
366.601,5512.59
366.86,5389.02
367.118,5512.59
367.376,5229.63
367.635,5408.72
367.893,5625.41
368.151,5797.34
368.409,6044.48
368.668,6257.59
368.926,6812.76
369.184,7194.21
369.442,7778.04
369.701,8521.25
369.959,9447.12
370.217,9420.26
370.475,9139.09
370.733,8270.52
370.991,7018.71
371.25,5702.42
371.508,5147.25
371.766,4592.08
372.024,4586.71
372.282,4466.72
372.54,4767.59
372.798,5174.11
373.056,5670.18
373.314,6477.87
373.572,7749.38
373.83,8906.28
374.088,10951.45
374.345,13028.86
374.603,14278.88
374.861,14674.67
375.119,13010.95
375.377,10942.5
375.635,8492.59
375.893,6760.82
376.15,5546.61
376.408,4916.23
376.666,4697.74
376.924,4454.19
377.181,4713.86
377.439,4783.71
377.697,5453.49
377.954,6153.72
378.212,7081.39
378.47,8868.67
378.727,10523.44
378.985,12534.58
379.243,15125.96
379.5,16424.34
379.758,17504.24
380.015,16820.12
380.273,15100.89
380.53,12810.37
380.788,10734.76
381.045,8960.01
381.303,8252.62
381.56,7360.76
381.818,6832.46
382.075,6259.38
382.332,5824.2
382.59,5526.92
382.847,5288.73
383.105,5243.96
383.362,5240.38
383.619,5494.68
383.876,5718.54
384.134,6456.38
384.391,6755.45
384.648,7273.01
384.905,7489.71
385.163,7262.27
385.42,7079.6
385.677,6694.56
385.934,6388.32
386.191,6166.25
386.449,5885.09
386.706,5944.19
386.963,6141.18
387.22,6390.11
387.477,6791.27
387.734,6932.75
387.991,7274.8
388.248,7373.3
388.505,7138.7
388.762,6855.74
389.019,6447.42
389.276,5833.15
389.533,5174.11
389.79,4962.79
390.047,4785.5
390.304,4620.74
390.56,4733.56
390.817,4611.78
391.074,4635.06
391.331,4606.41
391.588,4635.06
391.844,4581.34
392.101,4849.97
392.358,5115.02
392.615,5670.18
392.871,6279.08
393.128,6990.05
393.385,7260.47
393.641,7532.69
393.898,7215.7
394.155,6520.85
394.411,5734.66
394.668,5188.44
394.925,4654.76
395.181,4278.68
395.438,3916.93
395.694,3569.5
395.951,3469.21
396.207,3231.02
396.464,3078.8
396.72,3166.55
396.977,3200.58
397.233,3415.48
397.489,3578.45
397.746,4169.44
398.002,4728.19
398.259,5100.69
398.515,6064.18
398.771,6660.53
399.028,6855.74
399.284,6712.47
399.54,5877.93
399.796,4948.46
400.053,3832.75
400.309,3016.12
400.565,2797.63
400.821,2691.97
401.078,2439.46
401.334,2374.99
401.59,2457.37
401.846,2555.87
402.102,2532.58
402.358,2903.29
402.614,3236.4
402.87,3632.18
403.126,3900.81
403.382,4096.01
403.638,4712.07
403.894,5190.23
404.15,5720.33
404.406,6381.16
404.662,6769.78
404.918,7274.8
405.174,7387.63
405.43,6739.33
405.686,6418.77
405.942,5312.01
406.198,4959.21
406.454,4296.59
406.709,4087.06
406.965,4097.8
407.221,3687.69
407.477,3899.02
407.732,3789.77
407.988,4171.23
408.244,4233.91
408.5,4352.11
408.755,4418.37
409.011,4541.94
409.267,4575.96
409.522,4606.41
409.778,4959.21
410.033,5559.15
410.289,6193.12
410.545,7185.26
410.8,8370.81
411.056,9690.68
411.311,10469.71
411.567,10485.83
411.822,9867.98
412.078,8931.35
412.333,7421.65
412.588,6313.11
412.844,5365.74
413.099,5041.59
413.355,4778.33
413.61,4201.67
413.865,3741.42
414.121,3478.16
414.376,3055.52
414.631,2794.05
414.887,2717.04
415.142,2842.4
415.397,2717.04
415.652,2756.44
415.907,2983.88
416.163,2982.09
416.418,2926.58
416.673,3060.89
416.928,3155.81
417.183,3297.29
417.438,3633.97
417.693,3777.24
417.949,3873.94
418.204,4232.12
418.459,4511.49
418.714,4998.61
418.969,5038.01
419.224,5419.46
419.479,5118.6
419.734,4875.04
419.989,4620.74
420.243,4113.92
420.498,3866.78
420.753,3791.56
421.008,3419.06
421.263,3162.97
421.518,3096.71
421.773,2837.03
422.027,2874.64
422.282,2835.24
422.537,2785.1
422.792,2720.63
423.047,2622.13
423.301,2670.48
423.556,2604.22
423.811,2654.36
424.065,2453.79
424.32,2507.51
424.575,2640.04
424.829,2874.64
425.084,3053.73
425.338,3000
425.593,3342.06
425.848,3551.59
426.102,3727.09
426.357,3676.95
426.611,3374.29
426.866,3132.53
427.12,2851.36
427.374,2537.96
427.629,2405.43
427.883,2124.27
428.138,2040.1
428.392,1981
428.646,1839.52
428.901,1848.47
429.155,1757.14
429.409,1873.55
429.664,1828.77
429.918,1916.53
430.172,1941.6
430.427,1896.83
430.681,1986.37
430.935,2229.93
431.189,2240.67
431.443,2296.19
431.698,2389.32
431.952,2548.7
432.206,2570.19
432.46,2779.72
432.714,2974.93
432.968,3225.65
433.222,3642.92
433.476,3843.5
433.73,3850.66
433.984,4099.59
434.238,4063.78
434.492,4131.83
434.746,3981.4
435,4099.59
435.254,4070.94
435.508,3830.96
435.762,4072.73
436.016,4130.04
436.27,4497.17
436.523,4529.4
436.777,4885.78
437.031,5170.53
437.285,5714.96
437.539,6017.61
437.792,6442.05
438.046,6644.42
438.3,6830.67
438.553,7045.57
438.807,6386.53
439.061,5700.63
439.314,4855.34
439.568,4368.22
439.822,3967.07
440.075,3648.3
440.329,3685.9
440.582,3388.62
440.836,3306.24
441.09,3123.57
441.343,3157.6
441.597,2878.22
441.85,2665.11
442.103,2491.39
442.357,2188.74
442.61,2049.05
442.864,2066.96
443.117,2206.65
443.371,2246.05
443.624,2136.8
443.877,2210.23
444.131,2326.64
444.384,2328.43
444.637,2194.11
444.89,2409.02
445.144,2466.32
445.397,2299.77
445.65,2683.02
445.903,2545.12
446.157,2577.36
446.41,2770.77
446.663,2819.12
446.916,2899.71
447.169,2939.11
447.422,3238.19
447.675,3574.87
447.928,3920.51
448.181,4420.16
448.435,4851.76
448.688,5247.54
448.941,5483.93
449.194,6309.52
449.446,6766.2
449.699,7860.42
449.952,8283.06
450.205,8616.16
450.458,8227.54
450.711,7609.69
450.964,6656.95
451.217,5915.53
451.47,5086.36
451.722,4712.07
451.975,4343.15
452.228,4196.3
452.481,3796.94
452.733,3707.39
452.986,3499.65
453.239,3408.32
453.492,3395.78
453.744,3166.55
453.997,3182.67
454.25,3078.8
454.502,3062.68
454.755,2955.23
455.007,3080.59
455.26,3143.27
455.513,3141.48
455.765,3297.29
456.018,3308.03
456.27,3316.98
456.523,3084.17
456.775,3182.67
457.028,3197
457.28,3062.68
457.532,2890.76
457.785,2935.53
458.037,2706.3
458.29,2691.97
458.542,2595.27
458.794,2734.95
459.047,2632.87
459.299,2675.85
459.551,2704.51
459.803,2677.65
460.056,2797.63
460.308,2677.65
460.56,2641.83
460.812,2631.08
461.064,2400.06
461.317,2473.49
461.569,2349.92
461.821,2303.35
462.073,2305.14
462.325,2224.56
462.577,2151.13
462.829,2192.32
463.081,2161.88
463.333,2460.95
463.585,2351.71
463.837,2409.02
464.089,2575.57
464.341,2700.93
464.593,2652.57
464.845,2871.06
465.097,2931.95
465.349,2996.42
465.601,3130.73
465.852,3361.76
466.104,3431.6
466.356,3451.3
466.608,3386.83
466.86,3614.27
467.111,3691.28
467.363,4036.91
467.615,4137.2
467.867,3993.93
468.118,4296.59
468.37,4196.3
468.622,4149.74
468.873,3709.18
469.125,3734.26
469.376,3907.97
469.628,3603.52
469.88,3712.77
470.131,3603.52
470.383,3619.64
470.634,3540.84
470.886,3560.54
471.137,3422.65
471.389,3660.83
471.64,3820.22
471.892,3587.41
472.143,3678.74
472.394,3607.11
472.646,3392.2
472.897,3562.33
473.148,3539.05
473.4,3415.48
473.651,3361.76
473.902,3462.05
474.154,3444.14
474.405,3646.5
474.656,3506.82
474.907,3487.12
475.159,3608.9
475.41,3617.85
475.661,3650.09
475.912,3734.26
476.163,3746.79
476.414,3925.88
476.665,3900.81
476.917,3820.22
477.168,3784.4
477.419,3811.26
477.67,3907.97
477.921,4045.87
478.172,4171.23
478.423,4561.64
478.674,4567.01
478.925,4851.76
479.176,5308.43
479.426,5682.72
479.677,6218.19
479.928,6964.98
480.179,7663.42
480.43,8589.3
480.681,9504.43
480.932,10426.73
481.182,11635.56
481.433,13005.58
481.684,15194.02
481.935,16479.86
482.185,17993.14
482.436,19372.11
482.687,19329.13
482.937,17883.9
483.188,15614.87
483.439,12847.98
483.689,10202.87
483.94,8311.71
484.19,6871.86
484.441,6168.05
484.692,5564.52
484.942,5249.33
485.193,5109.64
485.443,5138.3
485.694,4839.22
485.944,4713.86
486.194,4910.86
486.445,4995.03
486.695,4930.56
486.946,5030.84
487.196,5190.23
487.446,5729.28
487.697,5188.44
487.947,5295.89
488.197,5414.09
488.448,5575.27
488.698,5534.08
488.948,5621.83
489.198,5320.97
489.449,5569.9
489.699,5500.05
489.949,5288.73
490.199,5433.79
490.449,5376.48
490.699,5224.26
490.949,5082.78
491.2,4987.86
491.45,4866.09
491.7,4812.36
491.95,4504.33
492.2,4357.48
492.45,4346.73
492.7,4332.41
492.95,4301.96
493.2,4269.73
493.45,4325.24
493.699,3925.88
493.949,4083.48
494.199,4131.83
494.449,4047.66
494.699,3886.48
494.949,4054.82
495.199,3983.19
495.448,4115.71
495.698,4198.09
495.948,4242.86
496.198,4133.62
496.447,4176.6
496.697,4024.38
496.947,4133.62
497.196,4185.56
497.446,4137.2
497.696,4011.84
497.945,4061.99
498.195,3983.19
498.444,4110.34
498.694,3931.25
498.944,4155.11
499.193,4223.16
499.443,4498.96
499.692,4384.34
499.942,4241.07
500.191,4266.14
500.44,4303.75
500.69,4061.99
500.939,4112.13
501.189,4011.84
501.438,3798.73
501.687,3571.29
501.937,3610.69
502.186,3535.47
502.435,3625.01
502.685,3770.07
502.934,3927.67
503.183,4011.84
503.432,4328.82
503.682,4251.82
503.931,4447.02
504.18,4669.09
504.429,4900.11
504.678,5052.34
504.927,5313.8
505.176,5372.9
505.426,5541.24
505.675,5548.41
505.924,5593.18
506.173,5738.24
506.422,5784.8
506.671,6037.31
506.92,6284.45
507.169,6035.52
507.418,6096.41
507.667,6037.31
507.915,5899.42
508.164,5697.05
508.413,5492.89
508.662,5215.3
508.911,5193.81
509.16,5156.21
509.408,4969.96
509.657,4717.44
509.906,4488.21
510.155,4373.6
510.404,4334.2
510.652,4133.62
510.901,4411.2
511.15,4378.97
511.398,4396.88
511.647,4645.81
511.896,4549.1
512.144,4806.99
512.393,5159.79
512.641,5236.79
512.89,5356.78
513.138,5648.69
513.387,5881.51
513.635,5876.13
513.884,6203.86
514.132,6400.86
514.381,6434.88
514.629,6662.33
514.878,6846.78
515.126,6880.81
515.374,7108.25
515.623,7616.86
515.871,8005.48
516.119,8678.84
516.368,9364.74
516.616,9980.8
516.864,10779.53
517.113,11871.96
517.361,13010.95
517.609,14060.4
517.857,15485.93
518.105,16956.23
518.354,18351.32
518.602,19855.64
518.85,20523.64
519.098,20197.7
519.346,18550.1
519.594,16085.87
519.842,12536.37
520.09,9448.91
520.338,7774.45
520.586,6416.98
520.834,5661.23
521.082,4953.84
521.33,4599.25
521.578,4174.81
521.826,4040.5
522.074,3694.86
522.322,3376.08
522.57,3424.44
522.817,3316.98
523.065,3481.74
523.313,3728.88
523.561,3641.13
523.809,3882.9
524.056,3839.92
524.304,3933.04
524.552,4020.8
524.8,3999.31
525.047,4273.31
525.295,4531.19
525.543,4516.87
525.79,4597.45
526.038,4511.49
526.285,4536.57
526.533,4561.64
526.781,4518.66
527.028,4244.65
527.276,4208.84
527.523,4081.69
527.771,4079.89
528.018,4040.5
528.266,3787.98
528.513,3626.8
528.76,3556.96
529.008,3548.01
529.255,3410.11
529.502,3435.18
529.75,3562.33
529.997,3540.84
530.244,3583.82
530.492,3764.7
530.739,3909.76
530.986,3952.74
531.234,3899.02
531.481,3820.22
531.728,3995.72
531.975,4112.13
532.222,4090.64
532.469,4353.9
532.717,4744.31
532.964,4334.2
533.211,4678.04
533.458,4602.83
533.705,4735.35
533.952,4532.98
534.199,4746.1
534.446,4810.57
534.693,5080.99
534.94,5215.3
535.187,5208.14
535.434,4930.56
535.681,5005.77
535.928,4883.99
536.174,4925.18
536.421,4910.86
536.668,4704.91
536.915,4667.3
537.162,4835.64
537.409,4780.12
537.655,4880.41
537.902,4878.62
538.149,4980.7
538.396,4993.24
538.642,5012.94
538.889,4848.18
539.136,4771.17
539.382,4525.82
539.629,4255.4
539.875,4036.91
540.122,3993.93
540.369,3743.21
540.615,3771.87
540.862,3625.01
541.108,3752.17
541.355,3544.42
541.601,3551.59
541.848,3569.5
542.094,3488.91
542.341,3374.29
542.587,3478.16
542.833,3513.98
543.08,3673.37
543.326,3431.6
543.572,3574.87
543.819,3462.05
544.065,3401.16
544.311,3449.51
544.558,3417.27
544.804,3445.93
545.05,3487.12
545.296,3334.89
545.542,3404.74
545.789,3363.55
546.035,3453.09
546.281,3270.42
546.527,3368.92
546.773,3383.25
547.019,3250.72
547.265,3191.62
547.511,2971.35
547.757,3007.16
548.003,2957.02
548.249,2854.94
548.495,2885.39
548.741,2833.45
548.987,2675.85
549.233,2768.98
549.479,2734.95
549.725,2819.12
549.971,2760.03
550.217,2820.91
550.463,2903.29
550.708,2912.25
550.954,2824.5
551.2,2953.44
551.446,2962.39
551.691,3007.16
551.937,3100.29
552.183,3053.73
552.429,3247.14
552.674,3372.5
552.92,3571.29
553.165,3632.18
553.411,3748.58
553.657,3719.93
553.902,3847.08
554.148,3992.14
554.393,3997.51
554.639,4207.05
554.884,4242.86
555.13,4455.98
555.375,4547.31
555.621,4849.97
555.866,4998.61
556.112,4934.14
556.357,5175.91
556.602,5344.25
556.848,5423.04
557.093,5627.2
557.338,5863.6
557.584,6044.48
557.829,6572.78
558.074,6862.9
558.32,7355.39
558.565,7996.52
558.81,8377.98
559.055,8974.33
559.3,9921.7
559.546,10652.38
559.791,11148.45
560.036,11477.97
560.281,11533.48
560.526,10709.69
560.771,9223.27
561.016,7767.29
561.261,6280.87
561.506,5423.04
561.751,4789.08
561.996,4454.19
562.241,4253.61
562.486,4004.68
562.731,3642.92
562.976,3501.44
563.221,3632.18
563.466,3370.71
563.71,3445.93
563.955,3479.95
564.2,3471
564.445,3596.36
564.69,3590.99
564.934,3685.9
565.179,3671.58
565.424,3662.62
565.669,3839.92
565.913,3784.4
566.158,4045.87
566.403,4307.33
566.647,4575.96
566.892,4703.12
567.136,4998.61
567.381,4978.91
567.626,5084.57
567.87,4882.2
568.115,4959.21
568.359,4864.29
568.604,5014.73
568.848,4685.21
569.093,4776.54
569.337,4554.47
569.581,4334.2
569.826,4262.56
570.07,4001.1
570.315,3789.77
570.559,3657.25
570.803,3560.54
571.048,3399.36
571.292,3358.17
571.536,3306.24
571.78,3168.34
572.025,3342.06
572.269,2960.6
572.513,3041.19
572.757,3035.82
573.001,2967.77
573.245,2831.66
573.49,2781.52
573.734,2777.93
573.978,2919.41
574.222,2903.29
574.466,2885.39
574.71,2792.26
574.954,2980.3
575.198,2856.73
575.442,3046.56
575.686,2944.48
575.93,3041.19
576.174,3019.7
576.418,3162.97
576.661,3118.2
576.905,3234.6
577.149,3429.81
577.393,3318.78
577.637,3250.72
577.881,3515.77
578.124,3397.57
578.368,3453.09
578.612,3551.59
578.856,3592.78
579.099,3728.88
579.343,3816.64
579.587,3503.24
579.83,3589.2
580.074,3705.6
580.318,3633.97
580.561,3739.63
580.805,3736.05
581.048,3703.81
581.292,3368.92
581.535,3193.41
581.779,3119.99
582.022,2914.04
582.266,2600.64
582.509,2344.54
582.753,2385.73
582.996,2394.69
583.239,2478.86
583.483,2349.92
583.726,2369.62
583.969,2271.12
584.213,2398.27
584.456,2346.33
584.699,2464.53
584.943,2332.01
585.186,2324.84
585.429,2238.88
585.672,2258.58
585.915,2170.83
586.159,2362.45
586.402,2387.52
586.645,2380.36
586.888,2437.67
587.131,2554.08
587.374,2339.17
587.617,2534.38
587.86,2419.76
588.103,2620.34
588.346,2566.61
588.589,2580.94
588.832,2708.09
589.075,2747.49
589.318,2708.09
589.561,2577.36
589.804,2702.72
590.047,2571.98
590.29,2609.59
590.532,2443.04
590.775,2382.15
591.018,2269.33
591.261,2246.05
591.504,2172.62
591.746,2163.67
591.989,2287.24
592.232,2124.27
592.474,2226.35
592.717,2083.08
592.96,2095.61
593.202,1957.72
593.445,2079.5
593.688,1959.51
593.93,1966.67
594.173,1982.79
594.415,1932.64
594.658,1871.75
594.9,1853.85
595.143,1861.01
595.385,1791.17
595.628,1751.77
595.87,1800.12
596.112,1766.09
596.355,1794.75
596.597,1723.11
596.84,1660.43
597.082,1903.99
597.324,1968.46
597.567,2169.04
597.809,2297.98
598.051,2425.13
598.293,2478.86
598.536,2554.08
598.778,2640.04
599.02,2629.29
599.262,2914.04
599.504,3034.03
599.746,3103.87
599.988,3279.38
600.231,3359.97
600.473,3553.38
600.715,3548.01
600.957,3719.93
601.199,3822.01
601.441,3843.5
601.683,3882.9
601.925,4017.21
602.167,3999.31
602.409,4085.27
602.65,4357.48
602.892,4377.18
603.134,4599.25
603.376,4651.18
603.618,4984.28
603.86,5030.84
604.101,5251.12
604.343,5165.16
604.585,5374.69
604.827,5322.76
605.068,5754.36
605.31,5509.01
605.552,5899.42
605.794,5990.75
606.035,5985.38
606.277,6356.09
606.518,6493.98
606.76,6624.72
607.002,6778.73
607.243,6463.54
607.485,6130.44
607.726,5460.65
607.968,4846.39
608.209,4092.43
608.451,3512.19
608.692,3073.43
608.933,2985.67
609.175,2430.51
609.416,2358.87
609.658,2161.88
609.899,2242.46
610.14,2142.18
610.382,2129.64
610.623,2265.75
610.864,2088.45
611.105,2206.65
611.347,2167.25
611.588,2269.33
611.829,2169.04
612.07,2151.13
612.311,2228.14
612.553,2226.35
612.794,2335.59
613.035,2263.95
613.276,2276.49
613.517,2217.39
613.758,2271.12
613.999,2066.96
614.24,2059.8
614.481,2120.69
614.722,2186.95
614.963,2170.83
615.204,2201.27
615.445,2122.48
615.686,2203.07
615.927,2029.35
616.167,1895.04
616.408,1735.65
616.649,1803.7
616.89,1692.67
617.131,1689.09
617.372,1545.82
617.612,1631.78
617.853,1590.59
618.094,1427.62
618.334,1432.99
618.575,1397.18
618.816,1364.94
619.056,1404.34
619.297,1270.02
619.538,1318.38
619.778,1218.09
620.019,1180.48
620.259,1193.02
620.5,1270.02
620.74,1146.45
620.981,1278.98
621.221,1282.56
621.462,1259.28
621.702,1259.28
621.943,1243.16
622.183,1187.64
622.423,1200.18
622.664,1146.45
622.904,1278.98
623.144,1180.48
623.385,1207.34
623.625,1359.57
623.865,1368.52
624.105,1409.71
624.346,1454.48
624.586,1391.8
624.826,1465.23
625.066,1526.12
625.306,1751.77
625.546,1544.03
625.787,1735.65
626.027,1825.19
626.267,1812.66
626.507,1957.72
626.747,1939.81
626.987,1936.23
627.227,2045.47
627.467,2185.16
627.707,2222.76
627.947,2167.25
628.187,2330.22
628.427,2394.69
628.666,2532.58
628.906,2301.56
629.146,2290.82
629.386,2151.13
629.626,2075.91
629.866,1828.77
630.105,1656.85
630.345,1719.53
630.585,1638.94
630.825,1504.63
631.064,1441.95
631.304,1427.62
631.544,1400.76
631.783,1182.27
632.023,1275.4
632.262,1227.04
632.502,1187.64
632.742,1008.56
632.981,996.02
633.221,1096.31
633.46,1105.26
633.7,1003.18
633.939,1017.51
634.179,1024.67
634.418,1135.71
634.657,1015.72
634.897,1107.05
635.136,1178.69
635.376,1160.78
635.615,1287.93
635.854,1193.02
636.094,1270.02
636.333,1277.19
636.572,1329.12
636.811,1407.92
637.051,1406.13
637.29,1449.11
637.529,1431.2
637.768,1560.14
638.007,1703.41
638.246,1556.56
638.486,1603.12
638.725,1737.44
638.964,1719.53
639.203,1726.69
639.442,1728.49
639.681,1930.85
639.92,1903.99
640.159,1945.18
640.398,1977.42
640.637,1982.79
640.876,2000.7
641.114,1834.15
641.353,1900.41
641.592,1930.85
641.831,1948.76
642.07,1925.48
642.309,1991.74
642.548,2104.57
642.786,2079.5
643.025,2160.08
643.264,2131.43
643.502,2160.08
643.741,2127.85
643.98,2036.51
644.219,1979.21
644.457,2183.37
644.696,2126.06
644.934,2231.72
645.173,2348.13
645.412,2276.49
645.65,2289.03
645.889,2314.1
646.127,2247.84
646.366,2349.92
646.604,2160.08
646.842,2118.89
647.081,2027.56
647.319,2045.47
647.558,1887.87
647.796,1896.83
648.034,1801.91
648.273,1988.16
648.511,1814.45
648.749,1839.52
648.988,1830.56
649.226,1782.21
649.464,1839.52
649.702,1739.23
649.941,1715.95
650.179,1789.37
650.417,1912.94
650.655,1798.33
650.893,1927.27
651.131,2025.77
651.369,1955.93
651.607,1945.18
651.845,1959.51
652.083,1984.58
652.321,2041.89
652.559,2235.3
652.797,2100.99
653.035,2183.37
653.273,2113.52
653.511,2206.65
653.749,2289.03
653.987,2115.31
654.225,2206.65
654.463,2109.94
654.701,2113.52
654.938,2315.89
655.176,2229.93
655.414,2507.51
655.652,2906.88
655.889,2940.9
656.127,2785.1
656.365,2899.71
656.602,2421.55
656.84,2568.4
657.078,2416.18
657.315,2400.06
657.553,2181.57
657.79,2260.37
658.028,2244.26
658.266,2333.8
658.503,2321.26
658.741,2437.67
658.978,2222.76
659.215,2272.91
659.453,2529
659.69,2450.21
659.928,2537.96
660.165,2473.49
660.402,2512.89
660.64,2579.15
660.877,2575.57
661.114,2548.7
661.352,2606.01
661.589,2407.22
661.826,2059.8
662.063,1964.88
662.301,1773.26
662.538,1626.41
662.775,1361.36
663.012,1309.42
663.249,1148.24
663.486,1126.75
663.723,1078.4
663.961,1081.98
664.198,899.31
664.435,954.83
664.672,919.01
664.909,890.36
665.146,874.24
665.383,1069.45
665.619,1008.56
665.856,1012.14
666.093,994.23
666.33,1074.82
666.567,1015.72
666.804,1099.89
667.041,1069.45
667.278,1028.26
667.514,1006.77
667.751,1085.56
667.988,1047.96
668.225,1133.92
668.461,1176.9
668.698,1076.61
668.935,1176.9
669.171,1205.55
669.408,1094.52
669.644,1180.48
669.881,1119.59
670.118,1108.85
670.354,1083.77
670.591,1196.6
670.827,1042.58
671.064,1062.28
671.3,1049.75
671.537,1030.05
671.773,1121.38
672.01,1047.96
672.246,1083.77
672.482,1083.77
672.719,1067.66
672.955,1080.19
673.191,936.92
673.428,1051.54
673.664,972.74
673.9,1010.35
674.136,1067.66
674.373,1081.98
674.609,1013.93
674.845,1171.53
675.081,988.86
675.317,1046.17
675.553,949.46
675.79,1026.47
676.026,1055.12
676.262,1024.67
676.498,963.79
676.734,961.99
676.97,936.92
677.206,879.61
677.442,884.99
677.678,958.41
677.914,825.89
678.15,870.66
678.386,920.8
678.621,879.61
678.857,902.9
679.093,829.47
679.329,700.53
679.565,800.82
679.8,770.37
680.036,677.25
680.272,838.42
680.508,756.04
680.743,881.41
680.979,933.34
681.215,696.95
681.45,834.84
681.686,850.96
681.922,974.53
682.157,915.43
682.393,1004.98
682.628,1087.35
682.864,1110.64
683.099,1107.05
683.335,1139.29
683.57,1126.75
683.806,1185.85
684.041,1207.34
684.277,1155.41
684.512,1003.18
684.747,1194.81
684.983,1062.28
685.218,990.65
685.453,951.25
685.689,974.53
685.924,806.19
686.159,976.32
686.394,807.98
686.63,770.37
686.865,670.08
687.1,704.11
687.335,739.93
687.57,734.55
687.806,564.42
688.041,722.02
688.276,671.87
688.511,650.38
688.746,603.82
688.981,716.65
689.216,627.1
689.451,616.36
689.686,648.59
689.921,582.33
690.156,566.21
690.391,675.46
690.625,530.4
690.86,618.15
691.095,578.75
691.33,655.76
691.565,514.28
691.8,637.85
692.034,564.42
692.269,670.08
692.504,664.71
692.739,702.32
692.973,591.28
693.208,655.76
693.443,575.17
693.677,695.16
693.912,591.28
694.146,664.71
694.381,632.47
694.616,661.13
694.85,698.74
695.085,743.51
695.319,666.5
695.554,714.85
695.788,811.56
696.023,739.93
696.257,791.86
696.491,806.19
696.726,849.17
696.96,865.29
697.194,775.74
697.429,782.91
697.663,757.84
697.897,786.49
698.132,773.95
698.366,761.42
698.6,782.91
698.834,734.55
699.068,773.95
699.303,734.55
699.537,818.72
699.771,915.43
700.005,911.85
700.239,970.95
700.473,890.36
700.707,940.5
700.941,770.37
701.175,696.95
701.409,768.58
701.643,786.49
701.877,793.65
702.111,797.23
702.345,843.8
702.579,815.14
702.813,867.08
703.047,884.99
703.281,883.2
703.514,813.35
703.748,942.29
703.982,806.19
704.216,775.74
704.449,743.51
704.683,729.18
704.917,743.51
705.15,750.67
705.384,671.87
705.618,541.14
705.851,766.79
706.085,730.97
706.319,580.54
706.552,580.54
706.786,646.8
707.019,627.1
707.253,602.03
707.486,508.9
707.72,637.85
707.953,546.51
708.187,560.84
708.42,526.81
708.653,498.16
708.887,551.89
709.12,485.62
709.353,499.95
709.587,467.71
709.82,403.24
710.053,390.71
710.286,372.8
710.52,465.92
710.753,403.24
710.986,507.11
711.219,428.32
711.452,440.85
711.686,401.45
711.919,417.57
712.152,412.2
712.385,451.6
712.618,403.24
712.851,412.2
713.084,417.57
713.317,360.26
713.55,448.02
713.783,413.99
714.016,460.55
714.249,546.51
714.482,424.73
714.714,460.55
714.947,426.52
715.18,417.57
715.413,288.63
715.646,410.41
715.878,464.13
716.111,385.33
716.344,428.32
716.577,413.99
716.809,378.17
717.042,440.85
717.275,437.27
717.507,351.31
717.74,473.09
717.973,401.45
718.205,453.39
718.438,422.94
718.67,286.84
718.903,476.67
719.135,465.92
719.368,528.6
719.6,455.18
719.833,537.56
720.065,535.77
720.297,516.07
720.53,544.72
720.762,614.57
720.995,591.28
721.227,734.55
721.459,713.06
721.691,781.12
721.924,687.99
722.156,797.23
722.388,836.63
722.62,1001.39
722.853,899.31
723.085,895.73
723.317,1119.59
723.549,1117.8
723.781,917.22
724.013,972.74
724.245,1103.47
724.477,1008.56
724.709,1039
724.941,1103.47
725.173,1024.67
725.405,1035.42
725.637,988.86
725.869,974.53
726.101,1021.09
726.333,1006.77
726.565,954.83
726.797,913.64
727.028,856.33
727.26,929.76
727.492,858.12
727.724,908.27
727.956,843.8
728.187,729.18
728.419,756.04
728.651,820.52
728.882,702.32
729.114,698.74
729.346,637.85
729.577,714.85
729.809,571.59
730.04,594.87
730.272,607.4
730.503,670.08
730.735,573.38
730.966,645.01
731.198,559.05
731.429,576.96
731.661,603.82
731.892,594.87
732.124,580.54
732.355,576.96
732.586,661.13
732.818,618.15
733.049,637.85
733.28,630.68
733.512,668.29
733.743,718.44
733.974,757.84
734.205,580.54
734.436,627.1
734.668,679.04
734.899,646.8
735.13,616.36
735.361,702.32
735.592,575.17
735.823,630.68
736.054,722.02
736.285,684.41
736.516,569.79
736.747,632.47
736.978,702.32
737.209,655.76
737.44,607.4
737.671,510.7
737.902,639.64
738.133,548.3
738.364,539.35
738.594,551.89
738.825,453.39
739.056,399.66
739.287,510.7
739.518,492.79
739.748,401.45
739.979,446.22
740.21,419.36
740.44,428.32
740.671,422.94
740.902,372.8
741.132,406.83
741.363,371.01
741.593,440.85
741.824,354.89
742.055,505.32
742.285,358.47
742.516,469.51
742.746,410.41
742.976,464.13
743.207,482.04
743.437,516.07
743.668,388.92
743.898,413.99
744.128,498.16
744.359,575.17
744.589,548.3
744.819,600.24
745.05,594.87
745.28,639.64
745.51,664.71
745.74,653.97
745.971,727.39
746.201,953.04
746.431,765
746.661,899.31
746.891,868.87
747.121,890.36
747.351,906.48
747.581,809.77
747.811,850.96
748.041,750.67
748.271,779.33
748.501,739.93
748.731,734.55
748.961,662.92
749.191,684.41
749.421,716.65
749.651,725.6
749.881,725.6
750.111,575.17
750.34,779.33
750.57,566.21
750.8,610.98
751.03,492.79
751.259,528.6
751.489,505.32
751.719,544.72
751.949,374.59
752.178,440.85
752.408,279.67
752.637,439.06
752.867,526.81
753.097,345.94
753.326,306.54
753.556,397.87
753.785,317.28
754.015,374.59
754.244,378.17
754.474,340.56
754.703,363.84
754.932,428.32
755.162,396.08
755.391,469.51
755.621,532.19
755.85,473.09
756.079,587.7
756.309,571.59
756.538,521.44
756.767,571.59
756.996,562.63
757.225,580.54
757.455,573.38
757.684,709.48
757.913,594.87
758.142,589.49
758.371,713.06
758.6,702.32
758.829,630.68
759.058,684.41
759.287,625.31
759.516,729.18
759.745,691.57
759.974,730.97
760.203,564.42
760.432,689.78
760.661,691.57
760.89,725.6
761.119,662.92
761.348,605.61
761.577,700.53
761.805,542.93
762.034,568
762.263,471.3
762.492,621.73
762.721,526.81
762.949,494.58
763.178,589.49
763.407,569.79
763.635,551.89
763.864,360.26
764.092,415.78
764.321,396.08
764.55,371.01
764.778,344.15
765.007,410.41
765.235,315.49
765.464,263.56
765.692,225.95
765.921,225.95
766.149,299.37
766.377,351.31
766.606,283.26
766.834,288.63
767.062,335.19
767.291,294
767.519,236.69
767.747,277.88
767.976,313.7
768.204,319.07
768.432,251.02
768.66,344.15
768.889,344.15
769.117,347.73
769.345,281.46
769.573,290.42
769.801,344.15
770.029,344.15
770.257,385.33
770.485,342.35
770.713,435.48
770.941,440.85
771.169,344.15
771.397,354.89
771.625,387.13
771.853,419.36
772.081,421.15
772.309,340.56
772.537,331.61
772.765,394.29
772.992,435.48
773.22,405.03
773.448,349.52
773.676,385.33
773.903,340.56
774.131,276.09
774.359,374.59
774.586,290.42
774.814,362.05
775.042,281.46
775.269,324.45
775.497,249.23
775.725,184.76
775.952,474.88
776.18,1008.56
776.407,2974.93
776.635,5369.32
776.862,7783.41
777.09,9042.39
777.317,9366.53
777.544,8752.27
777.772,7083.18
777.999,5353.2
778.227,4210.63
778.454,3551.59
778.681,2965.97
778.908,2557.66
779.136,2100.99
779.363,1852.06
779.59,1432.99
779.817,1089.15
780.045,895.73
780.272,557.26
780.499,503.53
780.726,347.73
780.953,301.16
781.18,294
781.407,204.46
781.634,213.41
781.861,131.03
782.088,157.89
782.315,129.24
782.542,145.36
782.769,168.64
782.996,177.59
783.223,215.2
783.45,336.98
783.677,224.16
783.904,234.9
784.13,254.6
784.357,218.78
784.584,236.69
784.811,209.83
785.038,276.09
785.264,299.37
785.491,295.79
785.718,254.6
785.944,320.86
786.171,410.41
786.398,508.9
786.624,306.54
786.851,331.61
787.077,369.22
787.304,385.33
787.53,387.13
787.757,433.69
787.983,385.33
788.21,410.41
788.436,491
788.663,362.05
788.889,428.32
789.115,440.85
789.342,478.46
789.568,406.83
789.794,442.64
790.021,480.25
790.247,413.99
790.473,401.45
790.699,458.76
790.926,444.43
791.152,365.64
791.378,412.2
791.604,494.58
791.83,394.29
792.056,319.07
792.282,401.45
792.508,410.41
792.735,387.13
792.961,365.64
793.187,367.43
793.413,336.98
793.638,288.63
793.864,276.09
794.09,286.84
794.316,374.59
794.542,401.45
794.768,310.12
794.994,277.88
795.22,329.82
795.445,356.68
795.671,265.35
795.897,313.7
796.123,286.84
796.348,290.42
796.574,258.18
796.8,222.37
797.025,336.98
797.251,294
797.477,259.97
797.702,225.95
797.928,336.98
798.153,301.16
798.379,222.37
798.604,209.83
798.83,206.25
799.055,272.51
799.281,301.16
799.506,197.29
799.732,195.5
799.957,132.82
800.182,236.69
800.408,254.6
800.633,249.23
800.858,184.76
801.084,177.59
801.309,233.11
801.534,156.1
801.759,165.06
801.985,54.02
802.21,136.4
802.435,209.83
802.66,125.66
802.885,114.91
803.11,166.85
803.335,68.35
803.561,88.05
803.786,156.1
804.011,215.2
804.236,95.21
804.461,109.54
804.685,95.21
804.91,161.48
805.135,132.82
805.36,141.78
805.585,66.56
805.81,127.45
806.035,37.91
806.26,174.01
806.484,50.44
806.709,177.59
806.934,64.77
807.159,113.12
807.383,52.23
807.608,100.59
807.833,43.28
808.057,186.55
808.282,57.61
808.507,73.72
808.731,97.01
808.956,104.17
809.18,114.91
809.405,54.02
809.629,95.21
809.854,-8.66
810.078,41.49
810.303,111.33
810.527,98.8
810.751,66.56
810.976,118.5
811.2,150.73
811.425,98.8
811.649,89.84
811.873,131.03
812.097,62.98
812.322,111.33
812.546,165.06
812.77,98.8
812.994,152.52
813.219,57.61
813.443,52.23
813.667,11.04
813.891,75.51
814.115,80.89
814.339,43.28
814.563,34.32
814.787,70.14
815.011,59.4
815.235,127.45
815.459,64.77
815.683,32.53
815.907,64.77
816.131,105.96
816.355,3.88
816.579,86.26
816.802,16.42
817.026,14.63
817.25,86.26
817.474,30.74
817.698,21.79
817.921,105.96
818.145,86.26
818.369,18.21
818.592,184.76
818.816,168.64
819.04,7.46
819.263,39.7
819.487,138.2
819.71,54.02
819.934,73.72
820.158,71.93
820.381,62.98
820.605,177.59
820.828,5.67
821.051,70.14
821.275,36.12
821.498,129.24
821.722,204.46
821.945,104.17
822.168,157.89
822.392,50.44
822.615,208.04
822.838,84.47
823.061,116.7
823.285,39.7
823.508,215.2
823.731,39.7
823.954,82.68
824.177,52.23
824.401,77.31
824.624,125.66
824.847,156.1
825.07,-12.24
825.293,37.91
825.516,68.35
825.739,113.12
825.962,50.44
826.185,113.12
826.408,191.92
826.631,16.42
826.854,82.68
827.077,71.93
827.299,54.02
827.522,11.04
827.745,91.63
827.968,66.56
828.191,97.01
828.413,70.14
828.636,62.98
828.859,193.71
829.082,88.05
829.304,102.38
829.527,172.22
829.75,132.82
829.972,147.15
830.195,105.96
830.417,73.72
830.64,39.7
830.862,138.2
831.085,188.34
831.307,43.28
831.53,2.09
831.752,66.56
831.975,91.63
832.197,113.12
832.42,129.24
832.642,34.32
832.864,98.8
833.087,71.93
833.309,86.26
833.531,54.02
833.753,75.51
833.976,139.99
834.198,25.37
834.42,100.59
834.642,27.16
834.864,62.98
835.086,113.12
835.309,27.16
835.531,157.89
835.753,75.51
835.975,86.26
836.197,68.35
836.419,-21.19
836.641,-6.86
836.863,12.83
837.085,-10.45
837.307,123.87
837.529,14.63
837.75,100.59
837.972,21.79
838.194,5.67
838.416,30.74
838.638,54.02
838.859,82.68
839.081,-6.86
839.303,89.84
839.525,-40.89
839.746,73.72
839.968,12.83
840.19,43.28
840.411,70.14
840.633,-5.07
840.855,20
841.076,89.84
841.298,25.37
841.519,122.08
841.741,73.72
841.962,3.88
842.184,9.25
842.405,70.14
842.626,11.04
842.848,59.4
843.069,55.82
843.291,123.87
843.512,455.18
843.733,1599.54
843.955,3211.32
844.176,4606.41
844.397,5492.89
844.618,5689.88
844.839,5224.26
845.061,4121.08
845.282,3220.28
845.503,2811.96
845.724,2040.1
845.945,1685.5
846.166,1338.08
846.387,1073.03
846.608,922.6
846.829,752.46
847.05,711.27
847.271,619.94
847.492,465.92
847.713,351.31
847.934,258.18
848.155,191.92
848.376,191.92
848.597,118.5
848.818,129.24
849.038,18.21
849.259,11.04
849.48,79.1
849.701,37.91
849.921,97.01
850.142,141.78
850.363,156.1
850.584,18.21
850.804,163.27
851.025,109.54
851.245,100.59
851.466,39.7
851.687,120.29
851.907,-3.28
852.128,109.54
852.348,0.3
852.569,116.7
852.789,25.37
853.009,62.98
853.23,70.14
853.45,18.21
853.671,48.65
853.891,37.91
854.111,-14.03
854.332,28.95
854.552,84.47
854.772,-14.03
854.992,-15.82
855.213,11.04
855.433,0.3
855.653,50.44
855.873,82.68
856.093,-31.94
856.313,95.21
856.533,89.84
856.753,61.19
856.974,-15.82
857.194,77.31
857.414,-30.15
857.634,12.83
857.854,77.31
858.073,82.68
858.293,28.95
858.513,-21.19
858.733,-3.28
858.953,54.02
859.173,98.8
859.393,32.53
859.612,28.95
859.832,-22.98
860.052,123.87
860.272,129.24
860.491,48.65
860.711,-14.03
860.931,104.17
861.15,52.23
861.37,129.24
861.59,86.26
861.809,61.19
862.029,123.87
862.248,9.25
862.468,86.26
862.687,150.73
862.907,131.03
863.126,113.12
863.346,105.96
863.565,64.77
863.785,104.17
864.004,120.29
864.223,179.39
864.443,82.68
864.662,136.4
864.881,163.27
865.1,150.73
865.32,157.89
865.539,52.23
865.758,161.48
865.977,197.29
866.196,86.26
866.416,118.5
866.635,120.29
866.854,174.01
867.073,102.38
867.292,111.33
867.511,174.01
867.73,157.89
867.949,256.39
868.168,134.61
868.387,202.67
868.606,209.83
868.825,179.39
869.044,157.89
869.262,179.39
869.481,34.32
869.7,148.94
869.919,175.8
870.138,100.59
870.356,132.82
870.575,168.64
870.794,147.15
871.013,102.38
871.231,50.44
871.45,109.54
871.668,174.01
871.887,170.43
872.106,88.05
872.324,143.57
872.543,116.7
872.761,102.38
872.98,89.84
873.198,123.87
873.417,89.84
873.635,84.47
873.854,123.87
874.072,52.23
874.29,163.27
874.509,20
874.727,-24.77
874.945,48.65
875.164,9.25
875.382,107.75
875.6,32.53
875.818,62.98
876.037,89.84
876.255,91.63
876.473,193.71
876.691,62.98
876.909,57.61
877.127,9.25
877.345,104.17
877.563,50.44
877.781,54.02
877.999,71.93
878.217,70.14
878.435,-5.07
878.653,100.59
878.871,70.14
879.089,0.3
879.307,111.33
879.525,27.16
879.743,57.61
879.96,68.35
880.178,-10.45
880.396,88.05
880.614,25.37
880.832,18.21
881.049,73.72
881.267,84.47
881.485,16.42
881.702,20
881.92,45.07
882.137,95.21
882.355,143.57
882.573,70.14
882.79,32.53
883.008,84.47
883.225,34.32
883.443,43.28
883.66,64.77
883.877,138.2
884.095,32.53
884.312,-6.86
884.53,114.91
884.747,79.1
884.964,45.07
885.182,145.36
885.399,57.61
885.616,-6.86
885.833,14.63
886.051,45.07
886.268,70.14
886.485,61.19
886.702,82.68
886.919,0.3
887.136,34.32
887.353,46.86
887.57,77.31
887.788,48.65
888.005,150.73
888.222,46.86
888.439,27.16
888.655,97.01
888.872,61.19
889.089,71.93
889.306,102.38
889.523,46.86
889.74,80.89
889.957,52.23
890.174,28.95
890.39,123.87
890.607,80.89
890.824,9.25
891.041,20
891.257,61.19
891.474,20
891.691,-65.96
891.907,2.09
892.124,50.44
892.34,91.63
892.557,86.26
892.774,39.7
892.99,73.72
893.207,79.1
893.423,-31.94
893.64,64.77
893.856,-15.82
894.072,34.32
894.289,-14.03
894.505,9.25
894.722,-49.85
894.938,-10.45
895.154,-42.68
895.37,7.46
895.587,-33.73
895.803,18.21
896.019,34.32
896.235,54.02
896.452,-85.66
896.668,34.32
896.884,20
897.1,-64.17
897.316,16.42
897.532,11.04
897.748,32.53
897.964,71.93
898.18,-35.52
898.396,-40.89
898.612,20
898.828,-26.56
899.044,-14.03
899.26,25.37
899.476,-22.98
899.692,11.04
899.908,-40.89
900.123,-14.03
900.339,-8.66
900.555,61.19
900.771,12.83
900.986,-51.64
901.202,-74.92
901.418,64.77
901.633,59.4
901.849,21.79
902.065,18.21
902.28,123.87
902.496,-3.28
902.711,37.91
902.927,18.21
903.143,-22.98
903.358,-73.13
903.573,-12.24
903.789,30.74
904.004,-112.53
904.22,-39.1
904.435,-110.74
904.651,-8.66
904.866,-73.13
905.081,-76.71
905.296,-37.31
905.512,-1.49
905.727,-49.85
905.942,7.46
906.157,-22.98
906.373,25.37
906.588,46.86
906.803,61.19
907.018,-35.52
907.233,82.68
907.448,12.83
907.663,-8.66
907.878,2.09
908.093,25.37
908.308,-30.15
908.523,-46.26
908.738,68.35
908.953,5.67
909.168,20
909.383,39.7
909.598,-12.24
909.813,27.16
910.027,21.79
910.242,28.95
910.457,-19.4
910.672,-8.66
910.887,-21.19
911.101,32.53
911.316,46.86
911.531,-83.87
911.745,-39.1
911.96,-6.86
912.174,-19.4
912.389,-58.8
912.604,55.82
912.818,2.09
913.033,43.28
913.247,-15.82
913.462,-6.86
913.676,-49.85
913.89,-48.05
914.105,-49.85
914.319,-10.45
914.534,28.95
914.748,39.7
914.962,-12.24
915.177,25.37
915.391,-1.49
915.605,-21.19
915.819,-123.27
916.034,138.2
916.248,80.89
916.462,14.63
916.676,-46.26
916.89,-6.86
917.104,-55.22
917.318,5.67
917.532,36.12
917.746,84.47
917.96,-57.01
918.174,-5.07
918.388,0.3
918.602,-3.28
918.816,-35.52
919.03,-10.45
919.244,102.38
919.458,-39.1
919.672,-15.82
919.886,11.04
920.099,59.4
920.313,2.09
920.527,-98.2
920.741,-10.45
920.954,37.91
921.168,20
921.382,-1.49
921.595,-19.4
921.809,-26.56
922.023,-19.4
922.236,-71.34
922.45,-46.26
922.663,5.67
922.877,37.91
923.09,-15.82
923.304,-74.92
923.517,-12.24
923.731,-31.94
923.944,-94.62
924.157,-24.77
924.371,23.58
924.584,-22.98
924.797,-15.82
925.011,-39.1
925.224,5.67
925.437,27.16
925.65,57.61
925.864,139.99
926.077,88.05
926.29,93.42
926.503,61.19
926.716,132.82
926.929,95.21
927.142,-1.49
927.355,68.35
927.568,16.42
927.781,66.56
927.994,-33.73
928.207,36.12
928.42,2.09
928.633,59.4
928.846,-44.47
929.059,-15.82
929.272,-21.19
929.485,-19.4
929.697,-22.98
929.91,36.12
930.123,-64.17
930.336,-53.43
930.549,59.4
930.761,-139.39
930.974,36.12
931.187,7.46
931.399,41.49
931.612,-33.73
931.824,-55.22
932.037,-28.36
932.249,-14.03
932.462,-24.77
932.675,41.49
932.887,-40.89
933.099,0.3
933.312,-85.66
933.524,-73.13
933.737,-24.77
933.949,2.09
934.161,-67.75
934.374,-42.68
934.586,-14.03
934.798,66.56
935.011,-33.73
935.223,59.4
935.435,-17.61
935.647,-125.06
935.859,-55.22
936.072,-55.22
936.284,-5.07
936.496,-62.38
936.708,34.32
936.92,-83.87
937.132,-8.66
937.344,-30.15
937.556,-40.89
937.768,32.53
937.98,-65.96
938.192,54.02
938.404,39.7
938.616,-48.05
938.828,-26.56
939.039,68.35
939.251,-40.89
939.463,-58.8
939.675,88.05
939.887,30.74
940.098,-73.13
940.31,-44.47
940.522,-35.52
940.733,-58.8
940.945,-73.13
941.157,14.63
941.368,18.21
941.58,36.12
941.791,-74.92
942.003,-21.19
942.214,-21.19
942.426,-119.69
942.637,-6.86
942.849,-37.31
943.06,-42.68
943.272,-24.77
943.483,-30.15
943.694,-35.52
943.906,-92.83
944.117,32.53
944.328,-8.66
944.54,-28.36
944.751,57.61
944.962,-89.24
945.173,16.42
945.384,-14.03
945.596,-28.36
945.807,14.63
946.018,16.42
946.229,-65.96
946.44,-96.41
946.651,-39.1
946.862,-57.01
947.073,27.16
947.284,-78.5
947.495,-30.15
947.706,-33.73
947.917,25.37
948.128,21.79
948.339,-42.68
948.549,-60.59
948.76,-5.07
948.971,20
949.182,43.28
949.393,-46.26
949.603,-91.04
949.814,-119.69
950.025,7.46
950.235,-74.92
950.446,-48.05
950.657,23.58
950.867,-166.25
951.078,-46.26
951.288,-65.96
951.499,-37.31
951.709,-5.07
951.92,-96.41
952.13,-8.66
952.341,-60.59
952.551,-39.1
952.762,-51.64
952.972,16.42
953.182,-42.68
953.393,2.09
953.603,-65.96
953.813,-17.61
954.024,-1.49
954.234,-17.61
954.444,-12.24
954.654,25.37
954.865,-116.11
955.075,57.61
955.285,73.72
955.495,-40.89
955.705,-80.29
955.915,25.37
956.125,14.63
956.335,34.32
956.545,-26.56
956.755,-6.86
956.965,-22.98
957.175,-28.36
957.385,-92.83
957.595,-37.31
957.805,46.86
958.015,-31.94
958.224,-60.59
958.434,11.04
958.644,-31.94
958.854,2.09
959.064,41.49
959.273,9.25
959.483,-33.73
959.693,-33.73
959.902,-58.8
960.112,-39.1
960.322,27.16
960.531,-73.13
960.741,-26.56
960.95,-28.36
961.16,-44.47
961.369,14.63
961.579,0.3
961.788,-69.55
961.998,-64.17
962.207,-6.86
962.416,-103.57
962.626,-103.57
962.835,-33.73
963.044,-14.03
963.254,21.79
963.463,12.83
963.672,-62.38
963.881,-15.82
964.091,57.61
964.3,-74.92
964.509,-10.45
964.718,-51.64
964.927,11.04
965.136,28.95
965.345,5.67
965.554,-87.45
965.763,-57.01
965.972,80.89
966.181,0.3
966.39,11.04
966.599,43.28
966.808,0.3
967.017,-30.15
967.226,-60.59
967.435,-119.69
967.644,3.88
967.852,118.5
968.061,61.19
968.27,45.07
968.479,-101.78
968.687,34.32
968.896,27.16
969.105,-55.22
969.313,-58.8
969.522,-42.68
969.731,-3.28
969.939,-85.66
970.148,30.74
970.356,43.28
970.565,-10.45
970.773,-30.15
970.982,3.88
971.19,-105.36
971.399,-35.52
971.607,2.09
971.815,-3.28
972.024,16.42
972.232,23.58
972.44,-121.48
972.649,-15.82
972.857,12.83
973.065,-48.05
973.273,-55.22
973.482,-24.77
973.69,-39.1
973.898,-85.66
974.106,5.67
974.314,-58.8
974.522,27.16
974.73,-76.71
974.938,-46.26
975.146,-3.28
975.354,-10.45
975.562,39.7
975.77,-159.09
975.978,-37.31
976.186,-30.15
976.394,-8.66
976.602,30.74
976.81,-21.19
977.018,-60.59
977.225,-39.1
977.433,75.51
977.641,2.09
977.849,32.53
978.056,-98.2
978.264,-22.98
978.472,-55.22
978.679,2.09
978.887,23.58
979.094,-58.8
979.302,-31.94
979.51,-91.04
979.717,-83.87
979.925,-37.31
980.132,-28.36
980.339,-40.89
980.547,-5.07
980.754,-40.89
980.962,-6.86
981.169,-3.28
981.376,-22.98
981.584,-40.89
981.791,5.67
981.998,-24.77
982.206,-51.64
982.413,43.28
982.62,-15.82
982.827,-96.41
983.034,20
983.242,-92.83
983.449,-60.59
983.656,-139.39
983.863,27.16
984.07,-21.19
984.277,18.21
984.484,-134.02
984.691,-19.4
984.898,-107.15
985.105,-17.61
985.312,-119.69
985.519,-105.36
985.725,-73.13
985.932,-3.28
986.139,-48.05
986.346,16.42
986.553,-5.07
986.759,-168.04
986.966,98.8
987.173,-55.22
987.38,-26.56
987.586,-37.31
987.793,-8.66
988,-114.32
988.206,-112.53
988.413,34.32
988.619,-31.94
988.826,-28.36
989.032,25.37
989.239,9.25
989.445,-24.77
989.652,-30.15
989.858,-28.36
990.064,-5.07
990.271,-69.55
990.477,5.67
990.684,-6.86
990.89,75.51
991.096,62.98
991.302,-22.98
991.509,-110.74
991.715,-49.85
991.921,-22.98
992.127,-14.03
992.333,-53.43
992.539,-48.05
992.746,-10.45
992.952,-85.66
993.158,-53.43
993.364,-5.07
993.57,-69.55
993.776,-87.45
993.982,32.53
994.188,2.09
994.394,-48.05
994.599,-51.64
994.805,-74.92
995.011,-15.82
995.217,16.42
995.423,-37.31
995.629,-28.36
995.834,-1.49
996.04,-28.36
996.246,-58.8
996.452,-57.01
996.657,-10.45
996.863,-153.72
997.068,-39.1
997.274,-53.43
997.48,18.21
997.685,27.16
997.891,-44.47
998.096,9.25
998.302,16.42
998.507,-44.47
998.713,79.1
998.918,32.53
999.123,-91.04
999.329,-58.8
999.534,-46.26
999.74,-132.23
999.945,9.25
1000.15,-44.47
1000.355,-89.24
1000.561,27.16
1000.766,-51.64
1000.971,-44.47
1001.176,-89.24
1001.381,2.09
1001.586,-160.88
1001.792,-49.85
1001.997,14.63
1002.202,-19.4
1002.407,-83.87
1002.612,5.67
1002.817,-96.41
1003.022,-42.68
1003.227,-105.36
1003.432,12.83
1003.637,-60.59
1003.841,-37.31
1004.046,-57.01
1004.251,-73.13
1004.456,-24.77
1004.661,-40.89
1004.865,-150.13
1005.07,-53.43
1005.275,86.26
1005.48,-33.73
1005.684,-26.56
1005.889,3.88
1006.094,23.58
1006.298,25.37
1006.503,30.74
1006.707,5.67
1006.912,9.25
1007.116,-44.47
1007.321,-166.25
1007.525,95.21
1007.73,-17.61
1007.934,-55.22
1008.139,-74.92
1008.343,-24.77
1008.547,-108.94
1008.752,-98.2
1008.956,9.25
1009.16,2.09
1009.364,-123.27
1009.569,7.46
1009.773,-5.07
1009.977,30.74
1010.181,27.16
1010.385,-74.92
1010.589,-99.99
1010.794,-8.66
1010.998,5.67
1011.202,18.21
1011.406,-15.82
1011.61,-53.43
1011.814,-78.5
1012.018,-85.66
1012.222,-69.55
1012.426,-46.26
1012.629,-22.98
1012.833,-35.52
1013.037,-10.45
1013.241,-22.98
1013.445,12.83
1013.649,-96.41
1013.852,32.53
1014.056,-48.05
1014.26,-107.15
1014.463,-110.74
1014.667,-51.64
1014.871,-51.64
1015.074,-48.05
1015.278,21.79
1015.482,-19.4
1015.685,-10.45
1015.889,-42.68
1016.092,-33.73
1016.296,-53.43
1016.499,-1.49
1016.703,-73.13
1016.906,-31.94
1017.109,-44.47
1017.313,-98.2
1017.516,21.79
1017.719,-114.32
1017.923,-22.98
1018.126,-35.52
1018.329,-76.71
1018.532,-53.43
1018.736,-24.77
1018.939,0.3
1019.142,32.53
1019.345,-8.66
1019.548,-51.64
1019.751,-65.96
1019.954,-3.28
1020.157,-22.98
1020.361,-99.99
1020.564,-28.36
1020.766,-114.32
1020.969,12.83
1021.172,-60.59
1021.375,-71.34
1021.578,-28.36
1021.781,-3.28
1021.984,-46.26
1022.187,62.98
1022.389,-39.1
1022.592,-21.19
1022.795,-76.71
1022.998,-69.55
1023.2,25.37
1023.403,-40.89
1023.606,-28.36
1023.808,-5.07
1024.011,20
1024.214,-105.36
1024.416,-12.24
1024.619,-35.52
1024.821,-116.11
1025.024,-3.28
1025.226,-1.49
1025.429,-108.94
1025.631,46.86
1025.833,-71.34
1026.036,20
1026.238,-14.03
1026.441,-89.24
1026.643,-44.47
1026.845,-85.66
1027.047,-17.61
1027.25,-103.57
1027.452,-30.15
1027.654,25.37
1027.856,-57.01
1028.058,-40.89
1028.261,-80.29
1028.463,-46.26
1028.665,-105.36
1028.867,-85.66
1029.069,-8.66
1029.271,-17.61
1029.473,-30.15
1029.675,-30.15
1029.877,-135.81
1030.079,-85.66
1030.281,-101.78
1030.482,-35.52
1030.684,-103.57
1030.886,25.37
1031.088,-64.17
1031.29,-6.86
1031.491,-35.52
1031.693,-19.4
1031.895,12.83
1032.097,-14.03
1032.298,-82.08
1032.5,-24.77
1032.701,-98.2
1032.903,-46.26
1033.105,-71.34
1033.306,27.16
1033.508,9.25
1033.709,-1.49
1033.911,-30.15
1034.112,21.79
1034.314,-17.61
1034.515,-22.98
1034.716,-64.17
1034.918,-78.5
1035.119,-82.08
1035.32,-55.22
1035.522,-85.66
1035.723,-17.61
1035.924,-24.77
1036.125,-91.04
1036.327,-15.82
1036.528,-42.68
1036.729,-80.29
1036.93,9.25
1037.131,-98.2
1037.332,43.28
1037.533,-10.45
1037.734,-24.77
1037.935,-44.47
1038.136,-58.8
1038.337,-14.03
1038.538,-83.87
1038.739,-26.56
1038.94,-64.17
1039.141,-35.52
1039.342,-60.59
1039.543,-83.87
1039.744,-26.56
1039.944,-42.68
1040.145,-14.03
1040.346,-80.29
1040.547,-26.56
1040.747,-55.22
1040.948,32.53
1041.149,-60.59
1041.349,61.19
1041.55,-26.56
1041.75,-8.66
1041.951,-94.62
1042.152,-37.31
1042.352,-37.31
1042.553,-40.89
1042.753,-96.41
1042.953,-46.26
1043.154,-53.43
1043.354,-14.03
1043.555,-19.4
1043.755,-44.47
1043.955,-112.53
1044.156,-48.05
1044.356,-67.75
1044.556,-12.24
1044.756,-74.92
1044.957,-48.05
1045.157,-126.85
1045.357,-76.71
1045.557,-15.82
1045.757,-30.15
1045.957,-73.13
1046.157,-126.85
1046.357,-98.2
1046.557,-39.1
1046.757,-99.99
1046.957,-24.77
1047.157,16.42
1047.357,-48.05
1047.557,-1.49
1047.757,-39.1
1047.957,-80.29
1048.157,-33.73
1048.356,-105.36
1048.556,-42.68
1048.756,-119.69
1048.956,-64.17
1049.156,-101.78
1049.355,-8.66
1049.555,14.63
1049.755,-73.13
1049.954,-110.74
1050.154,-17.61
1050.353,-24.77
1050.553,-24.77
1050.752,-146.55
1050.952,45.07
1051.151,-76.71
1051.351,12.83
1051.55,-73.13
1051.75,-83.87
1051.949,-83.87
1052.148,98.8
1052.348,-31.94
1052.547,-10.45
1052.746,-37.31
1052.946,-8.66
1053.145,-42.68
1053.344,80.89
1053.543,-37.31
1053.743,-17.61
1053.942,-85.66
1054.141,28.95
1054.34,-105.36
1054.539,-117.9
1054.738,2.09
1054.937,-6.86
1055.136,-78.5
1055.335,-51.64
1055.534,-51.64
1055.733,-112.53
1055.932,-112.53
1056.131,-112.53
