194.216,-182.82
194.484,-182.82
194.753,-182.82
195.022,-155.95
195.29,30.3
195.559,98.35
195.827,15.97
196.096,80.44
196.364,-23.43
196.633,30.3
196.901,-104.02
197.17,-23.43
197.438,-16.27
197.706,14.18
197.975,8.81
198.243,-19.85
198.512,-61.04
198.78,50
199.048,-46.71
199.317,1.64
199.585,94.77
199.853,62.53
200.122,46.41
200.39,19.55
200.658,-66.41
200.926,48.2
201.195,42.83
201.463,-12.69
201.731,7.01
201.999,-21.64
202.267,14.18
202.536,107.3
202.804,105.51
203.072,-0.15
203.34,39.25
203.608,17.76
203.876,-3.73
204.144,17.76
204.412,-68.2
204.68,1.64
204.948,-37.76
205.216,-52.08
205.484,-5.52
205.752,-48.5
206.02,26.71
206.288,10.6
206.556,-50.29
206.824,101.93
207.092,-1.94
207.36,82.23
207.628,5.22
207.896,-21.64
208.164,23.13
208.431,-0.15
208.699,-23.43
208.967,-7.31
209.235,67.9
209.503,73.28
209.77,-3.73
210.038,-35.97
210.306,-28.8
210.573,55.37
210.841,51.79
211.109,-12.69
211.377,-7.31
211.644,53.58
211.912,-50.29
212.179,76.86
212.447,-27.01
212.715,-18.06
212.982,137.75
213.25,89.39
213.517,-32.38
213.785,19.55
214.052,19.55
214.32,5.22
214.587,19.55
214.855,8.81
215.122,-25.22
215.39,60.74
215.657,-61.04
215.925,-3.73
216.192,-27.01
216.459,51.79
216.727,51.79
216.994,30.3
217.261,-23.43
217.529,48.2
217.796,130.58
218.063,119.84
218.331,162.82
218.598,32.09
218.865,46.41
219.132,76.86
219.399,14.18
219.667,3.43
219.934,37.46
220.201,37.46
220.468,-50.29
220.735,-10.89
221.002,73.28
221.27,37.46
221.537,12.39
221.804,14.18
222.071,-37.76
222.338,84.02
222.605,55.37
222.872,50
223.139,-10.89
223.406,60.74
223.673,-7.31
223.94,42.83
224.207,35.67
224.474,12.39
224.741,51.79
225.007,-0.15
225.274,10.6
225.541,50
225.808,-39.55
226.075,30.3
226.342,-3.73
226.609,-23.43
226.875,28.5
227.142,-5.52
227.409,-12.69
227.676,30.3
227.942,39.25
228.209,-43.13
228.476,26.71
228.742,-66.41
229.009,8.81
229.276,51.79
229.542,64.32
229.809,32.09
230.076,46.41
230.342,-1.94
230.609,8.81
230.875,50
231.142,30.3
231.408,30.3
231.675,39.25
231.941,98.35
232.208,-18.06
232.474,94.77
232.741,-34.18
233.007,-37.76
233.274,53.58
233.54,44.62
233.807,5.22
234.073,37.46
234.339,-46.71
234.606,51.79
234.872,8.81
235.138,60.74
235.405,33.88
235.671,105.51
235.937,-1.94
236.203,33.88
236.47,41.04
236.736,-10.89
237.002,-46.71
237.268,-7.31
237.535,17.76
237.801,32.09
238.067,-9.1
238.333,48.2
238.599,17.76
238.865,30.3
239.131,19.55
239.397,100.14
239.663,-21.64
239.929,41.04
240.195,62.53
240.462,103.72
240.728,50
240.993,-0.15
241.259,67.9
241.525,118.05
241.791,-19.85
242.057,64.32
242.323,-0.15
242.589,-55.67
242.855,15.97
243.121,-9.1
243.387,57.16
243.652,7.01
243.918,-44.92
244.184,-84.32
244.45,-28.8
244.716,39.25
244.981,-43.13
245.247,17.76
245.513,-5.52
245.779,71.49
246.044,91.18
246.31,46.41
246.576,33.88
246.841,33.88
247.107,35.67
247.373,-10.89
247.638,159.24
247.904,110.88
248.169,-53.88
248.435,-0.15
248.7,-12.69
248.966,-23.43
249.231,1.64
249.497,1.64
249.762,114.47
250.028,23.13
250.293,-21.64
250.559,15.97
250.824,-34.18
251.09,89.39
251.355,12.39
251.62,-35.97
251.886,-91.48
252.151,26.71
252.416,-30.59
252.682,57.16
252.947,82.23
253.212,23.13
253.477,67.9
253.743,96.56
254.008,114.47
254.273,-34.18
254.538,26.71
254.804,-48.5
255.069,51.79
255.334,-28.8
255.599,26.71
255.864,-35.97
256.129,-34.18
256.394,87.6
256.659,-7.31
256.925,-39.55
257.19,17.76
257.455,51.79
257.72,-59.25
257.985,28.5
258.25,112.68
258.515,66.11
258.78,51.79
259.044,17.76
259.309,-39.55
259.574,35.67
259.839,58.95
260.104,48.2
260.369,1.64
260.634,-69.99
260.899,50
261.163,12.39
261.428,39.25
261.693,-41.34
261.958,-5.52
262.223,-18.06
262.487,42.83
262.752,98.35
263.017,19.55
263.281,144.91
263.546,-34.18
263.811,82.23
264.075,24.92
264.34,-18.06
264.605,-69.99
264.869,109.09
265.134,-44.92
265.398,51.79
265.663,33.88
265.927,30.3
266.192,-112.97
266.457,-0.15
266.721,55.37
266.985,-68.2
267.25,-37.76
267.514,37.46
267.779,17.76
268.043,71.49
268.308,15.97
268.572,24.92
268.836,-27.01
269.101,44.62
269.365,53.58
269.629,66.11
269.894,91.18
270.158,105.51
270.422,12.39
270.687,5.22
270.951,30.3
271.215,64.32
271.479,-18.06
271.743,-89.69
272.008,-43.13
272.272,33.88
272.536,10.6
272.8,76.86
273.064,12.39
273.328,17.76
273.592,28.5
273.856,69.69
274.12,-21.64
274.385,-21.64
274.649,-77.16
274.913,-0.15
275.177,7.01
275.441,-14.48
275.704,46.41
275.968,87.6
276.232,10.6
276.496,-0.15
276.76,-25.22
277.024,55.37
277.288,-41.34
277.552,33.88
277.816,-64.62
278.079,80.44
278.343,7.01
278.607,12.39
278.871,50
279.135,35.67
279.398,-16.27
279.662,128.79
279.926,-3.73
280.189,85.81
280.453,10.6
280.717,78.65
280.98,-0.15
281.244,1.64
281.508,39.25
281.771,30.3
282.035,53.58
282.298,39.25
282.562,33.88
282.826,37.46
283.089,-27.01
283.353,1.64
283.616,-37.76
283.88,-0.15
284.143,33.88
284.407,-80.74
284.67,-34.18
284.933,85.81
285.197,-71.78
285.46,21.34
285.724,-18.06
285.987,76.86
286.25,46.41
286.514,32.09
286.777,-21.64
287.04,-37.76
287.303,60.74
287.567,-55.67
287.83,62.53
288.093,57.16
288.356,-46.71
288.62,19.55
288.883,26.71
289.146,24.92
289.409,24.92
289.672,-77.16
289.935,46.41
290.198,14.18
290.461,94.77
290.725,33.88
290.988,-44.92
291.251,15.97
291.514,24.92
291.777,41.04
292.04,10.6
292.303,-14.48
292.566,5.22
292.829,37.46
293.091,85.81
293.354,116.26
293.617,57.16
293.88,24.92
294.143,19.55
294.406,42.83
294.669,19.55
294.932,57.16
295.194,-69.99
295.457,110.88
295.72,-21.64
295.983,89.39
296.245,-43.13
296.508,23.13
296.771,-23.43
297.034,14.18
297.296,-12.69
297.559,42.83
297.822,-1.94
298.084,46.41
298.347,-86.11
298.609,91.18
298.872,-28.8
299.135,24.92
299.397,-27.01
299.66,60.74
299.922,46.41
300.185,42.83
300.447,15.97
300.71,141.33
300.972,8.81
301.235,-34.18
301.497,-50.29
301.759,-16.27
302.022,60.74
302.284,1.64
302.546,130.58
302.809,7.01
303.071,42.83
303.333,-73.57
303.596,-37.76
303.858,5.22
304.12,-28.8
304.383,7.01
304.645,-25.22
304.907,110.88
305.169,-75.37
305.431,125.21
305.694,-21.64
305.956,94.77
306.218,-30.59
306.48,-12.69
306.742,44.62
307.004,-21.64
307.266,69.69
307.528,39.25
307.79,98.35
308.052,44.62
308.314,-61.04
308.576,75.07
308.838,-27.01
309.1,39.25
309.362,-9.1
309.624,48.2
309.886,-16.27
310.148,69.69
310.41,15.97
310.672,75.07
310.934,60.74
311.196,7.01
311.457,-3.73
311.719,-9.1
311.981,23.13
312.243,73.28
312.504,-57.46
312.766,26.71
313.028,10.6
313.29,55.37
313.551,-44.92
313.813,-25.22
314.075,-35.97
314.336,37.46
314.598,-28.8
314.86,-0.15
315.121,37.46
315.383,46.41
315.644,1.64
315.906,-35.97
316.167,32.09
316.429,-34.18
316.69,-34.18
316.952,-62.83
317.213,42.83
317.475,87.6
317.736,15.97
317.998,-16.27
318.259,84.02
318.521,196.85
318.782,41.04
319.043,55.37
319.305,-21.64
319.566,100.14
319.827,-9.1
320.089,-18.06
320.35,39.25
320.611,35.67
320.872,-43.13
321.134,39.25
321.395,30.3
321.656,8.81
321.917,-35.97
322.178,-50.29
322.44,8.81
322.701,-23.43
322.962,94.77
323.223,7.01
323.484,-7.31
323.745,-1.94
324.006,-25.22
324.267,55.37
324.528,50
324.789,-14.48
325.05,-46.71
325.311,5.22
325.572,92.98
325.833,-18.06
326.094,-32.38
326.355,-66.41
326.616,-68.2
326.877,-0.15
327.138,58.95
327.398,37.46
327.659,118.05
327.92,-48.5
328.181,-57.46
328.442,105.51
328.702,23.13
328.963,1.64
329.224,5.22
329.485,-10.89
329.745,-53.88
330.006,12.39
330.267,-16.27
330.527,-39.55
330.788,15.97
331.049,62.53
331.309,-43.13
331.57,-0.15
331.83,8.81
332.091,-87.9
332.351,-43.13
332.612,24.92
332.873,-18.06
333.133,48.2
333.393,32.09
333.654,50
333.914,44.62
334.175,73.28
334.435,57.16
334.696,15.97
334.956,-28.8
335.216,-30.59
335.477,-23.43
335.737,35.67
335.997,-27.01
336.258,21.34
336.518,-25.22
336.778,35.67
337.038,-10.89
337.299,80.44
337.559,75.07
337.819,5.22
338.079,-28.8
338.34,12.39
338.6,-5.52
338.86,26.71
339.12,42.83
339.38,24.92
339.64,-10.89
339.9,62.53
340.16,57.16
340.42,42.83
340.68,-27.01
340.94,-102.23
341.2,-32.38
341.46,-0.15
341.72,-3.73
341.98,19.55
342.24,-3.73
342.5,30.3
342.76,-96.86
343.02,69.69
343.28,32.09
343.54,66.11
343.799,73.28
344.059,37.46
344.319,60.74
344.579,177.15
344.839,33.88
345.098,-23.43
345.358,15.97
345.618,19.55
345.878,-10.89
346.137,24.92
346.397,75.07
346.657,98.35
346.916,24.92
347.176,30.3
347.435,15.97
347.695,37.46
347.955,3.43
348.214,-52.08
348.474,-34.18
348.733,-5.52
348.993,33.88
349.252,55.37
349.512,132.37
349.771,-30.59
350.031,84.02
350.29,39.25
350.549,-18.06
350.809,30.3
351.068,-10.89
351.328,128.79
351.587,80.44
351.846,-1.94
352.106,-19.85
352.365,-19.85
352.624,21.34
352.883,69.69
353.143,17.76
353.402,84.02
353.661,76.86
353.92,67.9
354.179,21.34
354.439,62.53
354.698,-14.48
354.957,-3.73
355.216,33.88
355.475,-100.44
355.734,-14.48
355.993,35.67
356.252,-77.16
356.511,32.09
356.77,28.5
357.029,75.07
357.288,-35.97
357.547,-41.34
357.806,44.62
358.065,-50.29
358.324,33.88
358.583,53.58
358.842,-109.39
359.101,-16.27
359.36,-7.31
359.619,-0.15
359.877,26.71
360.136,35.67
360.395,-39.55
360.654,-3.73
360.913,14.18
361.171,-14.48
361.43,-25.22
361.689,-73.57
361.947,-12.69
362.206,46.41
362.465,-0.15
362.723,-44.92
362.982,-18.06
363.241,15.97
363.499,-9.1
363.758,28.5
364.016,-10.89
364.275,-30.59
364.533,5.22
364.792,28.5
365.05,89.39
365.309,-1.94
365.567,107.3
365.826,-7.31
366.084,-61.04
366.343,-12.69
366.601,21.34
366.86,53.58
367.118,21.34
367.376,12.39
367.635,1.64
367.893,7.01
368.151,-73.57
368.409,24.92
368.668,35.67
368.926,-12.69
369.184,-14.48
369.442,75.07
369.701,41.04
369.959,7.01
370.217,-30.59
370.475,-25.22
370.733,-5.52
370.991,21.34
371.25,-50.29
371.508,-25.22
371.766,15.97
372.024,-5.52
372.282,-71.78
372.54,42.83
372.798,37.46
373.056,5.22
373.314,-44.92
373.572,64.32
373.83,-21.64
374.088,5.22
374.345,7.01
374.603,153.87
374.861,-46.71
375.119,24.92
375.377,10.6
375.635,35.67
375.893,37.46
376.15,15.97
376.408,8.81
376.666,55.37
376.924,60.74
377.181,33.88
377.439,-12.69
377.697,44.62
377.954,32.09
378.212,30.3
378.47,28.5
378.727,19.55
378.985,-1.94
379.243,66.11
379.5,-95.07
379.758,121.63
380.015,7.01
380.273,-25.22
380.53,-19.85
380.788,53.58
381.045,42.83
381.303,3.43
381.56,-16.27
381.818,5.22
382.075,-55.67
382.332,24.92
382.59,41.04
382.847,10.6
383.105,110.88
383.362,76.86
383.619,8.81
383.876,7.01
384.134,8.81
384.391,-34.18
384.648,10.6
384.905,-19.85
385.163,42.83
385.42,62.53
385.677,51.79
385.934,144.91
386.191,-48.5
386.449,-39.55
386.706,-46.71
386.963,-59.25
387.22,37.46
387.477,26.71
387.734,48.2
387.991,109.09
388.248,-14.48
388.505,-37.76
388.762,-0.15
389.019,14.18
389.276,12.39
389.533,-25.22
389.79,60.74
390.047,42.83
390.304,46.41
390.56,-57.46
390.817,37.46
391.074,-27.01
391.331,-0.15
391.588,15.97
391.844,96.56
392.101,5.22
392.358,-9.1
392.615,103.72
392.871,-44.92
393.128,-19.85
393.385,-43.13
393.641,64.32
393.898,12.39
394.155,-14.48
394.411,-34.18
394.668,71.49
394.925,92.98
395.181,-10.89
395.438,-25.22
395.694,19.55
395.951,42.83
396.207,82.23
396.464,-48.5
396.72,-30.59
396.977,14.18
397.233,92.98
397.489,-59.25
397.746,19.55
398.002,-32.38
398.259,14.18
398.515,-14.48
398.771,60.74
399.028,17.76
399.284,33.88
399.54,-32.38
399.796,78.65
400.053,-55.67
400.309,19.55
400.565,21.34
400.821,26.71
401.078,17.76
401.334,41.04
401.59,10.6
401.846,-7.31
402.102,46.41
402.358,91.18
402.614,17.76
402.87,37.46
403.126,-21.64
403.382,41.04
403.638,60.74
403.894,5.22
404.15,-1.94
404.406,21.34
404.662,-46.71
404.918,-1.94
405.174,-0.15
405.43,67.9
405.686,-39.55
405.942,80.44
406.198,35.67
406.454,53.58
406.709,-34.18
406.965,155.66
407.221,-5.52
407.477,10.6
407.732,-41.34
407.988,-12.69
408.244,17.76
408.5,-109.39
408.755,-52.08
409.011,-55.67
409.267,33.88
409.522,12.39
409.778,-28.8
410.033,32.09
410.289,-5.52
410.545,-21.64
410.8,7.01
411.056,28.5
411.311,-5.52
411.567,80.44
411.822,-18.06
412.078,-57.46
412.333,-14.48
412.588,-73.57
412.844,-52.08
413.099,112.68
413.355,46.41
413.61,42.83
413.865,-78.95
414.121,32.09
414.376,-46.71
414.631,-52.08
414.887,7.01
415.142,135.96
415.397,37.46
415.652,58.95
415.907,-18.06
416.163,28.5
416.418,10.6
416.673,1.64
416.928,15.97
417.183,94.77
417.438,-39.55
417.693,44.62
417.949,51.79
418.204,-41.34
418.459,-23.43
418.714,-16.27
418.969,-27.01
419.224,33.88
419.479,33.88
419.734,-21.64
419.989,-32.38
420.243,41.04
420.498,39.25
420.753,-3.73
421.008,3.43
421.263,58.95
421.518,24.92
421.773,8.81
422.027,55.37
422.282,33.88
422.537,1.64
422.792,41.04
423.047,-16.27
423.301,21.34
423.556,-43.13
423.811,105.51
424.065,24.92
424.32,17.76
424.575,21.34
424.829,85.81
425.084,42.83
425.338,-84.32
425.593,8.81
425.848,42.83
426.102,46.41
426.357,-21.64
426.611,-41.34
426.866,48.2
427.12,-100.44
427.374,-30.59
427.629,-10.89
427.883,101.93
428.138,42.83
428.392,7.01
428.646,-21.64
428.901,-12.69
429.155,-23.43
429.409,-14.48
429.664,24.92
429.918,-3.73
430.172,-1.94
430.427,-46.71
430.681,-3.73
430.935,-34.18
431.189,-12.69
431.443,64.32
431.698,-52.08
431.952,80.44
432.206,-27.01
432.46,-12.69
432.714,-71.78
432.968,46.41
433.222,30.3
433.476,58.95
433.73,33.88
433.984,75.07
434.238,-98.65
434.492,-69.99
434.746,33.88
435,143.12
435.254,-23.43
435.508,87.6
435.762,-23.43
436.016,42.83
436.27,14.18
436.523,-10.89
436.777,55.37
437.031,103.72
437.285,17.76
437.539,-14.48
437.792,37.46
438.046,125.21
438.3,37.46
438.553,69.69
438.807,42.83
439.061,-27.01
439.314,-5.52
439.568,91.18
439.822,78.65
440.075,110.88
440.329,44.62
440.582,-48.5
440.836,-53.88
441.09,-68.2
441.343,48.2
441.597,-9.1
441.85,30.3
442.103,80.44
442.357,-59.25
442.61,-32.38
442.864,-43.13
443.117,-87.9
443.371,-30.59
443.624,-35.97
443.877,-62.83
444.131,17.76
444.384,-46.71
444.637,-64.62
444.89,39.25
445.144,-16.27
445.397,-27.01
445.65,12.39
445.903,-61.04
446.157,15.97
446.41,-7.31
446.663,12.39
446.916,24.92
447.169,-5.52
447.422,-59.25
447.675,-3.73
447.928,21.34
448.181,33.88
448.435,-5.52
448.688,42.83
448.941,-19.85
449.194,7.01
449.446,39.25
449.699,15.97
449.952,-53.88
450.205,51.79
450.458,-86.11
450.711,37.46
450.964,-41.34
451.217,66.11
451.47,-19.85
451.722,42.83
451.975,-44.92
452.228,-98.65
452.481,19.55
452.733,23.13
452.986,57.16
453.239,57.16
453.492,-34.18
453.744,50
453.997,12.39
454.25,-21.64
454.502,-32.38
454.755,15.97
455.007,53.58
455.26,78.65
455.513,60.74
455.765,41.04
456.018,15.97
456.27,-9.1
456.523,-0.15
456.775,73.28
457.028,35.67
457.28,23.13
457.532,-18.06
457.785,135.96
458.037,-30.59
458.29,-18.06
458.542,-19.85
458.794,33.88
459.047,64.32
459.299,78.65
459.551,-1.94
459.803,37.46
460.056,3.43
460.308,32.09
460.56,60.74
460.812,24.92
461.064,33.88
461.317,94.77
461.569,15.97
461.821,-27.01
462.073,48.2
462.325,164.61
462.577,-23.43
462.829,44.62
463.081,26.71
463.333,21.34
463.585,46.41
463.837,35.67
464.089,-5.52
464.341,7.01
464.593,-61.04
464.845,1.64
465.097,71.49
465.349,-19.85
465.601,24.92
465.852,-5.52
466.104,41.04
466.356,-21.64
466.608,23.13
466.86,19.55
467.111,41.04
467.363,46.41
467.615,-10.89
467.867,66.11
468.118,-18.06
468.37,53.58
468.622,-16.27
468.873,-23.43
469.125,12.39
469.376,76.86
469.628,51.79
469.88,-10.89
470.131,82.23
470.383,50
470.634,-50.29
470.886,-23.43
471.137,12.39
471.389,-55.67
471.64,89.39
471.892,24.92
472.143,-35.97
472.394,42.83
472.646,-123.72
472.897,-1.94
473.148,101.93
473.4,-82.53
473.651,35.67
473.902,71.49
474.154,53.58
474.405,-34.18
474.656,94.77
474.907,50
475.159,39.25
475.41,1.64
475.661,-62.83
475.912,23.13
476.163,46.41
476.414,44.62
476.665,48.2
476.917,-27.01
477.168,8.81
477.419,-12.69
477.67,-27.01
477.921,60.74
478.172,-55.67
478.423,33.88
478.674,15.97
478.925,66.11
479.176,105.51
479.426,-5.52
479.677,92.98
479.928,23.13
480.179,-77.16
480.43,53.58
480.681,48.2
480.932,21.34
481.182,8.81
481.433,76.86
481.684,26.71
481.935,-50.29
482.185,-32.38
482.436,5.22
482.687,71.49
482.937,-39.55
483.188,114.47
483.439,105.51
483.689,100.14
483.94,53.58
484.19,19.55
484.441,85.81
484.692,42.83
484.942,-50.29
485.193,-41.34
485.443,39.25
485.694,-21.64
485.944,10.6
486.194,75.07
486.445,73.28
486.695,62.53
486.946,14.18
487.196,41.04
487.446,331.16
487.697,73.28
487.947,57.16
488.197,-7.31
488.448,-0.15
488.698,33.88
488.948,5.22
489.198,10.6
489.449,132.37
489.699,107.3
489.949,-0.15
490.199,110.88
490.449,134.17
490.699,8.81
490.949,67.9
491.2,50
491.45,33.88
491.7,42.83
491.95,-5.52
492.2,-19.85
492.45,75.07
492.7,82.23
492.95,60.74
493.2,23.13
493.45,84.02
493.699,44.62
493.949,-12.69
494.199,-87.9
494.449,48.2
494.699,39.25
494.949,73.28
495.199,84.02
495.448,103.72
495.698,21.34
495.948,19.55
496.198,1.64
496.447,57.16
496.697,-16.27
496.947,39.25
497.196,125.21
497.446,44.62
497.696,-10.89
497.945,-61.04
498.195,48.2
498.444,12.39
498.694,-30.59
498.944,-19.85
499.193,26.71
499.443,50
499.692,-57.46
499.942,10.6
500.191,-23.43
500.44,125.21
500.69,42.83
500.939,-35.97
501.189,23.13
501.438,35.67
501.687,-30.59
501.937,35.67
502.186,-114.76
502.435,48.2
502.685,75.07
502.934,-46.71
503.183,50
503.432,42.83
503.682,46.41
503.931,8.81
504.18,80.44
504.429,17.76
504.678,14.18
504.927,41.04
505.176,1.64
505.426,15.97
505.675,12.39
505.924,-61.04
506.173,-39.55
506.422,84.02
506.671,-23.43
506.92,42.83
507.169,-23.43
507.418,73.28
507.667,-21.64
507.915,57.16
508.164,-132.67
508.413,-10.89
508.662,12.39
508.911,24.92
509.16,-100.44
509.408,-12.69
509.657,1.64
509.906,14.18
510.155,-69.99
510.404,24.92
510.652,-44.92
510.901,8.81
511.15,-14.48
511.398,-37.76
511.647,-37.76
511.896,7.01
512.144,-34.18
512.393,10.6
512.641,14.18
512.89,-3.73
513.138,-14.48
513.387,-44.92
513.635,41.04
513.884,75.07
514.132,-16.27
514.381,-21.64
514.629,-18.06
514.878,3.43
515.126,-59.25
515.374,-7.31
515.623,-50.29
515.871,-44.92
516.119,-37.76
516.368,-14.48
516.616,-25.22
516.864,-14.48
517.113,-10.89
517.361,35.67
517.609,3.43
517.857,15.97
518.105,42.83
518.354,33.88
518.602,-46.71
518.85,19.55
519.098,23.13
519.346,103.72
519.594,-35.97
519.842,19.55
520.09,-78.95
520.338,-27.01
520.586,-23.43
520.834,-10.89
521.082,10.6
521.33,-35.97
521.578,-16.27
521.826,28.5
522.074,37.46
522.322,19.55
522.57,-61.04
522.817,-3.73
523.065,-46.71
523.313,-73.57
523.561,-64.62
523.809,30.3
524.056,-123.72
524.304,5.22
524.552,-61.04
524.8,-14.48
525.047,5.22
525.295,75.07
525.543,-82.53
525.79,87.6
526.038,-28.8
526.285,60.74
526.533,-9.1
526.781,12.39
527.028,-19.85
527.276,32.09
527.523,-62.83
527.771,-21.64
528.018,-18.06
528.266,69.69
528.513,23.13
528.76,-27.01
529.008,24.92
529.255,-1.94
529.502,-28.8
529.75,5.22
529.997,62.53
530.244,-9.1
530.492,-0.15
530.739,7.01
530.986,75.07
531.234,-3.73
531.481,-3.73
531.728,-7.31
531.975,32.09
532.222,-66.41
532.469,-1.94
532.717,58.95
532.964,24.92
533.211,44.62
533.458,57.16
533.705,-32.38
533.952,51.79
534.199,-23.43
534.446,8.81
534.693,67.9
534.94,23.13
535.187,30.3
535.434,-7.31
535.681,98.35
535.928,-23.43
536.174,-1.94
536.421,-41.34
536.668,32.09
536.915,24.92
537.162,-25.22
537.409,-35.97
537.655,37.46
537.902,-23.43
538.149,69.69
538.396,-5.52
538.642,103.72
538.889,-55.67
539.136,14.18
539.382,14.18
539.629,26.71
539.875,12.39
540.122,127
540.369,-10.89
540.615,71.49
540.862,82.23
541.108,53.58
541.355,132.37
541.601,84.02
541.848,139.54
542.094,94.77
542.341,130.58
542.587,184.31
542.833,161.03
543.08,241.62
543.326,173.56
543.572,241.62
543.819,286.39
544.065,245.2
544.311,218.34
544.558,152.07
544.804,239.83
545.05,297.13
545.296,277.44
545.542,284.6
545.789,159.24
546.035,248.78
546.281,80.44
546.527,100.14
546.773,168.19
547.019,73.28
547.265,71.49
547.511,48.2
547.757,125.21
548.003,66.11
548.249,76.86
548.495,75.07
548.741,125.21
548.987,116.26
549.233,105.51
549.479,-28.8
549.725,30.3
549.971,58.95
550.217,84.02
550.463,21.34
550.708,39.25
550.954,-5.52
551.2,26.71
551.446,57.16
551.691,53.58
551.937,44.62
552.183,80.44
552.429,64.32
552.674,7.01
552.92,23.13
553.165,33.88
553.411,37.46
553.657,28.5
553.902,57.16
554.148,33.88
554.393,-10.89
554.639,8.81
554.884,-18.06
555.13,-28.8
555.375,89.39
555.621,55.37
555.866,-34.18
556.112,19.55
556.357,-75.37
556.602,55.37
556.848,75.07
557.093,-52.08
557.338,96.56
557.584,-5.52
557.829,67.9
558.074,-41.34
558.32,-21.64
558.565,26.71
558.81,-27.01
559.055,58.95
559.3,-1.94
559.546,-46.71
559.791,-32.38
560.036,66.11
560.281,23.13
560.526,-46.71
560.771,5.22
561.016,37.46
561.261,-41.34
561.506,23.13
561.751,1.64
561.996,-3.73
562.241,58.95
562.486,1.64
562.731,44.62
562.976,-16.27
563.221,37.46
563.466,12.39
563.71,8.81
563.955,-112.97
564.2,-43.13
564.445,37.46
564.69,42.83
564.934,-1.94
565.179,-80.74
565.424,17.76
565.669,-30.59
565.913,64.32
566.158,10.6
566.403,-14.48
566.647,-9.1
566.892,-18.06
567.136,50
567.381,-44.92
567.626,-14.48
567.87,21.34
568.115,-9.1
568.359,32.09
568.604,-93.27
568.848,-3.73
569.093,-18.06
569.337,35.67
569.581,105.51
569.826,-35.97
570.07,51.79
570.315,12.39
570.559,-10.89
570.803,-18.06
571.048,-93.27
571.292,-1.94
571.536,35.67
571.78,26.71
572.025,112.68
572.269,50
572.513,-35.97
572.757,-50.29
573.001,-18.06
573.245,-21.64
573.49,92.98
573.734,-18.06
573.978,50
574.222,37.46
574.466,-78.95
574.71,-7.31
574.954,8.81
575.198,24.92
575.442,-69.99
575.686,-50.29
575.93,17.76
576.174,-59.25
576.418,26.71
576.661,116.26
576.905,-10.89
577.149,41.04
577.393,-21.64
577.637,7.01
577.881,-1.94
578.124,105.51
578.368,-10.89
578.612,50
578.856,7.01
579.099,50
579.343,14.18
579.587,-34.18
579.83,-68.2
580.074,-7.31
580.318,35.67
580.561,-46.71
580.805,66.11
581.048,37.46
581.292,-71.78
581.535,17.76
581.779,26.71
582.022,-37.76
582.266,44.62
582.509,21.34
582.753,23.13
582.996,110.88
583.239,64.32
583.483,-23.43
583.726,-46.71
583.969,48.2
584.213,-23.43
584.456,-3.73
584.699,71.49
584.943,8.81
585.186,39.25
585.429,-78.95
585.672,-12.69
585.915,-14.48
586.159,66.11
586.402,30.3
586.645,39.25
586.888,98.35
587.131,-39.55
587.374,-16.27
587.617,12.39
587.86,33.88
588.103,67.9
588.346,55.37
588.589,85.81
588.832,-39.55
589.075,21.34
589.318,5.22
589.561,85.81
589.804,-28.8
590.047,-1.94
590.29,10.6
590.532,21.34
590.775,114.47
591.018,57.16
591.261,46.41
591.504,-34.18
591.746,-7.31
591.989,75.07
592.232,-118.35
592.474,19.55
592.717,8.81
592.96,85.81
593.202,58.95
593.445,101.93
593.688,21.34
593.93,41.04
594.173,50
594.415,5.22
594.658,19.55
594.9,60.74
595.143,-28.8
595.385,21.34
595.628,-18.06
595.87,71.49
596.112,62.53
596.355,46.41
596.597,3.43
596.84,-12.69
597.082,-0.15
597.324,78.65
597.567,84.02
597.809,-23.43
598.051,-23.43
598.293,-61.04
598.536,39.25
598.778,14.18
599.02,14.18
599.262,82.23
599.504,-77.16
599.746,41.04
599.988,28.5
600.231,-46.71
600.473,-80.74
600.715,33.88
600.957,-64.62
601.199,14.18
601.441,69.69
601.683,21.34
601.925,60.74
602.167,-61.04
602.409,-39.55
602.65,-3.73
602.892,-3.73
603.134,41.04
603.376,41.04
603.618,-105.81
603.86,-12.69
604.101,5.22
604.343,-46.71
604.585,64.32
604.827,-62.83
605.068,-1.94
605.31,-25.22
605.552,33.88
605.794,-0.15
606.035,76.86
606.277,-75.37
606.518,-1.94
606.76,-93.27
607.002,42.83
607.243,-18.06
607.485,23.13
607.726,46.41
607.968,7.01
608.209,42.83
608.451,80.44
608.692,44.62
608.933,98.35
609.175,60.74
609.416,21.34
609.658,148.49
609.899,23.13
610.14,75.07
610.382,238.04
610.623,189.68
610.864,218.34
611.105,248.78
611.347,295.34
611.588,123.42
611.829,169.98
612.07,119.84
612.311,153.87
612.553,152.07
612.794,195.06
613.035,182.52
613.276,103.72
613.517,137.75
613.758,212.96
613.999,166.4
614.24,98.35
614.481,55.37
614.722,58.95
614.963,114.47
615.204,91.18
615.445,17.76
615.686,-10.89
615.927,26.71
616.167,57.16
616.408,53.58
616.649,33.88
616.89,33.88
617.131,21.34
617.372,3.43
617.612,62.53
617.853,17.76
618.094,-25.22
618.334,42.83
618.575,26.71
618.816,21.34
619.056,30.3
619.297,-1.94
619.538,24.92
619.778,121.63
620.019,-7.31
620.259,-44.92
620.5,-28.8
620.74,5.22
620.981,103.72
621.221,-21.64
621.462,-46.71
621.702,-43.13
621.943,28.5
622.183,12.39
622.423,82.23
622.664,-41.34
622.904,100.14
623.144,10.6
623.385,92.98
623.625,76.86
623.865,58.95
624.105,110.88
624.346,-62.83
624.586,-57.46
624.826,-68.2
625.066,66.11
625.306,62.53
625.546,66.11
625.787,7.01
626.027,-1.94
626.267,66.11
626.507,-7.31
626.747,-19.85
626.987,-10.89
627.227,107.3
627.467,-77.16
627.707,75.07
627.947,-62.83
628.187,55.37
628.427,-7.31
628.666,109.09
628.906,5.22
629.146,-1.94
629.386,-75.37
629.626,-10.89
629.866,-48.5
630.105,21.34
630.345,107.3
630.585,19.55
630.825,62.53
631.064,51.79
631.304,-21.64
631.544,14.18
631.783,-57.46
632.023,46.41
632.262,-37.76
632.502,78.65
632.742,-21.64
632.981,-43.13
633.221,37.46
633.46,32.09
633.7,-3.73
633.939,50
634.179,42.83
634.418,69.69
634.657,5.22
634.897,-120.14
635.136,67.9
635.376,-10.89
635.615,46.41
635.854,-32.38
636.094,-23.43
636.333,44.62
636.572,19.55
636.811,-9.1
637.051,87.6
637.29,-68.2
637.529,-95.07
637.768,7.01
638.007,-53.88
638.246,-1.94
638.486,-27.01
638.725,-18.06
638.964,-68.2
639.203,-5.52
639.442,-39.55
639.681,87.6
639.92,84.02
640.159,-34.18
640.398,-27.01
640.637,37.46
640.876,-1.94
641.114,14.18
641.353,-12.69
641.592,-52.08
641.831,37.46
642.07,-50.29
642.309,-28.8
642.548,23.13
642.786,50
643.025,116.26
643.264,28.5
643.502,35.67
643.741,-55.67
643.98,21.34
644.219,-105.81
644.457,-14.48
644.696,-107.6
644.934,19.55
645.173,39.25
645.412,5.22
645.65,28.5
645.889,-32.38
646.127,-18.06
646.366,-19.85
646.604,100.14
646.842,14.18
647.081,-55.67
647.319,15.97
647.558,-23.43
647.796,-43.13
648.034,-7.31
648.273,1.64
648.511,1.64
648.749,-28.8
648.988,-14.48
649.226,-21.64
649.464,-48.5
649.702,15.97
649.941,28.5
650.179,-46.71
650.417,24.92
650.655,-66.41
650.893,-23.43
651.131,28.5
651.369,-5.52
651.607,30.3
651.845,-61.04
652.083,-61.04
652.321,-50.29
652.559,1.64
652.797,-44.92
653.035,8.81
653.273,94.77
653.511,-46.71
653.749,23.13
653.987,35.67
654.225,94.77
654.463,8.81
654.701,-12.69
654.938,66.11
655.176,-0.15
655.414,-30.59
655.652,-52.08
655.889,-44.92
656.127,-98.65
656.365,82.23
656.602,-68.2
656.84,-3.73
657.078,46.41
657.315,-1.94
657.553,-48.5
657.79,-59.25
658.028,15.97
658.266,1.64
658.503,-7.31
658.741,8.81
658.978,-7.31
659.215,8.81
659.453,-9.1
659.69,135.96
659.928,73.28
660.165,-0.15
660.402,-41.34
660.64,-18.06
660.877,-39.55
661.114,-37.76
661.352,60.74
661.589,-62.83
661.826,1.64
662.063,5.22
662.301,35.67
662.538,-69.99
662.775,19.55
663.012,1.64
663.249,-3.73
663.486,-64.62
663.723,-80.74
663.961,107.3
664.198,-41.34
664.435,30.3
664.672,-61.04
664.909,-78.95
665.146,-50.29
665.383,-9.1
665.619,1.64
665.856,12.39
666.093,-39.55
666.33,-61.04
666.567,7.01
666.804,-1.94
667.041,46.41
667.278,44.62
667.514,30.3
667.751,-28.8
667.988,-21.64
668.225,8.81
668.461,-102.23
668.698,-52.08
668.935,3.43
669.171,10.6
669.408,-5.52
669.644,-10.89
669.881,-25.22
670.118,30.3
670.354,1.64
670.591,73.28
670.827,1.64
671.064,12.39
671.3,-5.52
671.537,41.04
671.773,-80.74
672.01,15.97
672.246,42.83
672.482,66.11
672.719,-75.37
672.955,10.6
673.191,-48.5
673.428,28.5
673.664,-30.59
673.9,26.71
674.136,19.55
674.373,58.95
674.609,-53.88
674.845,114.47
675.081,-57.46
675.317,-0.15
675.553,-9.1
675.79,12.39
676.026,-35.97
676.262,10.6
676.498,42.83
676.734,-96.86
676.97,-50.29
677.206,35.67
677.442,5.22
677.678,39.25
677.914,-30.59
678.15,82.23
678.386,7.01
678.621,60.74
678.857,23.13
679.093,-61.04
679.329,-52.08
679.565,3.43
679.8,44.62
680.036,26.71
680.272,-5.52
680.508,-53.88
680.743,-30.59
680.979,-16.27
681.215,-14.48
681.45,-62.83
681.686,-73.57
681.922,-3.73
682.157,-75.37
682.393,-14.48
682.628,23.13
682.864,-32.38
683.099,-1.94
683.335,-5.52
683.57,32.09
683.806,-19.85
684.041,19.55
684.277,17.76
684.512,-34.18
684.747,98.35
684.983,12.39
685.218,85.81
685.453,-87.9
685.689,-30.59
685.924,-64.62
686.159,60.74
686.394,-32.38
686.63,53.58
686.865,42.83
687.1,17.76
687.335,-37.76
687.57,91.18
687.806,-87.9
688.041,50
688.276,48.2
688.511,71.49
688.746,-21.64
688.981,3.43
689.216,-18.06
689.451,-43.13
689.686,-50.29
689.921,28.5
690.156,1.64
690.391,-12.69
690.625,85.81
690.86,-35.97
691.095,-7.31
691.33,-34.18
691.565,66.11
691.8,10.6
692.034,-53.88
692.269,21.34
692.504,44.62
692.739,69.69
692.973,-19.85
693.208,-30.59
693.443,-50.29
693.677,-16.27
693.912,-50.29
694.146,-19.85
694.381,46.41
694.616,-64.62
694.85,-18.06
695.085,3.43
695.319,-34.18
695.554,37.46
695.788,-64.62
696.023,-5.52
696.257,44.62
696.491,-19.85
696.726,-77.16
696.96,-39.55
697.194,-37.76
697.429,80.44
697.663,-16.27
697.897,73.28
698.132,30.3
698.366,46.41
698.6,84.02
698.834,-61.04
699.068,-37.76
699.303,-77.16
699.537,-5.52
699.771,-0.15
700.005,-52.08
700.239,85.81
700.473,8.81
700.707,41.04
700.941,-53.88
701.175,-14.48
701.409,-28.8
701.643,15.97
701.877,-0.15
702.111,-9.1
702.345,-104.02
702.579,42.83
702.813,-5.52
703.047,3.43
703.281,21.34
703.514,-12.69
703.748,96.56
703.982,-59.25
704.216,30.3
704.449,3.43
704.683,-52.08
704.917,19.55
705.15,-3.73
705.384,-27.01
705.618,-105.81
705.851,-7.31
706.085,-68.2
706.319,-41.34
706.552,-52.08
706.786,-102.23
707.019,-28.8
707.253,-30.59
707.486,-109.39
707.72,28.5
707.953,-10.89
708.187,35.67
708.42,-35.97
708.653,-28.8
708.887,-0.15
709.12,41.04
709.353,78.65
709.587,7.01
709.82,-28.8
710.053,-53.88
710.286,-57.46
710.52,89.39
710.753,-111.18
710.986,-53.88
711.219,-102.23
711.452,85.81
711.686,-16.27
711.919,-5.52
712.152,51.79
712.385,-21.64
712.618,-64.62
712.851,14.18
713.084,44.62
713.317,-1.94
713.55,-21.64
713.783,46.41
714.016,-35.97
714.249,55.37
714.482,-43.13
714.714,21.34
714.947,55.37
715.18,24.92
715.413,-86.11
715.646,-3.73
715.878,-43.13
716.111,39.25
716.344,15.97
716.577,53.58
716.809,-41.34
717.042,17.76
717.275,1.64
717.507,5.22
717.74,15.97
717.973,1.64
718.205,-5.52
718.438,-1.94
718.67,-129.09
718.903,-9.1
719.135,-30.59
719.368,26.71
719.6,-61.04
719.833,100.14
720.065,57.16
720.297,-25.22
720.53,-28.8
720.762,1.64
720.995,24.92
721.227,-68.2
721.459,-44.92
721.691,-53.88
721.924,-9.1
722.156,91.18
722.388,-16.27
722.62,32.09
722.853,-87.9
723.085,-14.48
723.317,3.43
723.549,-53.88
723.781,-48.5
724.013,39.25
724.245,21.34
724.477,-66.41
724.709,-48.5
724.941,26.71
725.173,12.39
725.405,21.34
725.637,-7.31
725.869,44.62
726.101,-21.64
726.333,-32.38
726.565,-61.04
726.797,-50.29
727.028,-62.83
727.26,-14.48
727.492,-27.01
727.724,-12.69
727.956,71.49
728.187,-66.41
728.419,-21.64
728.651,101.93
728.882,-77.16
729.114,57.16
729.346,-75.37
729.577,17.76
729.809,-1.94
730.04,19.55
730.272,21.34
730.503,-27.01
730.735,-9.1
730.966,53.58
731.198,35.67
731.429,60.74
731.661,-16.27
731.892,35.67
732.124,-44.92
732.355,-39.55
732.586,-5.52
732.818,28.5
733.049,-0.15
733.28,60.74
733.512,80.44
733.743,-5.52
733.974,3.43
734.205,21.34
734.436,-73.57
734.668,12.39
734.899,-44.92
735.13,44.62
735.361,60.74
735.592,-18.06
735.823,-35.97
736.054,3.43
736.285,-48.5
736.516,-27.01
736.747,51.79
736.978,35.67
737.209,-34.18
737.44,15.97
737.671,-69.99
737.902,-16.27
738.133,10.6
738.364,-30.59
738.594,-62.83
738.825,-41.34
739.056,-28.8
739.287,30.3
739.518,39.25
739.748,-120.14
739.979,-1.94
740.21,3.43
740.44,-12.69
740.671,-19.85
740.902,8.81
741.132,-14.48
741.363,-66.41
741.593,37.46
741.824,-44.92
742.055,23.13
742.285,-64.62
742.516,-93.27
742.746,-69.99
742.976,10.6
743.207,41.04
743.437,67.9
743.668,-39.55
743.898,-16.27
744.128,-59.25
744.359,-100.44
744.589,5.22
744.819,58.95
745.05,3.43
745.28,-35.97
745.51,-71.78
745.74,24.92
745.971,62.53
746.201,144.91
746.431,-61.04
746.661,92.98
746.891,-16.27
747.121,-10.89
747.351,-12.69
747.581,5.22
747.811,21.34
748.041,-46.71
748.271,-9.1
748.501,-37.76
748.731,42.83
748.961,50
749.191,-5.52
749.421,39.25
749.651,85.81
749.881,3.43
750.111,-32.38
750.34,-9.1
750.57,1.64
750.8,-28.8
751.03,-73.57
751.259,44.62
751.489,-71.78
751.719,-30.59
751.949,-82.53
752.178,28.5
752.408,-34.18
752.637,-50.29
752.867,-39.55
753.097,-30.59
753.326,-64.62
753.556,-66.41
753.785,-32.38
754.015,-16.27
754.244,-68.2
754.474,-18.06
754.703,71.49
754.932,-1.94
755.162,-86.11
755.391,69.69
755.621,-66.41
755.85,-75.37
756.079,14.18
756.309,78.65
756.538,-64.62
756.767,78.65
756.996,12.39
757.225,-43.13
757.455,-32.38
757.684,67.9
757.913,17.76
758.142,10.6
758.371,-78.95
758.6,15.97
758.829,-34.18
759.058,-37.76
759.287,-41.34
759.516,28.5
759.745,-37.76
759.974,-34.18
760.203,17.76
760.432,55.37
760.661,-35.97
760.89,-3.73
761.119,127
761.348,-30.59
761.577,-25.22
761.805,-57.46
762.034,-52.08
762.263,-28.8
762.492,39.25
762.721,-41.34
762.949,-32.38
763.178,-21.64
763.407,-3.73
763.635,-1.94
763.864,-116.56
764.092,62.53
764.321,-71.78
764.55,51.79
764.778,35.67
765.007,92.98
765.235,-89.69
765.464,-28.8
765.692,-91.48
765.921,-50.29
766.149,-57.46
766.377,105.51
766.606,-43.13
766.834,26.71
767.062,-0.15
767.291,46.41
767.519,60.74
767.747,-75.37
767.976,-18.06
768.204,-46.71
768.432,-9.1
768.66,87.6
768.889,-23.43
769.117,-5.52
769.345,19.55
769.573,-3.73
769.801,-52.08
770.029,50
770.257,26.71
770.485,14.18
770.713,-69.99
770.941,-46.71
771.169,-43.13
771.397,-3.73
771.625,7.01
771.853,-9.1
772.081,-1.94
772.309,17.76
772.537,-48.5
772.765,32.09
772.992,-14.48
773.22,-0.15
773.448,-19.85
773.676,-9.1
773.903,-41.34
774.131,-61.04
774.359,-10.89
774.586,-69.99
774.814,10.6
775.042,-16.27
775.269,-62.83
775.497,-52.08
775.725,1.64
775.952,-48.5
776.18,-21.64
776.407,12.39
776.635,-75.37
776.862,33.88
777.09,58.95
777.317,32.09
777.544,-61.04
777.772,1.64
777.999,-25.22
778.227,-5.52
778.454,-66.41
778.681,26.71
778.908,-77.16
779.136,5.22
779.363,-27.01
779.59,-7.31
779.817,-64.62
780.045,66.11
780.272,-0.15
780.499,-19.85
780.726,-3.73
780.953,-7.31
781.18,-59.25
781.407,-3.73
781.634,-52.08
781.861,-95.07
782.088,-18.06
782.315,7.01
782.542,-34.18
782.769,-78.95
782.996,42.83
783.223,91.18
783.45,-10.89
783.677,37.46
783.904,50
784.13,42.83
784.357,-10.89
784.584,-69.99
784.811,-30.59
785.038,14.18
785.264,21.34
785.491,-5.52
785.718,-73.57
785.944,21.34
786.171,39.25
786.398,35.67
786.624,-44.92
786.851,7.01
787.077,-0.15
787.304,62.53
787.53,-25.22
787.757,32.09
787.983,-28.8
788.21,46.41
788.436,3.43
788.663,-27.01
788.889,-66.41
789.115,-61.04
789.342,12.39
789.568,-19.85
789.794,-30.59
790.021,89.39
790.247,-48.5
790.473,-61.04
790.699,-73.57
790.926,-64.62
791.152,-52.08
791.378,-87.9
791.604,-16.27
791.83,75.07
792.056,21.34
792.282,-21.64
792.508,60.74
792.735,82.23
792.961,-95.07
793.187,-50.29
793.413,-0.15
793.638,-12.69
793.864,-91.48
794.09,-7.31
794.316,-3.73
794.542,24.92
794.768,-55.67
794.994,-34.18
795.22,7.01
795.445,-27.01
795.671,-127.3
795.897,23.13
796.123,-34.18
796.348,-35.97
796.574,-16.27
796.8,-62.83
797.025,5.22
797.251,-52.08
797.477,-28.8
797.702,-18.06
797.928,33.88
798.153,103.72
798.379,3.43
798.604,39.25
798.83,-98.65
799.055,-50.29
799.281,26.71
799.506,19.55
799.732,23.13
799.957,19.55
800.182,-68.2
800.408,64.32
800.633,28.5
800.858,58.95
801.084,14.18
801.309,37.46
801.534,-25.22
801.759,-14.48
801.985,-30.59
802.21,14.18
802.435,80.44
802.66,-19.85
802.885,-43.13
803.11,17.76
803.335,-107.6
803.561,-48.5
803.786,5.22
804.011,46.41
804.236,-27.01
804.461,82.23
804.685,23.13
804.91,85.81
805.135,44.62
805.36,-48.5
805.585,-80.74
805.81,-9.1
806.035,-93.27
806.26,73.28
806.484,-37.76
806.709,85.81
806.934,-61.04
807.159,32.09
807.383,44.62
807.608,17.76
807.833,-50.29
808.057,-44.92
808.282,116.26
808.507,66.11
808.731,30.3
808.956,32.09
809.18,-7.31
809.405,1.64
809.629,-30.59
809.854,-62.83
810.078,-30.59
810.303,-71.78
810.527,-95.07
810.751,-82.53
810.976,-34.18
811.2,-10.89
811.425,-28.8
811.649,14.18
811.873,-37.76
812.097,30.3
812.322,1.64
812.546,28.5
812.77,-18.06
812.994,-18.06
813.219,-9.1
813.443,-34.18
813.667,-89.69
813.891,19.55
814.115,8.81
814.339,-43.13
814.563,-27.01
814.787,-77.16
815.011,-39.55
815.235,19.55
815.459,-10.89
815.683,-77.16
815.907,8.81
816.131,-91.48
816.355,-3.73
816.579,-41.34
816.802,-77.16
817.026,37.46
817.25,44.62
817.474,-16.27
817.698,-16.27
817.921,-59.25
818.145,-59.25
818.369,-37.76
818.592,-14.48
818.816,-78.95
819.04,-14.48
819.263,-39.55
819.487,60.74
819.71,-78.95
819.934,-25.22
820.158,39.25
820.381,-30.59
820.605,19.55
820.828,-75.37
821.051,-44.92
821.275,-116.56
821.498,-57.46
821.722,-35.97
821.945,-37.76
822.168,50
822.392,-46.71
822.615,-32.38
822.838,-82.53
823.061,-57.46
823.285,-14.48
823.508,48.2
823.731,-37.76
823.954,-102.23
824.177,-32.38
824.401,-53.88
824.624,-21.64
824.847,-35.97
825.07,-43.13
825.293,-116.56
825.516,-12.69
825.739,-43.13
825.962,-64.62
826.185,14.18
826.408,-53.88
826.631,-23.43
826.854,-35.97
827.077,-35.97
827.299,60.74
827.522,-62.83
827.745,-75.37
827.968,-61.04
828.191,60.74
828.413,15.97
828.636,12.39
828.859,-16.27
829.082,15.97
829.304,1.64
829.527,105.51
829.75,82.23
829.972,-25.22
830.195,33.88
830.417,-19.85
830.64,-7.31
830.862,48.2
831.085,-19.85
831.307,-39.55
831.53,-23.43
831.752,-43.13
831.975,-3.73
832.197,30.3
832.42,51.79
832.642,3.43
832.864,21.34
833.087,-87.9
833.309,-37.76
833.531,-12.69
833.753,-62.83
833.976,-14.48
834.198,-25.22
834.42,-35.97
834.642,-9.1
834.864,-37.76
835.086,35.67
835.309,-9.1
835.531,32.09
835.753,-57.46
835.975,92.98
836.197,-53.88
836.419,14.18
836.641,58.95
836.863,7.01
837.085,-18.06
837.307,23.13
837.529,-43.13
837.75,-19.85
837.972,17.76
838.194,-55.67
838.416,8.81
838.638,-68.2
838.859,-9.1
839.081,-52.08
839.303,30.3
839.525,33.88
839.746,15.97
839.968,-14.48
840.19,21.34
840.411,1.64
840.633,-71.78
840.855,19.55
841.076,35.67
841.298,-57.46
841.519,66.11
841.741,3.43
841.962,-75.37
842.184,-71.78
842.405,-28.8
842.626,-16.27
842.848,-44.92
843.069,-77.16
843.291,-7.31
843.512,-107.6
843.733,-61.04
843.955,-75.37
844.176,-44.92
844.397,-21.64
844.618,53.58
844.839,73.28
845.061,-16.27
845.282,-28.8
845.503,14.18
845.724,-44.92
845.945,-55.67
846.166,21.34
846.387,17.76
846.608,53.58
846.829,-46.71
847.05,37.46
847.271,17.76
847.492,-34.18
847.713,62.53
847.934,8.81
848.155,48.2
848.376,-30.59
848.597,-44.92
848.818,17.76
849.038,5.22
849.259,-68.2
849.48,14.18
849.701,10.6
849.921,-30.59
850.142,17.76
850.363,-55.67
850.584,-57.46
850.804,15.97
851.025,-57.46
851.245,58.95
851.466,19.55
851.687,-82.53
851.907,-1.94
852.128,-14.48
852.348,33.88
852.569,-25.22
852.789,33.88
853.009,17.76
853.23,57.16
853.45,-32.38
853.671,-62.83
853.891,-7.31
854.111,-5.52
854.332,46.41
854.552,-77.16
854.772,-27.01
854.992,-46.71
855.213,-30.59
855.433,-1.94
855.653,-44.92
855.873,8.81
856.093,-62.83
856.313,3.43
856.533,103.72
856.753,10.6
856.974,-44.92
857.194,37.46
857.414,15.97
857.634,-16.27
857.854,44.62
858.073,-82.53
858.293,-34.18
858.513,-23.43
858.733,-35.97
858.953,26.71
859.173,48.2
859.393,1.64
859.612,-0.15
859.832,-93.27
860.052,32.09
860.272,-18.06
860.491,-34.18
860.711,-89.69
860.931,32.09
861.15,-19.85
861.37,-44.92
861.59,-23.43
861.809,1.64
862.029,69.69
862.248,-16.27
862.468,121.63
862.687,-43.13
862.907,-1.94
863.126,75.07
863.346,-132.67
863.565,-3.73
863.785,125.21
864.004,-86.11
864.223,23.13
864.443,-73.57
864.662,-109.39
864.881,-44.92
865.1,-68.2
865.32,15.97
865.539,-64.62
865.758,42.83
865.977,-14.48
866.196,-48.5
866.416,-77.16
866.635,-35.97
866.854,-28.8
867.073,-35.97
867.292,-62.83
867.511,-30.59
867.73,-0.15
867.949,53.58
868.168,-3.73
868.387,-55.67
868.606,-57.46
868.825,-25.22
869.044,-52.08
869.262,-19.85
869.481,5.22
869.7,-18.06
869.919,15.97
870.138,-3.73
870.356,-16.27
870.575,46.41
870.794,1.64
871.013,-112.97
871.231,-69.99
871.45,7.01
871.668,-34.18
871.887,-34.18
872.106,-105.81
872.324,26.71
872.543,-43.13
872.761,-52.08
872.98,-69.99
873.198,-105.81
873.417,-61.04
873.635,-28.8
873.854,24.92
874.072,-27.01
874.29,23.13
874.509,-5.52
874.727,-43.13
874.945,1.64
875.164,-84.32
875.382,5.22
875.6,-37.76
875.818,-3.73
876.037,12.39
876.255,-5.52
876.473,78.65
876.691,-43.13
876.909,51.79
877.127,-39.55
877.345,58.95
877.563,-10.89
877.781,3.43
877.999,73.28
878.217,-12.69
878.435,-84.32
878.653,-44.92
878.871,26.71
879.089,-5.52
879.307,-37.76
879.525,15.97
879.743,57.16
879.96,-64.62
880.178,-66.41
880.396,-10.89
880.614,5.22
880.832,-0.15
881.049,39.25
881.267,-68.2
881.485,-102.23
881.702,-43.13
881.92,-111.18
882.137,-19.85
882.355,33.88
882.573,-28.8
882.79,-57.46
883.008,5.22
883.225,-30.59
883.443,-39.55
883.66,39.25
883.877,-21.64
884.095,57.16
884.312,-89.69
884.53,-5.52
884.747,41.04
884.964,-75.37
885.182,75.07
885.399,-23.43
885.616,-102.23
885.833,7.01
886.051,-19.85
886.268,-66.41
886.485,-53.88
886.702,42.83
886.919,-111.18
887.136,41.04
887.353,-75.37
887.57,51.79
887.788,21.34
888.005,41.04
888.222,-10.89
888.439,-77.16
888.655,-23.43
888.872,-53.88
889.089,42.83
889.306,15.97
889.523,-9.1
889.74,-0.15
889.957,-59.25
890.174,-0.15
890.39,1.64
890.607,17.76
890.824,-10.89
891.041,14.18
891.257,24.92
891.474,-41.34
891.691,-48.5
891.907,37.46
892.124,-53.88
892.34,5.22
892.557,26.71
892.774,-77.16
892.99,-37.76
893.207,-55.67
893.423,-28.8
893.64,35.67
893.856,-27.01
894.072,-3.73
894.289,15.97
894.505,-57.46
894.722,-18.06
894.938,-44.92
895.154,-55.67
895.37,-48.5
895.587,46.41
895.803,-148.79
896.019,-64.62
896.235,-73.57
896.452,-5.52
896.668,-23.43
896.884,-16.27
897.1,-39.55
897.316,10.6
897.532,-87.9
897.748,-7.31
897.964,17.76
898.18,-77.16
898.396,-44.92
898.612,-43.13
898.828,-68.2
899.044,-27.01
899.26,-5.52
899.476,-7.31
899.692,3.43
899.908,-84.32
900.123,-30.59
900.339,-27.01
900.555,-86.11
900.771,87.6
900.986,-19.85
901.202,-43.13
901.418,26.71
901.633,57.16
901.849,-1.94
902.065,1.64
902.28,-14.48
902.496,-25.22
902.711,-28.8
902.927,-25.22
903.143,5.22
903.358,-18.06
903.573,41.04
903.789,-61.04
904.004,23.13
904.22,-68.2
904.435,-95.07
904.651,-35.97
904.866,-9.1
905.081,5.22
905.296,44.62
905.512,17.76
905.727,28.5
905.942,-35.97
906.157,10.6
906.373,-19.85
906.588,19.55
906.803,-10.89
907.018,-50.29
907.233,-27.01
907.448,-41.34
907.663,-68.2
907.878,8.81
908.093,-10.89
908.308,-77.16
908.523,-19.85
908.738,12.39
908.953,1.64
909.168,-34.18
909.383,8.81
909.598,-84.32
909.813,42.83
910.027,-69.99
910.242,8.81
910.457,41.04
910.672,-5.52
910.887,-78.95
911.101,51.79
911.316,-52.08
911.531,-14.48
911.745,-91.48
911.96,3.43
912.174,-37.76
912.389,-39.55
912.604,35.67
912.818,-16.27
913.033,55.37
913.247,-107.6
913.462,30.3
913.676,-50.29
913.89,-43.13
914.105,-68.2
914.319,-0.15
914.534,23.13
914.748,-43.13
914.962,-28.8
915.177,-9.1
915.391,35.67
915.605,-41.34
915.819,-82.53
916.034,103.72
916.248,50
916.462,14.18
916.676,-48.5
916.89,-80.74
917.104,19.55
917.318,-75.37
917.532,28.5
917.746,44.62
917.96,-86.11
918.174,-75.37
918.388,-87.9
918.602,-21.64
918.816,-87.9
919.03,14.18
919.244,8.81
919.458,-118.35
919.672,-14.48
919.886,24.92
920.099,14.18
920.313,23.13
920.527,-77.16
920.741,-53.88
920.954,-27.01
921.168,39.25
921.382,-59.25
921.595,19.55
921.809,-44.92
922.023,48.2
922.236,-95.07
922.45,24.92
922.663,46.41
922.877,17.76
923.09,-53.88
923.304,-43.13
923.517,-27.01
923.731,-66.41
923.944,-19.85
924.157,-27.01
924.371,78.65
924.584,5.22
924.797,-75.37
925.011,-69.99
925.224,-1.94
925.437,-10.89
925.65,-43.13
925.864,-52.08
926.077,-91.48
926.29,46.41
926.503,-55.67
926.716,-14.48
926.929,-7.31
927.142,-84.32
927.355,37.46
927.568,-12.69
927.781,35.67
927.994,-118.35
928.207,-44.92
928.42,-19.85
928.633,-41.34
928.846,-28.8
929.059,-1.94
929.272,96.56
929.485,-23.43
929.697,-34.18
929.91,-78.95
930.123,-129.09
930.336,-69.99
930.549,-14.48
930.761,-30.59
930.974,10.6
931.187,10.6
931.399,1.64
931.612,3.43
931.824,-78.95
932.037,66.11
932.249,-27.01
932.462,-34.18
932.675,5.22
932.887,-61.04
933.099,-41.34
933.312,-109.39
933.524,-16.27
933.737,17.76
933.949,-23.43
934.161,-66.41
934.374,-39.55
934.586,-18.06
934.798,-9.1
935.011,-64.62
935.223,14.18
935.435,-52.08
935.647,-59.25
935.859,-10.89
936.072,-25.22
936.284,85.81
936.496,10.6
936.708,-50.29
936.92,-52.08
937.132,-27.01
937.344,53.58
937.556,-16.27
937.768,-21.64
937.98,-0.15
938.192,15.97
938.404,-30.59
938.616,-7.31
938.828,35.67
939.039,50
939.251,-77.16
939.463,-7.31
939.675,17.76
939.887,-25.22
940.098,-71.78
940.31,19.55
940.522,-18.06
940.733,-48.5
940.945,-59.25
941.157,-21.64
941.368,-111.18
941.58,41.04
941.791,-16.27
942.003,-10.89
942.214,-35.97
942.426,-98.65
942.637,60.74
942.849,17.76
943.06,-59.25
943.272,-50.29
943.483,1.64
943.694,-9.1
943.906,-48.5
944.117,21.34
944.328,60.74
944.54,-16.27
944.751,-57.46
944.962,-77.16
945.173,-14.48
945.384,-41.34
945.596,-57.46
945.807,-32.38
946.018,12.39
946.229,-50.29
946.44,-44.92
946.651,-86.11
946.862,26.71
947.073,32.09
947.284,-107.6
947.495,-53.88
947.706,-25.22
947.917,96.56
948.128,-73.57
948.339,-35.97
948.549,23.13
948.76,-55.67
948.971,-55.67
949.182,-3.73
949.393,-14.48
949.603,-9.1
949.814,12.39
950.025,51.79
950.235,-34.18
950.446,-39.55
950.657,-3.73
950.867,-78.95
951.078,-41.34
951.288,41.04
951.499,-44.92
951.709,51.79
951.92,-71.78
952.13,-27.01
952.341,-78.95
952.551,-10.89
952.762,-48.5
952.972,75.07
953.182,-87.9
953.393,17.76
953.603,-62.83
953.813,-30.59
954.024,-170.28
954.234,17.76
954.444,-34.18
954.654,37.46
954.865,-39.55
955.075,-12.69
955.285,26.71
955.495,-41.34
955.705,-109.39
955.915,23.13
956.125,55.37
956.335,42.83
956.545,-80.74
956.755,82.23
956.965,-62.83
957.175,-10.89
957.385,-86.11
957.595,-32.38
957.805,1.64
958.015,48.2
958.224,-37.76
958.434,-21.64
958.644,41.04
958.854,-87.9
959.064,-46.71
959.273,-14.48
959.483,35.67
959.693,-107.6
959.902,10.6
960.112,-52.08
960.322,-10.89
960.531,-68.2
960.741,24.92
960.95,-16.27
961.16,17.76
961.369,-84.32
961.579,-48.5
961.788,-69.99
961.998,-68.2
962.207,41.04
962.416,5.22
962.626,-66.41
962.835,-48.5
963.044,-34.18
963.254,-28.8
963.463,-28.8
963.672,-68.2
963.881,-52.08
964.091,-37.76
964.3,-104.02
964.509,-75.37
964.718,-16.27
964.927,67.9
965.136,28.5
965.345,23.13
965.554,-5.52
965.763,-64.62
965.972,33.88
966.181,3.43
966.39,-16.27
966.599,41.04
966.808,-18.06
967.017,-75.37
967.226,-34.18
967.435,-61.04
967.644,-68.2
967.852,-9.1
968.061,8.81
968.27,19.55
968.479,-109.39
968.687,-1.94
968.896,50
969.105,-69.99
969.313,-28.8
969.522,-57.46
969.731,-25.22
969.939,-61.04
970.148,62.53
970.356,-0.15
970.565,-53.88
970.773,-73.57
970.982,26.71
971.19,-28.8
971.399,-28.8
971.607,-55.67
971.815,10.6
972.024,71.49
972.232,-21.64
972.44,-53.88
972.649,-80.74
972.857,-91.48
973.065,28.5
973.273,82.23
973.482,12.39
973.69,-104.02
973.898,-52.08
974.106,57.16
974.314,-59.25
974.522,103.72
974.73,-16.27
974.938,3.43
975.146,-50.29
975.354,-35.97
975.562,62.53
975.77,-125.51
975.978,-23.43
976.186,-104.02
976.394,-61.04
976.602,-14.48
976.81,-41.34
977.018,28.5
977.225,-16.27
977.433,30.3
977.641,46.41
977.849,-34.18
978.056,17.76
978.264,-10.89
978.472,-55.67
978.679,-9.1
978.887,-69.99
979.094,15.97
979.302,62.53
979.51,-27.01
979.717,-75.37
979.925,-59.25
980.132,58.95
980.339,10.6
980.547,-102.23
980.754,-48.5
980.962,35.67
981.169,5.22
981.376,-23.43
981.584,-10.89
981.791,26.71
981.998,-71.78
982.206,-46.71
982.413,24.92
982.62,26.71
982.827,-143.42
983.034,14.18
983.242,-41.34
983.449,-1.94
983.656,-0.15
983.863,-14.48
984.07,-28.8
984.277,-37.76
984.484,28.5
984.691,21.34
984.898,-78.95
985.105,-50.29
985.312,-86.11
985.519,17.76
985.725,-35.97
985.932,3.43
986.139,-18.06
986.346,-43.13
986.553,-16.27
986.759,-78.95
986.966,-34.18
987.173,-23.43
987.38,-118.35
987.586,10.6
987.793,-96.86
988,-44.92
988.206,-78.95
988.413,-98.65
988.619,-59.25
988.826,-37.76
989.032,92.98
989.239,-21.64
989.445,-66.41
989.652,-7.31
989.858,-114.76
990.064,-46.71
990.271,-86.11
990.477,-25.22
990.684,-0.15
990.89,35.67
991.096,44.62
991.302,-46.71
991.509,-12.69
991.715,-28.8
991.921,-111.18
992.127,-16.27
992.333,-19.85
992.539,-77.16
992.746,10.6
992.952,26.71
993.158,-71.78
993.364,12.39
993.57,-105.81
993.776,-44.92
993.982,21.34
994.188,14.18
994.394,-43.13
994.599,-91.48
994.805,50
995.011,-39.55
995.217,-53.88
995.423,-21.64
995.629,12.39
995.834,32.09
996.04,-41.34
996.246,-98.65
996.452,14.18
996.657,-10.89
996.863,-112.97
997.068,-9.1
997.274,44.62
997.48,67.9
997.685,-48.5
997.891,-41.34
998.096,17.76
998.302,-59.25
998.507,-52.08
998.713,37.46
998.918,-59.25
999.123,51.79
999.329,-14.48
999.534,-61.04
999.74,-102.23
999.945,-21.64
1000.15,-105.81
1000.355,-21.64
1000.561,44.62
1000.766,10.6
1000.971,-61.04
1001.176,19.55
1001.381,7.01
1001.586,19.55
1001.792,-37.76
1001.997,5.22
1002.202,24.92
1002.407,-86.11
1002.612,28.5
1002.817,-39.55
1003.022,-32.38
1003.227,-109.39
1003.432,-7.31
1003.637,17.76
1003.841,-5.52
1004.046,30.3
1004.251,-89.69
1004.456,-21.64
1004.661,-44.92
1004.865,-30.59
1005.07,-48.5
1005.275,26.71
1005.48,-125.51
1005.684,10.6
1005.889,-10.89
1006.094,-34.18
1006.298,21.34
1006.503,-16.27
1006.707,-12.69
1006.912,-9.1
1007.116,-1.94
1007.321,-0.15
1007.525,24.92
1007.73,-87.9
1007.934,-61.04
1008.139,-7.31
1008.343,-53.88
1008.547,-27.01
1008.752,-14.48
1008.956,15.97
1009.16,-39.55
1009.364,-34.18
1009.569,30.3
1009.773,-28.8
1009.977,-48.5
1010.181,-30.59
1010.385,-12.69
1010.589,-44.92
1010.794,-53.88
1010.998,-62.83
1011.202,28.5
1011.406,-44.92
1011.61,-28.8
1011.814,-84.32
1012.018,-48.5
1012.222,21.34
1012.426,-46.71
1012.629,17.76
1012.833,-55.67
1013.037,12.39
1013.241,-100.44
1013.445,-73.57
1013.649,55.37
1013.852,-19.85
1014.056,-57.46
1014.26,-32.38
1014.463,-50.29
1014.667,75.07
1014.871,-48.5
1015.074,-89.69
1015.278,37.46
1015.482,-50.29
1015.685,19.55
1015.889,-62.83
1016.092,-27.01
1016.296,-55.67
1016.499,10.6
1016.703,35.67
1016.906,5.22
1017.109,-1.94
1017.313,-34.18
1017.516,-34.18
1017.719,-10.89
1017.923,17.76
1018.126,-7.31
1018.329,30.3
1018.532,48.2
1018.736,8.81
1018.939,44.62
1019.142,-82.53
1019.345,-66.41
1019.548,-53.88
1019.751,-30.59
1019.954,-62.83
1020.157,-55.67
1020.361,-35.97
1020.564,-5.52
1020.766,-39.55
1020.969,105.51
1021.172,1.64
1021.375,-32.38
1021.578,-19.85
1021.781,-19.85
1021.984,-3.73
1022.187,1.64
1022.389,19.55
1022.592,-5.52
1022.795,19.55
1022.998,-48.5
1023.2,23.13
1023.403,-143.42
1023.606,44.62
1023.808,-10.89
1024.011,19.55
1024.214,-77.16
1024.416,-39.55
1024.619,-44.92
1024.821,-66.41
1025.024,35.67
1025.226,-1.94
1025.429,-73.57
1025.631,-0.15
1025.833,7.01
1026.036,46.41
1026.238,-64.62
1026.441,-7.31
1026.643,14.18
1026.845,-3.73
1027.047,-66.41
1027.25,-61.04
1027.452,75.07
1027.654,-43.13
1027.856,-173.86
1028.058,-21.64
1028.261,-95.07
1028.463,-73.57
1028.665,-28.8
1028.867,35.67
1029.069,42.83
1029.271,10.6
1029.473,-10.89
1029.675,-64.62
1029.877,-64.62
1030.079,-50.29
1030.281,-37.76
1030.482,-12.69
1030.684,7.01
1030.886,14.18
1031.088,10.6
1031.29,60.74
1031.491,5.22
1031.693,-25.22
1031.895,35.67
1032.097,-145.21
1032.298,-55.67
1032.5,-10.89
1032.701,12.39
1032.903,-50.29
1033.105,-7.31
1033.306,-9.1
1033.508,-1.94
1033.709,-82.53
1033.911,-18.06
1034.112,-57.46
1034.314,-3.73
1034.515,46.41
1034.716,-30.59
1034.918,-5.52
1035.119,-71.78
1035.32,-1.94
1035.522,-16.27
1035.723,-10.89
1035.924,-30.59
1036.125,-35.97
1036.327,-68.2
1036.528,-14.48
1036.729,-80.74
1036.93,53.58
1037.131,21.34
1037.332,1.64
1037.533,-10.89
1037.734,-28.8
1037.935,-52.08
1038.136,-61.04
1038.337,-98.65
1038.538,-59.25
1038.739,-28.8
1038.94,-43.13
1039.141,-102.23
1039.342,-59.25
1039.543,-82.53
1039.744,42.83
1039.944,-53.88
1040.145,-10.89
1040.346,-14.48
1040.547,-1.94
1040.747,-71.78
1040.948,-30.59
1041.149,12.39
1041.349,-43.13
1041.55,-50.29
1041.75,24.92
1041.951,28.5
1042.152,-0.15
1042.352,3.43
1042.553,-50.29
1042.753,-69.99
1042.953,28.5
1043.154,-61.04
1043.354,-55.67
1043.555,-35.97
1043.755,12.39
1043.955,-3.73
1044.156,-87.9
1044.356,1.64
1044.556,21.34
1044.756,-21.64
1044.957,-112.97
1045.157,17.76
1045.357,-44.92
1045.557,-78.95
1045.757,-28.8
1045.957,-23.43
1046.157,-48.5
1046.357,-100.44
1046.557,-50.29
1046.757,-86.11
1046.957,-21.64
1047.157,15.97
1047.357,-25.22
1047.557,-10.89
1047.757,-64.62
1047.957,-35.97
1048.157,-27.01
1048.356,-80.74
1048.556,-16.27
1048.756,-89.69
1048.956,53.58
1049.156,-102.23
1049.355,-43.13
1049.555,-18.06
1049.755,12.39
1049.954,-105.81
1050.154,46.41
1050.353,21.34
1050.553,23.13
1050.752,-100.44
1050.952,76.86
1051.151,-55.67
1051.351,-21.64
1051.55,-12.69
1051.75,10.6
1051.949,-46.71
1052.148,123.42
1052.348,-53.88
1052.547,62.53
1052.746,-44.92
1052.946,26.71
1053.145,-87.9
1053.344,-12.69
1053.543,-57.46
1053.743,-46.71
1053.942,-14.48
1054.141,-28.8
1054.34,-84.32
1054.539,-78.95
1054.738,5.22
1054.937,14.18
1055.136,-104.02
1055.335,-30.59
1055.534,7.01
1055.733,-21.64
1055.932,-21.64
1056.131,-21.64
