194.216,-196.25
194.484,-196.25
194.753,-196.25
195.022,-174.76
195.29,27.61
195.559,9.7
195.827,-40.44
196.096,7.91
196.364,7.91
196.633,25.82
196.901,-69.1
197.17,6.12
197.438,31.19
197.706,117.15
197.975,-13.58
198.243,-33.28
198.512,-49.4
198.78,99.24
199.048,27.61
199.317,59.84
199.585,52.68
199.853,160.13
200.122,61.64
200.39,133.27
200.658,63.43
200.926,99.24
201.195,127.9
201.463,4.33
201.731,-31.49
201.999,90.29
202.267,93.87
202.536,118.94
202.804,115.36
203.072,61.64
203.34,133.27
203.608,95.66
203.876,18.65
204.144,74.17
204.412,43.73
204.68,-17.16
204.948,-44.03
205.216,65.22
205.484,34.77
205.752,92.08
206.02,32.98
206.288,68.8
206.556,-51.19
206.824,58.05
207.092,79.54
207.36,101.03
207.628,108.2
207.896,79.54
208.164,142.22
208.431,38.35
208.699,13.28
208.967,63.43
209.235,67.01
209.503,58.05
209.77,-4.63
210.038,40.15
210.306,36.56
210.573,109.99
210.841,41.94
211.109,59.84
211.377,15.07
211.644,52.68
211.912,13.28
212.179,65.22
212.447,24.03
212.715,49.1
212.982,135.06
213.25,140.43
213.517,24.03
213.785,95.66
214.052,68.8
214.32,65.22
214.587,111.78
214.855,31.19
215.122,31.19
215.39,54.47
215.657,-1.04
215.925,11.49
216.192,88.5
216.459,-11.79
216.727,129.69
216.994,7.91
217.261,72.38
217.529,34.77
217.796,127.9
218.063,95.66
218.331,88.5
218.598,102.83
218.865,111.78
219.132,61.64
219.399,56.26
219.667,77.75
219.934,74.17
220.201,79.54
220.468,54.47
220.735,18.65
221.002,72.38
221.27,31.19
221.537,34.77
221.804,97.45
222.071,40.15
222.338,92.08
222.605,56.26
222.872,-13.58
223.139,115.36
223.406,83.13
223.673,97.45
223.94,79.54
224.207,63.43
224.474,41.94
224.741,68.8
225.007,18.65
225.274,49.1
225.541,101.03
225.808,90.29
226.075,97.45
226.342,50.89
226.609,47.31
226.875,74.17
227.142,61.64
227.409,22.24
227.676,199.53
227.942,111.78
228.209,16.86
228.476,115.36
228.742,41.94
229.009,54.47
229.276,58.05
229.542,113.57
229.809,124.32
230.076,136.85
230.342,86.71
230.609,63.43
230.875,79.54
231.142,131.48
231.408,41.94
231.675,52.68
231.941,72.38
232.208,-26.12
232.474,2.54
232.741,111.78
233.007,34.77
233.274,120.73
233.54,113.57
233.807,38.35
234.073,50.89
234.339,75.96
234.606,86.71
234.872,68.8
235.138,52.68
235.405,52.68
235.671,40.15
235.937,81.34
236.203,83.13
236.47,34.77
236.736,-18.95
237.002,93.87
237.268,67.01
237.535,65.22
237.801,72.38
238.067,27.61
238.333,52.68
238.599,77.75
238.865,-15.37
239.131,49.1
239.397,151.18
239.663,49.1
239.929,54.47
240.195,58.05
240.462,93.87
240.728,27.61
240.993,54.47
241.259,129.69
241.525,145.81
241.791,-4.63
242.057,111.78
242.323,15.07
242.589,24.03
242.855,84.92
243.121,84.92
243.387,65.22
243.652,81.34
243.918,20.45
244.184,29.4
244.45,54.47
244.716,81.34
244.981,77.75
245.247,104.62
245.513,16.86
245.779,50.89
246.044,88.5
246.31,75.96
246.576,136.85
246.841,135.06
247.107,88.5
247.373,34.77
247.638,183.41
247.904,178.04
248.169,22.24
248.435,67.01
248.7,43.73
248.966,104.62
249.231,72.38
249.497,63.43
249.762,74.17
250.028,45.52
250.293,18.65
250.559,27.61
250.824,75.96
251.09,124.32
251.355,117.15
251.62,161.92
251.886,18.65
252.151,118.94
252.416,117.15
252.682,49.1
252.947,126.11
253.212,83.13
253.477,136.85
253.743,106.41
254.008,104.62
254.273,61.64
254.538,111.78
254.804,27.61
255.069,136.85
255.334,40.15
255.599,18.65
255.864,50.89
256.129,79.54
256.394,70.59
256.659,-10
256.925,68.8
257.19,135.06
257.455,102.83
257.72,54.47
257.985,90.29
258.25,133.27
258.515,29.4
258.78,-26.12
259.044,97.45
259.309,32.98
259.574,101.03
259.839,124.32
260.104,113.57
260.369,15.07
260.634,79.54
260.899,84.92
261.163,24.03
261.428,58.05
261.693,16.86
261.958,106.41
262.223,72.38
262.487,-1.04
262.752,142.22
263.017,38.35
263.281,90.29
263.546,117.15
263.811,72.38
264.075,97.45
264.34,-8.21
264.605,-10
264.869,210.28
265.134,6.12
265.398,-42.23
265.663,111.78
265.927,86.71
266.192,38.35
266.457,136.85
266.721,31.19
266.985,108.2
267.25,95.66
267.514,49.1
267.779,70.59
268.043,131.48
268.308,135.06
268.572,109.99
268.836,108.2
269.101,129.69
269.365,70.59
269.629,79.54
269.894,117.15
270.158,163.72
270.422,-15.37
270.687,40.15
270.951,124.32
271.215,77.75
271.479,68.8
271.743,40.15
272.008,93.87
272.272,113.57
272.536,58.05
272.8,93.87
273.064,58.05
273.328,84.92
273.592,18.65
273.856,152.97
274.12,59.84
274.385,-8.21
274.649,0.75
274.913,154.76
275.177,70.59
275.441,117.15
275.704,101.03
275.968,81.34
276.232,-52.98
276.496,75.96
276.76,34.77
277.024,95.66
277.288,45.52
277.552,-10
277.816,75.96
278.079,93.87
278.343,20.45
278.607,117.15
278.871,140.43
279.135,90.29
279.398,6.12
279.662,108.2
279.926,-36.86
280.189,179.83
280.453,50.89
280.717,68.8
280.98,117.15
281.244,43.73
281.508,142.22
281.771,41.94
282.035,118.94
282.298,127.9
282.562,41.94
282.826,118.94
283.089,-17.16
283.353,79.54
283.616,11.49
283.88,108.2
284.143,7.91
284.407,61.64
284.67,84.92
284.933,179.83
285.197,27.61
285.46,142.22
285.724,15.07
285.987,133.27
286.25,138.64
286.514,43.73
286.777,79.54
287.04,59.84
287.303,108.2
287.567,56.26
287.83,156.55
288.093,124.32
288.356,2.54
288.62,38.35
288.883,108.2
289.146,147.6
289.409,102.83
289.672,6.12
289.935,138.64
290.198,95.66
290.461,47.31
290.725,81.34
290.988,-35.07
291.251,81.34
291.514,-26.12
291.777,144.02
292.04,163.72
292.303,88.5
292.566,84.92
292.829,195.95
293.091,260.42
293.354,305.19
293.617,421.6
293.88,495.03
294.143,636.5
294.406,815.59
294.669,1017.96
294.932,1107.5
295.194,1313.45
295.457,1164.81
295.72,992.89
295.983,1105.71
296.245,946.32
296.508,969.61
296.771,1010.8
297.034,1078.85
297.296,769.03
297.559,654.41
297.822,450.25
298.084,346.38
298.347,255.05
298.609,213.86
298.872,188.79
299.135,172.67
299.397,120.73
299.66,93.87
299.922,115.36
300.185,138.64
300.447,102.83
300.71,244.3
300.972,192.37
301.235,192.37
301.497,117.15
301.759,152.97
302.022,271.17
302.284,197.74
302.546,215.65
302.809,135.06
303.071,174.46
303.333,136.85
303.596,237.14
303.858,238.93
304.12,212.07
304.383,224.6
304.645,160.13
304.907,249.68
305.169,174.46
305.431,330.27
305.694,231.77
305.956,335.64
306.218,351.76
306.48,360.71
306.742,299.82
307.004,421.6
307.266,580.99
307.528,650.83
307.79,697.39
308.052,899.76
308.314,1146.9
308.576,1499.7
308.838,1723.56
309.1,2423.79
309.362,2912.7
309.624,3562.78
309.886,4182.42
310.148,4879.07
310.41,5840.76
310.672,6519.5
310.934,6800.67
311.196,6992.29
311.457,6947.52
311.719,7778.48
311.981,8706.15
312.243,11277.84
312.504,13405.39
312.766,14818.38
313.028,14463.79
313.29,14286.5
313.551,13666.85
313.813,13380.32
314.075,15355.64
314.336,19035.88
314.598,23899.87
314.86,28031.4
315.121,29876
315.383,27734.12
315.644,23710.04
315.906,17334.55
316.167,11406.78
316.429,7776.69
316.69,5824.65
316.952,4434.93
317.213,3199.24
317.475,2491.84
317.736,1605.36
317.998,1252.56
318.259,908.72
318.521,878.27
318.782,659.79
319.043,668.74
319.305,681.28
319.566,720.67
319.827,677.69
320.089,579.2
320.35,600.69
320.611,543.38
320.872,563.08
321.134,462.79
321.395,434.14
321.656,502.19
321.917,512.93
322.178,466.37
322.44,412.65
322.701,387.57
322.962,482.49
323.223,477.12
323.484,568.45
323.745,767.24
324.006,905.13
324.267,1180.93
324.528,1573.13
324.789,1997.56
325.05,2735.4
325.311,3702.47
325.572,4631.93
325.833,5412.75
326.094,5731.52
326.355,5738.69
326.616,5867.63
326.877,5760.18
327.138,6182.82
327.398,6840.07
327.659,7287.79
327.92,7441.8
328.181,6739.78
328.442,6338.63
328.702,5380.51
328.963,4916.68
329.224,4685.66
329.485,4506.57
329.745,4452.84
330.006,4497.61
330.267,4225.4
330.527,3960.35
330.788,3398.02
331.049,3023.73
331.309,2622.58
331.57,2708.54
331.83,2898.37
332.091,3329.97
332.351,3723.96
332.612,4579.99
332.873,5081.44
333.133,5627.65
333.393,6154.17
333.654,6680.68
333.914,7259.13
334.175,8946.13
334.435,11659.29
334.696,15808.73
334.956,21480.41
335.216,28814.01
335.477,37447.78
335.737,48407.89
335.997,55943.86
336.258,59299.95
336.518,58130.51
336.778,53300.54
337.038,42541.01
337.299,29320.83
337.559,19848.93
337.819,14703.77
338.079,10749.53
338.34,7934.29
338.6,5736.89
338.86,4048.11
339.12,3138.35
339.38,2353.95
339.64,1981.45
339.9,1687.74
340.16,1356.43
340.42,980.35
340.68,824.55
340.94,785.15
341.2,831.71
341.46,683.07
341.72,692.02
341.98,622.18
342.24,652.62
342.5,804.85
342.76,622.18
343.02,749.33
343.28,795.89
343.54,862.15
343.799,887.23
344.059,989.3
344.319,824.55
344.579,1023.33
344.839,829.92
345.098,788.73
345.358,758.28
345.618,729.63
345.878,878.27
346.137,1060.94
346.397,1145.11
346.657,1100.34
346.916,1136.16
347.176,1304.5
347.435,1478.21
347.695,1945.63
347.955,2156.95
348.214,2597.5
348.474,3197.44
348.733,4218.24
348.993,4957.87
349.252,5357.23
349.512,5695.7
349.771,5611.53
350.031,5373.35
350.29,5439.61
350.549,6207.89
350.809,7602.98
351.068,9307.88
351.328,11220.53
351.587,13280.03
351.846,16337.04
352.106,19938.47
352.365,24351.17
352.624,28588.36
352.883,29482
353.143,28557.92
353.402,26650.64
353.661,21894.1
353.92,18106.42
354.179,16014.68
354.439,14682.28
354.698,14791.52
354.957,15909.02
355.216,17490.36
355.475,21039.86
355.734,25097.96
355.993,29872.41
356.252,35936.29
356.511,43346.9
356.77,47073.69
357.029,45692.94
357.288,43144.53
357.547,35112.49
357.806,25368.38
358.065,18538.01
358.324,13511.05
358.583,10197.94
358.842,7819.67
359.101,5701.08
359.36,4252.27
359.619,3089.99
359.877,2103.22
360.136,1680.58
360.395,1340.31
360.654,1132.57
360.913,1084.22
361.171,878.27
361.43,1032.29
361.689,994.68
361.947,1202.42
362.206,1424.49
362.465,1505.07
362.723,1707.44
362.982,1981.45
363.241,2153.37
363.499,2332.46
363.758,2094.27
364.016,2026.22
364.275,1873.99
364.533,1848.92
364.792,1881.16
365.05,2144.41
365.309,2583.18
365.567,3102.53
365.826,3749.03
366.084,4563.88
366.343,4390.16
366.601,4460.01
366.86,4010.5
367.118,3362.2
367.376,2778.38
367.635,2493.63
367.893,2375.44
368.151,2389.76
368.409,2663.77
368.668,3238.63
368.926,3960.35
369.184,4961.45
369.442,6007.32
369.701,7816.09
369.959,9315.05
370.217,9399.22
370.475,9506.67
370.733,8414.24
370.991,7097.95
371.25,5958.96
371.508,5267.69
371.766,4805.64
372.024,4904.14
372.282,5061.74
372.54,5541.69
372.798,6281.32
373.056,7149.89
373.314,8091.88
373.572,9725.16
373.83,11390.66
374.088,14102.04
374.345,16654.02
374.603,18067.02
374.861,17981.05
375.119,16095.27
375.377,12898.57
375.635,9624.87
375.893,7348.67
376.15,5984.03
376.408,5140.54
376.666,4273.76
376.924,3793.8
377.181,3686.35
377.439,3648.74
377.697,4169.89
377.954,4725.05
378.212,5760.18
378.47,7171.38
378.727,8953.29
378.985,10883.85
379.243,13496.72
379.5,14816.59
379.758,15461.3
380.015,14155.76
380.273,12295.05
380.53,9469.06
380.788,7395.24
381.045,5880.16
381.303,4848.62
381.56,4365.09
381.818,3908.42
382.075,3648.74
382.332,3797.38
382.59,4066.02
382.847,4465.38
383.105,5004.43
383.362,5643.77
383.619,6284.9
383.876,7429.26
384.134,8476.92
384.391,9220.13
384.648,10230.18
384.905,10711.92
385.163,10930.41
385.42,10898.17
385.677,10898.17
385.934,10676.11
386.191,10944.74
386.449,10846.24
386.706,11424.69
386.963,12001.35
387.22,12789.33
387.477,13511.05
387.734,13050.8
387.991,12801.87
388.248,12338.03
388.505,11428.27
388.762,10357.33
389.019,9864.84
389.276,8892.4
389.533,8050.69
389.79,7714.01
390.047,7894.89
390.304,8412.45
390.56,8476.92
390.817,8349.77
391.074,7851.91
391.331,6757.69
391.588,5521.99
391.844,4977.57
392.101,4900.56
392.358,4984.73
392.615,5765.55
392.871,6533.83
393.128,6945.73
393.385,7241.22
393.641,7121.23
393.898,6505.18
394.155,5371.56
394.411,4159.14
394.668,3546.66
394.925,3018.36
395.181,2552.73
395.438,2217.84
395.694,2063.83
395.951,1933.09
396.207,2090.69
396.464,2140.83
396.72,2357.53
396.977,2631.53
397.233,3174.16
397.489,3442.79
397.746,4241.52
398.002,4873.7
398.259,5919.56
398.515,7029.9
398.771,7966.52
399.028,7875.19
399.284,7345.09
399.54,6360.12
399.796,4938.17
400.053,3680.98
400.309,2760.47
400.565,2140.83
400.821,1802.36
401.078,1381.5
401.334,1146.9
401.59,966.02
401.846,903.34
402.102,935.58
402.358,964.23
402.614,1066.31
402.87,1157.65
403.126,1367.18
403.382,1626.85
403.638,1942.05
403.894,2275.15
404.15,2679.88
404.406,3267.29
404.662,3677.4
404.918,4286.29
405.174,4245.1
405.43,3999.75
405.686,3580.69
405.942,2764.05
406.198,2391.55
406.454,1977.86
406.709,1890.11
406.965,1967.12
407.221,1856.08
407.477,1902.65
407.732,2119.34
407.988,2486.47
408.244,2497.22
408.5,2660.18
408.755,2593.92
409.011,2361.11
409.267,2226.79
409.522,1727.14
409.778,1471.05
410.033,1356.43
410.289,1257.94
410.545,1189.88
410.8,1145.11
411.056,1213.16
411.311,1338.52
411.567,1598.2
411.822,1718.19
412.078,2088.9
412.333,2430.95
412.588,2679.88
412.844,3147.3
413.099,3639.79
413.355,3840.37
413.61,3605.76
413.865,3283.41
414.121,3143.72
414.376,2789.13
414.631,2445.28
414.887,2319.92
415.142,2330.66
415.397,2153.37
415.652,2248.28
415.907,2105.02
416.163,2128.3
416.418,2269.78
416.673,2425.58
416.928,2382.6
417.183,2576.01
417.438,2721.07
417.693,3102.53
417.949,3188.49
418.204,3607.55
418.459,3894.09
418.714,4384.79
418.969,4443.89
419.224,4945.33
419.479,4542.39
419.734,4159.14
419.989,3541.29
420.243,3039.85
420.498,2846.43
420.753,2430.95
421.008,2103.22
421.263,2058.45
421.518,1882.95
421.773,1882.95
422.027,1886.53
422.282,2063.83
422.537,2140.83
422.792,2199.93
423.047,2314.55
423.301,2276.94
423.556,2062.03
423.811,2085.32
424.065,1854.29
424.32,1836.39
424.575,2053.08
424.829,2275.15
425.084,2409.46
425.338,2540.2
425.593,2975.38
425.848,3303.11
426.102,3364
426.357,3369.37
426.611,3321.01
426.866,3261.92
427.12,2821.36
427.374,2644.07
427.629,2115.76
427.883,1766.54
428.138,1306.29
428.392,982.14
428.646,797.68
428.901,625.76
429.155,512.93
429.409,410.85
429.664,389.36
429.918,299.82
430.172,378.62
430.427,351.76
430.681,410.85
430.935,353.55
431.189,505.77
431.443,552.33
431.698,525.47
431.952,668.74
432.206,600.69
432.46,849.62
432.714,973.19
432.968,1102.13
433.222,1356.43
433.476,1519.4
433.73,1562.38
433.984,1662.67
434.238,1637.6
434.492,1599.99
434.746,1546.26
435,1485.38
435.254,1420.9
435.508,1247.19
435.762,987.51
436.016,695.6
436.27,607.85
436.523,579.2
436.777,400.11
437.031,466.37
437.285,367.87
437.539,426.97
437.792,376.83
438.046,305.19
438.3,435.93
438.553,511.14
438.807,534.42
439.061,584.57
439.314,713.51
439.568,717.09
439.822,858.57
440.075,846.04
440.329,1043.03
440.582,1207.79
440.836,1184.51
441.09,1186.3
441.343,1209.58
441.597,910.51
441.85,856.78
442.103,647.25
442.357,534.42
442.61,505.77
442.864,586.36
443.117,552.33
443.371,579.2
443.624,634.71
443.877,631.13
444.131,663.37
444.384,761.86
444.637,695.6
444.89,820.96
445.144,887.23
445.397,881.85
445.65,901.55
445.903,837.08
446.157,924.83
446.41,1025.12
446.663,1069.89
446.916,1096.76
447.169,1111.08
447.422,1213.16
447.675,1274.05
447.928,1474.63
448.181,1535.52
448.435,1496.12
448.688,1302.71
448.941,1111.08
449.194,1025.12
449.446,969.61
449.699,788.73
449.952,663.37
450.205,783.36
450.458,690.23
450.711,844.24
450.964,640.09
451.217,659.79
451.47,503.98
451.722,582.78
451.975,563.08
452.228,643.67
452.481,518.31
452.733,597.11
452.986,597.11
453.239,677.69
453.492,634.71
453.744,683.07
453.997,661.58
454.25,754.7
454.502,788.73
454.755,964.23
455.007,1001.84
455.26,1034.08
455.513,908.72
455.765,948.12
456.018,1025.12
456.27,1046.61
456.523,1019.75
456.775,1082.43
457.028,1016.17
457.28,991.1
457.532,865.74
457.785,829.92
458.037,675.9
458.29,641.88
458.542,564.87
458.794,699.18
459.047,770.82
459.299,812.01
459.551,820.96
459.803,806.64
460.056,695.6
460.308,620.39
460.56,615.01
460.812,566.66
461.064,437.72
461.317,500.4
461.569,573.82
461.821,620.39
462.073,661.58
462.325,747.54
462.577,720.67
462.829,761.86
463.081,828.13
463.333,1019.75
463.585,1084.22
463.837,1225.7
464.089,1313.45
464.341,1308.08
464.593,1227.49
464.845,1266.89
465.097,1077.06
465.349,854.99
465.601,788.73
465.852,783.36
466.104,745.75
466.356,589.94
466.608,514.73
466.86,475.33
467.111,489.65
467.363,536.22
467.615,471.74
467.867,495.03
468.118,468.16
468.37,439.51
468.622,520.1
468.873,491.44
469.125,489.65
469.376,657.99
469.628,640.09
469.88,670.53
470.131,874.69
470.383,908.72
470.634,935.58
470.886,876.48
471.137,928.42
471.389,840.66
471.64,810.22
471.892,817.38
472.143,665.16
472.394,602.48
472.646,482.49
472.897,604.27
473.148,636.5
473.4,473.54
473.651,650.83
473.902,801.26
474.154,672.32
474.405,706.35
474.656,654.41
474.907,695.6
475.159,706.35
475.41,742.17
475.661,677.69
475.912,851.41
476.163,683.07
476.414,731.42
476.665,659.79
476.917,634.71
477.168,623.97
477.419,643.67
477.67,536.22
477.921,625.76
478.172,659.79
478.423,672.32
478.674,641.88
478.925,681.28
479.176,736.79
479.426,733.21
479.677,792.31
479.928,788.73
480.179,815.59
480.43,949.91
480.681,955.28
480.932,949.91
481.182,880.06
481.433,889.02
481.684,799.47
481.935,779.77
482.185,749.33
482.436,670.53
482.687,769.03
482.937,663.37
483.188,781.56
483.439,810.22
483.689,863.94
483.94,819.17
484.19,820.96
484.441,733.21
484.692,819.17
484.942,727.84
485.193,937.37
485.443,964.23
485.694,1023.33
485.944,1005.42
486.194,1225.7
486.445,1218.54
486.695,1118.25
486.946,1297.33
487.196,1399.41
487.446,1757.59
487.697,1481.79
487.947,1449.56
488.197,1617.9
488.448,1685.95
488.698,1639.39
488.948,1719.98
489.198,1714.61
489.449,1841.76
489.699,1818.48
489.949,1881.16
490.199,1986.82
490.449,2180.23
490.699,1961.75
490.949,1967.12
491.2,1877.58
491.45,1882.95
491.7,1754.01
491.95,1616.11
492.2,1440.6
492.45,1463.88
492.7,1397.62
492.95,1218.54
493.2,1214.95
493.45,1098.55
493.699,987.51
493.949,1051.99
494.199,1044.82
494.449,1007.21
494.699,1005.42
494.949,1035.87
495.199,1100.34
495.448,1028.7
495.698,1017.96
495.948,987.51
496.198,917.67
496.447,1050.19
496.697,974.98
496.947,976.77
497.196,917.67
497.446,937.37
497.696,835.29
497.945,751.12
498.195,786.94
498.444,869.32
498.694,735
498.944,838.87
499.193,770.82
499.443,917.67
499.692,944.53
499.942,974.98
500.191,1173.76
500.44,1240.03
500.69,1206
500.939,1279.43
501.189,1338.52
501.438,1426.28
501.687,1352.85
501.937,1467.47
502.186,1458.51
502.435,1605.36
502.685,1553.43
502.934,1501.49
503.183,1522.98
503.432,1544.47
503.682,1463.88
503.931,1623.27
504.18,1770.12
504.429,1587.45
504.678,1659.09
504.927,1796.99
505.176,1852.5
505.426,1911.6
505.675,1831.01
505.924,1909.81
506.173,1834.59
506.422,1927.72
506.671,1881.16
506.92,1920.56
507.169,1999.35
507.418,1879.37
507.667,1854.29
507.915,1823.85
508.164,1764.75
508.413,1671.63
508.662,1689.53
508.911,1648.34
509.16,1752.21
509.408,1707.44
509.657,1703.86
509.906,1630.44
510.155,1685.95
510.404,1666.25
510.652,1628.64
510.901,1727.14
511.15,1734.31
511.398,1757.59
511.647,1974.28
511.896,2169.49
512.144,2187.4
512.393,2330.66
512.641,2430.95
512.89,2747.94
513.138,2690.63
513.387,2814.2
513.635,2903.74
513.884,3122.23
514.132,3238.63
514.381,3346.09
514.629,3578.9
514.878,3702.47
515.126,3693.51
515.374,3935.28
515.623,4214.66
515.871,4291.66
516.119,4424.19
516.368,4707.15
516.616,4762.66
516.864,4873.7
517.113,4999.06
517.361,5255.15
517.609,5296.34
517.857,5133.37
518.105,5027.71
518.354,4832.51
518.602,4911.3
518.85,4662.37
519.098,4725.05
519.346,4828.92
519.594,4689.24
519.842,4699.98
520.09,4649.84
520.338,4581.78
520.586,4683.86
520.834,4502.99
521.082,4168.09
521.33,3809.92
521.578,3614.72
521.826,2987.91
522.074,2833.9
522.322,2733.61
522.57,2432.74
522.817,2271.57
523.065,2108.6
523.313,2171.28
523.561,2056.66
523.809,2146.21
524.056,2008.31
524.304,1958.16
524.552,1736.1
524.8,1546.26
525.047,1569.55
525.295,1610.74
525.543,1377.92
525.79,1356.43
526.038,1372.55
526.285,1309.87
526.533,1440.6
526.781,1349.27
527.028,1320.62
527.276,1300.92
527.523,1268.68
527.771,1170.18
528.018,1123.62
528.266,1173.76
528.513,1050.19
528.76,994.68
529.008,1048.4
529.255,978.56
529.502,1025.12
529.75,1046.61
529.997,1286.59
530.244,1173.76
530.492,1232.86
530.739,1209.58
530.986,1180.93
531.234,1161.23
531.481,1089.59
531.728,1166.6
531.975,1204.21
532.222,1236.44
532.469,1331.36
532.717,1682.37
532.964,1669.83
533.211,2051.29
533.458,2429.16
533.705,2891.21
533.952,3292.36
534.199,3698.89
534.446,4261.22
534.693,4787.73
534.94,5104.72
535.187,5602.58
535.434,5532.74
535.681,5942.84
535.928,6077.16
536.174,6648.45
536.421,7015.57
536.668,6879.47
536.915,6967.22
537.162,6922.45
537.409,6578.6
537.655,7097.95
537.902,7173.17
538.149,7067.51
538.396,7140.93
538.642,7112.28
538.889,7081.84
539.136,7363
539.382,7425.68
539.629,7407.77
539.875,7694.31
540.122,7697.89
540.369,7339.72
540.615,7182.12
540.862,6857.98
541.108,6650.24
541.355,6519.5
541.601,6770.22
541.848,6594.72
542.094,6485.48
542.341,6309.97
542.587,6564.28
542.833,6313.55
543.08,6397.72
543.326,6564.28
543.572,6609.05
543.819,6456.82
544.065,6138.05
544.311,5790.62
544.558,5489.75
544.804,5745.85
545.05,5822.86
545.296,5942.84
545.542,5898.07
545.789,5865.84
546.035,6095.07
546.281,5878.37
546.527,5985.82
546.773,6102.23
547.019,6053.88
547.265,5935.68
547.511,5774.5
547.757,5663.47
548.003,5391.26
548.249,4988.31
548.495,4732.22
548.741,4773.41
548.987,4782.36
549.233,4657
549.479,4676.7
549.725,4861.16
549.971,4895.19
550.217,5025.92
550.463,5192.47
550.708,5133.37
550.954,5172.77
551.2,5181.73
551.446,5036.67
551.691,4975.78
551.937,4685.66
552.183,4537.01
552.429,4232.57
552.674,3834.99
552.92,3672.02
553.165,3322.81
553.411,3147.3
553.657,3095.36
553.902,3047.01
554.148,3077.46
554.393,2927.02
554.639,2935.98
554.884,2900.16
555.13,2803.45
555.375,2737.19
555.621,2665.56
555.866,2651.23
556.112,2611.83
556.357,2520.5
556.602,2427.37
556.848,2405.88
557.093,2190.98
557.338,2049.5
557.584,1920.56
557.829,1942.05
558.074,1777.29
558.32,2010.1
558.565,1750.42
558.81,1728.93
559.055,1682.37
559.3,1775.5
559.546,1709.23
559.791,1503.28
560.036,1560.59
560.281,1533.73
560.526,1573.13
560.771,1637.6
561.016,1515.82
561.261,1505.07
561.506,1531.94
561.751,1408.37
561.996,1372.55
562.241,1376.13
562.486,1291.96
562.731,1243.61
562.976,1315.24
563.221,1229.28
563.466,1213.16
563.71,1195.25
563.955,1232.86
564.2,1189.88
564.445,1211.37
564.69,1102.13
564.934,1164.81
565.179,1284.8
565.424,1327.78
565.669,1403
565.913,1354.64
566.158,1290.17
566.403,1295.54
566.647,1295.54
566.892,1333.15
567.136,1320.62
567.381,1410.16
567.626,1408.37
567.87,1293.75
568.115,1557.01
568.359,1560.59
568.604,1644.76
568.848,1666.25
569.093,1820.27
569.337,1804.15
569.581,2128.3
569.826,2389.76
570.07,2683.47
570.315,3036.27
570.559,3475.03
570.803,3781.27
571.048,4492.24
571.292,5115.46
571.536,6340.42
571.78,7474.04
572.025,8621.98
572.269,9952.6
572.513,11102.33
572.757,11994.18
573.001,12556.52
573.245,13034.68
573.49,13623.87
573.734,13905.04
573.978,14415.44
574.222,15061.94
574.466,15241.03
574.71,15108.5
574.954,14805.85
575.198,14225.61
575.442,13718.79
575.686,12826.94
575.93,12520.7
576.174,12379.22
576.418,13099.15
576.661,13992.79
576.905,14975.98
577.149,16512.54
577.393,17363.21
577.637,18095.67
577.881,18867.53
578.124,19001.85
578.368,19433.45
578.612,19700.29
578.856,20336.05
579.099,20541.99
579.343,20864.35
579.587,20516.92
579.83,20042.34
580.074,18690.24
580.318,17930.91
580.561,16190.19
580.805,14988.52
581.048,14556.92
581.292,14465.58
581.535,14365.29
581.779,14988.52
582.022,15600.99
582.266,16410.46
582.509,16876.09
582.753,17298.73
582.996,17685.56
583.239,18041.94
583.483,18339.23
583.726,18743.96
583.969,19116.46
584.213,19184.52
584.456,19206.01
584.699,19161.24
584.943,17848.53
585.186,16813.41
585.429,15686.95
585.672,14343.8
585.915,13485.98
586.159,13066.91
586.402,12853.8
586.645,12894.99
586.888,13391.06
587.131,14284.7
587.374,15078.06
587.617,15758.59
587.86,16073.78
588.103,16277.94
588.346,16378.23
588.589,16498.22
588.832,16874.3
589.075,16655.81
589.318,16915.49
589.561,17452.75
589.804,17026.52
590.047,16168.7
590.29,15207
590.532,14164.72
590.775,12724.86
591.018,11644.97
591.261,11009.21
591.504,10799.68
591.746,10668.94
591.989,11152.48
592.232,11404.99
592.474,12128.5
592.717,12569.05
592.96,13136.76
593.202,13271.07
593.445,13602.38
593.688,13387.48
593.93,13550.45
594.173,13937.28
594.415,14112.78
594.658,14449.46
594.9,14933
595.143,14345.59
595.385,13503.89
595.628,12671.13
595.87,11610.94
596.112,10523.88
596.355,9506.67
596.597,8738.39
596.84,8614.82
597.082,8313.95
597.324,8383.8
597.567,8810.02
597.809,9162.82
598.051,9714.41
598.293,9818.28
598.536,10113.77
598.778,10452.25
599.02,10425.39
599.262,10561.49
599.504,10667.15
599.746,11036.07
599.988,11267.09
600.231,11929.71
600.473,11761.37
600.715,11256.35
600.957,10745.95
601.199,10208.69
601.441,9236.25
601.683,8457.22
601.925,7746.25
602.167,7398.82
602.409,7148.1
602.65,7398.82
602.892,7508.06
603.134,7785.65
603.376,8339.02
603.618,8811.81
603.86,9008.81
604.101,9293.56
604.343,9467.27
604.585,9698.29
604.827,9494.13
605.068,10069
605.31,10099.45
605.552,10373.45
605.794,10258.83
606.035,10178.25
606.277,10223.02
606.518,9567.56
606.76,8684.66
607.002,7936.08
607.243,6849.02
607.485,6381.61
607.726,5674.21
607.968,5242.61
608.209,4947.12
608.451,4995.48
608.692,4789.53
608.933,4816.39
609.175,5058.16
609.416,4979.36
609.658,5142.33
609.899,5172.77
610.14,5052.78
610.382,5396.63
610.623,5246.2
610.864,5545.27
611.105,5507.66
611.347,5539.9
611.588,5568.55
611.829,5779.88
612.07,5572.13
612.311,5548.85
612.553,4984.73
612.794,4719.68
613.035,4230.77
613.276,4173.47
613.517,3711.42
613.758,3890.51
613.999,3811.71
614.24,3872.6
614.481,3926.33
614.722,4117.95
614.963,4246.89
615.204,4451.05
615.445,4434.93
615.686,4468.96
615.927,4549.55
616.167,4578.2
616.408,4504.78
616.649,4601.48
616.89,4671.33
617.131,4687.45
617.372,4612.23
617.612,4531.64
617.853,4343.6
618.094,4322.11
618.334,3985.43
618.575,4005.13
618.816,3557.41
619.056,3523.38
619.297,3294.15
619.538,3480.4
619.778,3233.26
620.019,3428.47
620.259,3668.44
620.5,4076.76
620.74,4517.31
620.981,5016.97
621.221,5509.45
621.462,5862.26
621.702,6306.39
621.943,6906.33
622.183,7065.72
622.423,7026.32
622.664,7327.18
622.904,7391.66
623.144,7280.62
623.385,7592.23
623.625,7676.4
623.865,7651.33
624.105,7748.04
624.346,7735.5
624.586,7167.8
624.826,6977.97
625.066,6424.59
625.306,6189.98
625.546,5462.89
625.787,5122.63
626.027,4931
626.267,4886.23
626.507,4458.22
626.747,4517.31
626.987,4651.63
627.227,4945.33
627.467,5274.85
627.707,5944.63
627.947,6207.89
628.187,7298.53
628.427,7900.26
628.666,8906.73
628.906,9069.7
629.146,9664.27
629.386,9714.41
629.626,10101.24
629.866,10178.25
630.105,10371.66
630.345,10604.47
630.585,10822.96
630.825,10815.79
631.064,10663.57
631.304,10903.55
631.544,10099.45
631.783,9821.86
632.023,9295.35
632.262,8432.15
632.502,7989.81
632.742,7282.41
632.981,6883.05
633.221,6623.37
633.46,6259.83
633.7,6120.14
633.939,6351.16
634.179,6508.76
634.418,6888.42
634.657,7314.65
634.897,8075.77
635.136,9223.71
635.376,10090.49
635.615,10982.34
635.854,11815.1
636.094,12194.76
636.333,12791.12
636.572,12920.06
636.811,12989.91
637.051,13122.43
637.29,13609.55
637.529,13736.7
637.768,13890.71
638.007,13806.54
638.246,13794.01
638.486,14066.22
638.725,13546.87
638.964,12620.99
639.203,11893.9
639.442,11204.41
639.681,9990.2
639.92,9024.93
640.159,8586.16
640.398,8061.44
640.637,8086.51
640.876,7515.23
641.114,7547.46
641.353,7447.17
641.592,8029.2
641.831,8686.45
642.07,9479.81
642.309,10495.23
642.548,11670.04
642.786,12705.16
643.025,14116.36
643.264,15020.75
643.502,15475.63
643.741,15701.28
643.98,16476.73
644.219,16290.48
644.457,16544.78
644.696,17058.76
644.934,17436.63
645.173,17420.51
645.412,17399.02
645.65,17504.68
645.889,17574.53
646.127,16797.29
646.366,16372.86
646.604,15387.88
646.842,13872.8
647.081,12330.87
647.319,11344.1
647.558,10548.95
647.796,9963.34
648.034,9402.8
648.273,8824.35
648.511,8521.69
648.749,8607.65
648.988,8955.08
649.226,9689.34
649.464,10079.75
649.702,11025.33
649.941,12271.77
650.179,13448.37
650.417,14900.76
650.655,16052.29
650.893,17133.97
651.131,17377.53
651.369,17954.19
651.607,18025.83
651.845,17909.42
652.083,18425.19
652.321,18973.19
652.559,19390.47
652.797,19437.03
653.035,19648.35
653.273,19286.6
653.511,19320.62
653.749,18826.34
653.987,17932.7
654.225,16888.63
654.463,15661.88
654.701,13903.25
654.938,12997.07
655.176,11589.45
655.414,11046.82
655.652,10489.86
655.889,10061.84
656.127,9590.84
656.365,9452.94
656.602,9884.54
656.84,10464.78
657.078,11365.59
657.315,12486.67
657.553,13708.04
657.79,15470.26
658.028,16748.94
658.266,18439.52
658.503,20071
658.741,21376.54
658.978,22003.34
659.215,22488.67
659.453,22771.62
659.69,22565.67
659.928,23072.49
660.165,23787.05
660.402,24182.83
660.64,24746.95
660.877,24644.87
661.114,24306.4
661.352,24689.64
661.589,24059.26
661.826,23074.28
662.063,22202.13
662.301,19995.78
662.538,18342.81
662.775,16190.19
663.012,15074.48
663.249,14078.75
663.486,13000.65
663.723,12271.77
663.961,11822.26
664.198,11002.04
664.435,10987.72
664.672,11043.23
664.909,11331.56
665.146,11739.88
665.383,12680.09
665.619,13579.1
665.856,14757.49
666.093,16100.64
666.33,17447.38
666.567,18219.24
666.804,19417.33
667.041,19580.3
667.278,19646.56
667.514,19711.03
667.751,19870.42
667.988,19592.84
668.225,20196.36
668.461,20319.93
668.698,20491.85
668.935,20466.78
669.171,20389.77
669.408,19802.37
669.644,19825.65
669.881,18743.96
670.118,17796.6
670.354,16600.3
670.591,14813.01
670.827,12680.09
671.064,11537.51
671.3,10550.75
671.537,9680.38
671.773,8818.98
672.01,8183.22
672.246,7375.54
672.482,6802.46
672.719,6664.56
672.955,6403.1
673.191,6295.64
673.428,6659.19
673.664,7035.27
673.9,7742.67
674.136,8016.67
674.373,8894.19
674.609,9495.92
674.845,9891.71
675.081,10484.48
675.317,10933.99
675.553,10699.39
675.79,10917.87
676.026,10939.36
676.262,10856.98
676.498,10783.56
676.734,11039.65
676.97,11431.85
677.206,11274.26
677.442,10878.47
677.678,11030.7
677.914,10876.68
678.15,10387.78
678.386,9886.33
678.621,9230.88
678.857,8378.42
679.093,7259.13
679.329,6367.28
679.565,5779.88
679.8,5244.41
680.036,4717.89
680.272,4314.95
680.508,3836.78
680.743,3324.6
680.979,3201.03
681.215,2851.81
681.45,2624.37
681.686,2780.17
681.922,2774.8
682.157,2651.23
682.393,2928.81
682.628,3036.27
682.864,3204.61
683.099,3351.46
683.335,3580.69
683.57,3485.77
683.806,3786.64
684.041,3695.31
684.277,3869.02
684.512,3747.24
684.747,3833.2
684.983,3840.37
685.218,3596.81
685.453,3817.08
685.689,3817.08
685.924,3716.8
686.159,3917.37
686.394,3609.34
686.63,3460.7
686.865,3528.75
687.1,3389.07
687.335,3088.2
687.57,2848.23
687.806,2370.06
688.041,2056.66
688.276,1786.24
688.511,1614.32
688.746,1465.68
688.981,1254.35
689.216,1055.57
689.451,1030.49
689.686,858.57
689.921,770.82
690.156,668.74
690.391,618.6
690.625,720.67
690.86,606.06
691.095,570.24
691.33,582.78
691.565,461
691.8,563.08
692.034,566.66
692.269,584.57
692.504,546.96
692.739,503.98
692.973,520.1
693.208,589.94
693.443,613.22
693.677,729.63
693.912,693.81
694.146,724.26
694.381,647.25
694.616,745.75
694.85,663.37
695.085,670.53
695.319,607.85
695.554,586.36
695.788,647.25
696.023,692.02
696.257,706.35
696.491,706.35
696.726,620.39
696.96,733.21
697.194,631.13
697.429,727.84
697.663,692.02
697.897,774.4
698.132,690.23
698.366,776.19
698.6,777.98
698.834,666.95
699.068,708.14
699.303,679.48
699.537,794.1
699.771,828.13
700.005,808.43
700.239,806.64
700.473,835.29
700.707,860.36
700.941,828.13
701.175,896.18
701.409,946.32
701.643,856.78
701.877,897.97
702.111,878.27
702.345,865.74
702.579,897.97
702.813,792.31
703.047,847.83
703.281,820.96
703.514,842.45
703.748,822.75
703.982,788.73
704.216,822.75
704.449,917.67
704.683,828.13
704.917,889.02
705.15,862.15
705.384,867.53
705.618,819.17
705.851,749.33
706.085,790.52
706.319,672.32
706.552,819.17
706.786,819.17
707.019,831.71
707.253,751.12
707.486,788.73
707.72,833.5
707.953,790.52
708.187,829.92
708.42,871.11
708.653,912.3
708.887,901.55
709.12,951.7
709.353,932
709.587,1100.34
709.82,1166.6
710.053,1114.67
710.286,1182.72
710.52,1360.01
710.753,1476.42
710.986,1608.95
711.219,1784.45
711.452,1911.6
711.686,1866.83
711.919,2187.4
712.152,2196.35
712.385,2312.76
712.618,2228.59
712.851,2293.06
713.084,2241.12
713.317,2225
713.55,2332.46
713.783,2438.12
714.016,2359.32
714.249,2479.31
714.482,2371.85
714.714,2479.31
714.947,2380.81
715.18,2334.25
715.413,2255.45
715.646,2287.68
715.878,2169.49
716.111,2319.92
716.344,2088.9
716.577,1838.18
716.809,1800.57
717.042,1626.85
717.275,1648.34
717.507,1641.18
717.74,1512.24
717.973,1488.96
718.205,1449.56
718.438,1460.3
718.67,1281.22
718.903,1503.28
719.135,1487.17
719.368,1567.76
719.6,1619.69
719.833,1770.12
720.065,1848.92
720.297,2081.73
720.53,2296.64
720.762,2416.63
720.995,2588.55
721.227,2724.66
721.459,3184.91
721.691,3475.03
721.924,3888.72
722.156,4203.91
722.388,4526.27
722.62,5008.01
722.853,5210.38
723.085,5520.2
723.317,5753.01
723.549,5706.45
723.781,5754.8
724.013,5736.89
724.245,5831.81
724.477,5840.76
724.709,5849.72
724.941,6224.01
725.173,6107.6
725.405,6517.71
725.637,6173.87
725.869,6412.05
726.101,6250.87
726.333,6172.08
726.565,6093.28
726.797,5853.3
727.028,5650.93
727.26,5409.17
727.492,4975.78
727.724,4803.85
727.956,4340.02
728.187,4083.92
728.419,3920.95
728.651,3879.76
728.882,3378.32
729.114,3392.65
729.346,3229.68
729.577,3283.41
729.809,3081.04
730.04,3055.97
730.272,3106.11
730.503,3303.11
730.735,3340.71
730.966,3645.16
731.198,3740.08
731.429,4019.45
731.661,4082.13
731.892,4511.94
732.124,4793.11
732.355,5292.76
732.586,5865.84
732.818,6304.6
733.049,6709.34
733.28,7284.2
733.512,7869.82
733.743,8596.91
733.974,9096.56
734.205,9467.27
734.436,9664.27
734.668,9961.55
734.899,9683.97
735.13,10015.28
735.361,9789.63
735.592,9895.29
735.823,9675.01
736.054,10094.07
736.285,10160.34
736.516,10258.83
736.747,10024.23
736.978,10348.38
737.209,10024.23
737.44,9651.73
737.671,9415.34
737.902,9415.34
738.133,9141.33
738.364,9085.82
738.594,8065.02
738.825,7377.33
739.056,6313.55
739.287,5962.54
739.518,5403.79
739.748,5072.48
739.979,4800.27
740.21,4522.69
740.44,3913.79
740.671,3680.98
740.902,3530.55
741.132,3351.46
741.363,3175.95
741.593,3229.68
741.824,3317.43
742.055,3492.94
742.285,3611.13
742.516,3777.69
742.746,3972.89
742.976,4422.4
743.207,4692.82
743.437,5160.24
743.668,5550.64
743.898,5806.74
744.128,6428.17
744.359,6933.19
744.589,7499.11
744.819,8432.15
745.05,9012.39
745.28,9529.95
745.51,10223.02
745.74,10756.7
745.971,11166.8
746.201,11625.27
746.431,11560.79
746.661,11829.43
746.891,11544.68
747.121,11788.24
747.351,11759.58
747.581,11970.9
747.811,11929.71
748.041,11999.56
748.271,12092.68
748.501,12339.82
748.731,11825.84
748.961,11997.77
749.191,11299.33
749.421,11285
749.651,11139.94
749.881,11025.33
750.111,10355.54
750.34,9798.58
750.57,8691.83
750.8,7656.7
751.03,6825.74
751.259,6515.92
751.489,5874.79
751.719,5436.03
751.949,5043.83
752.178,4685.66
752.408,4180.63
752.637,3795.59
752.867,3492.94
753.097,3186.7
753.326,3147.3
753.556,3127.6
753.785,2998.66
754.015,3206.4
754.244,3206.4
754.474,3244.01
754.703,3578.9
754.932,3747.24
755.162,3937.07
755.391,4280.92
755.621,4477.91
755.85,4900.56
756.079,5246.2
756.309,5992.99
756.538,6308.18
756.767,6678.89
756.996,7334.35
757.225,7868.03
757.455,8088.3
757.684,8779.58
757.913,8903.15
758.142,9341.91
758.371,9440.41
758.6,9658.89
758.829,9707.25
759.058,9667.85
759.287,9315.05
759.516,9513.83
759.745,9429.66
759.974,9812.91
760.203,9606.96
760.432,10052.88
760.661,10052.88
760.89,9992
761.119,9725.16
761.348,9325.79
761.577,9153.87
761.805,9114.47
762.034,8804.65
762.263,8564.67
762.492,7952.2
762.721,7443.59
762.949,6589.35
763.178,6012.69
763.407,5516.62
763.635,5006.22
763.864,4716.1
764.092,4477.91
764.321,4064.22
764.55,3777.69
764.778,3471.45
765.007,3301.31
765.235,2910.91
765.464,2882.25
765.692,2635.11
765.921,2812.41
766.149,2783.75
766.377,3093.57
766.606,2932.4
766.834,3206.4
767.062,3335.34
767.291,3553.83
767.519,3632.63
767.747,3949.61
767.976,4083.92
768.204,4642.67
768.432,4895.19
768.66,5482.59
768.889,5783.46
769.117,6428.17
769.345,6861.56
769.573,7474.04
769.801,8029.2
770.029,8595.12
770.257,8949.71
770.485,9538.91
770.713,9837.98
770.941,9861.26
771.169,9775.3
771.397,9823.65
771.625,9610.54
771.853,9651.73
772.081,9800.37
772.309,9700.08
772.537,9913.2
772.765,10004.53
772.992,10088.7
773.22,10432.55
773.448,10009.9
773.676,9879.17
773.903,9492.34
774.131,9558.61
774.359,9139.54
774.586,9264.9
774.814,9182.52
775.042,8949.71
775.269,8068.6
775.497,7085.42
775.725,5994.78
775.952,5455.73
776.18,4809.23
776.407,4622.97
776.635,3978.26
776.862,3514.43
777.09,3095.36
777.317,2785.54
777.544,2391.55
777.772,1904.44
777.999,1612.53
778.227,1460.3
778.454,1293.75
778.681,1161.23
778.908,989.3
779.136,926.62
779.363,885.43
779.59,810.22
779.817,765.45
780.045,751.12
780.272,869.32
780.499,785.15
780.726,829.92
780.953,957.07
781.18,889.02
781.407,951.7
781.634,978.56
781.861,1007.21
782.088,960.65
782.315,1116.46
782.542,1089.59
782.769,1107.5
782.996,1214.95
783.223,1213.16
783.45,1325.99
783.677,1392.25
783.904,1386.88
784.13,1444.19
784.357,1460.3
784.584,1549.85
784.811,1431.65
785.038,1591.04
785.264,1497.91
785.491,1483.58
785.718,1413.74
785.944,1365.39
786.171,1360.01
786.398,1385.09
786.624,1392.25
786.851,1388.67
787.077,1315.24
787.304,1232.86
787.53,1302.71
787.757,1259.73
787.983,1204.21
788.21,1096.76
788.436,1173.76
788.663,1114.67
788.889,1093.18
789.115,980.35
789.342,1137.95
789.568,928.42
789.794,881.85
790.021,878.27
790.247,817.38
790.473,727.84
790.699,652.62
790.926,765.45
791.152,520.1
791.378,554.12
791.604,527.26
791.83,503.98
792.056,383.99
792.282,358.92
792.508,418.02
792.735,466.37
792.961,339.22
793.187,362.5
793.413,267.59
793.638,321.31
793.864,328.47
794.09,324.89
794.316,344.59
794.542,418.02
794.768,441.3
794.994,344.59
795.22,371.46
795.445,421.6
795.671,421.6
795.897,405.48
796.123,403.69
796.348,552.33
796.574,580.99
796.8,498.61
797.025,634.71
797.251,629.34
797.477,640.09
797.702,765.45
797.928,788.73
798.153,828.13
798.379,767.24
798.604,872.9
798.83,867.53
799.055,862.15
799.281,928.42
799.506,937.37
799.732,964.23
799.957,933.79
800.182,958.86
800.408,953.49
800.633,1028.7
800.858,974.98
801.084,880.06
801.309,964.23
801.534,887.23
801.759,906.93
801.985,1023.33
802.21,985.72
802.435,1021.54
802.66,1003.63
802.885,921.25
803.11,921.25
803.335,856.78
803.561,742.17
803.786,786.94
804.011,910.51
804.236,781.56
804.461,885.43
804.685,720.67
804.91,792.31
805.135,704.56
805.36,615.01
805.585,641.88
805.81,641.88
806.035,591.73
806.26,597.11
806.484,441.3
806.709,559.5
806.934,387.57
807.159,487.86
807.383,389.36
807.608,419.81
807.833,410.85
808.057,382.2
808.282,443.09
808.507,346.38
808.731,459.21
808.956,371.46
809.18,414.44
809.405,387.57
809.629,321.31
809.854,443.09
810.078,269.38
810.303,344.59
810.527,332.06
810.751,362.5
810.976,344.59
811.2,419.81
811.425,281.91
811.649,299.82
811.873,308.78
812.097,428.76
812.322,416.23
812.546,314.15
812.77,358.92
812.994,418.02
813.219,308.78
813.443,303.4
813.667,280.12
813.891,360.71
814.115,321.31
814.339,375.04
814.563,375.04
814.787,346.38
815.011,378.62
815.235,426.97
815.459,349.97
815.683,332.06
815.907,418.02
816.131,398.32
816.355,405.48
816.579,405.48
816.802,271.17
817.026,407.27
817.25,348.17
817.474,455.63
817.698,348.17
817.921,366.08
818.145,305.19
818.369,387.57
818.592,401.9
818.816,344.59
819.04,306.98
819.263,409.06
819.487,296.24
819.71,321.31
819.934,264
820.158,348.17
820.381,306.98
820.605,306.98
820.828,312.36
821.051,237.14
821.275,290.87
821.498,233.56
821.722,222.81
821.945,194.16
822.168,224.6
822.392,208.49
822.615,244.3
822.838,213.86
823.061,195.95
823.285,120.73
823.508,246.1
823.731,149.39
823.954,111.78
824.177,238.93
824.401,201.32
824.624,174.46
824.847,219.23
825.07,219.23
825.293,88.5
825.516,138.64
825.739,224.6
825.962,161.92
826.185,265.79
826.408,224.6
826.631,274.75
826.854,199.53
827.077,262.21
827.299,217.44
827.522,217.44
827.745,185.21
827.968,201.32
828.191,312.36
828.413,271.17
828.636,292.66
828.859,244.3
829.082,339.22
829.304,305.19
829.527,426.97
829.75,355.34
829.972,392.95
830.195,353.55
830.417,355.34
830.64,305.19
830.862,426.97
831.085,466.37
831.307,339.22
831.53,362.5
831.752,319.52
831.975,355.34
832.197,410.85
832.42,486.07
832.642,380.41
832.864,358.92
833.087,448.46
833.309,274.75
833.531,341.01
833.753,306.98
833.976,235.35
834.198,373.25
834.42,271.17
834.642,262.21
834.864,251.47
835.086,269.38
835.309,339.22
835.531,315.94
835.753,298.03
835.975,364.29
836.197,290.87
836.419,260.42
836.641,221.02
836.863,190.58
837.085,269.38
837.307,251.47
837.529,185.21
837.75,229.98
837.972,187
838.194,187
838.416,256.84
838.638,86.71
838.859,264
839.081,113.57
839.303,217.44
839.525,165.51
839.746,224.6
839.968,215.65
840.19,97.45
840.411,131.48
840.633,174.46
840.855,192.37
841.076,199.53
841.298,133.27
841.519,167.3
841.741,210.28
841.962,197.74
842.184,154.76
842.405,136.85
842.626,142.22
842.848,152.97
843.069,176.25
843.291,219.23
843.512,195.95
843.733,333.85
843.955,195.95
844.176,265.79
844.397,197.74
844.618,335.64
844.839,258.63
845.061,335.64
845.282,339.22
845.503,323.1
845.724,401.9
845.945,414.44
846.166,434.14
846.387,478.91
846.608,478.91
846.829,496.82
847.05,598.9
847.271,738.58
847.492,659.79
847.713,684.86
847.934,686.65
848.155,666.95
848.376,754.7
848.597,726.05
848.818,649.04
849.038,781.56
849.259,747.54
849.48,794.1
849.701,790.52
849.921,774.4
850.142,715.3
850.363,797.68
850.584,785.15
850.804,844.24
851.025,815.59
851.245,806.64
851.466,776.19
851.687,835.29
851.907,803.05
852.128,828.13
852.348,745.75
852.569,761.86
852.789,792.31
853.009,847.83
853.23,763.66
853.45,851.41
853.671,851.41
853.891,774.4
854.111,812.01
854.332,674.11
854.552,659.79
854.772,616.8
854.992,554.12
855.213,582.78
855.433,500.4
855.653,554.12
855.873,486.07
856.093,489.65
856.313,478.91
856.533,545.17
856.753,407.27
856.974,505.77
857.194,443.09
857.414,373.25
857.634,324.89
857.854,487.86
858.073,348.17
858.293,358.92
858.513,400.11
858.733,428.76
858.953,414.44
859.173,520.1
859.393,482.49
859.612,495.03
859.832,430.55
860.052,423.39
860.272,606.06
860.491,546.96
860.711,672.32
860.931,700.98
861.15,743.96
861.37,727.84
861.59,751.12
861.809,867.53
862.029,835.29
862.248,835.29
862.468,1028.7
862.687,957.07
862.907,1087.8
863.126,1390.46
863.346,1257.94
863.565,1311.66
863.785,1422.69
864.004,1476.42
864.223,1596.41
864.443,1759.38
864.662,1911.6
864.881,1942.05
865.1,2026.22
865.32,2293.06
865.539,2310.97
865.758,2464.98
865.977,2434.53
866.196,2522.29
866.416,2516.91
866.635,2633.32
866.854,2688.84
867.073,2679.88
867.292,2541.99
867.511,2516.91
867.73,2350.36
867.949,2563.48
868.168,2538.41
868.387,2525.87
868.606,2692.42
868.825,2627.95
869.044,2633.32
869.262,2610.04
869.481,2618.99
869.7,2704.96
869.919,2694.21
870.138,2712.12
870.356,2592.13
870.575,2404.09
870.794,2382.6
871.013,2248.28
871.231,2271.57
871.45,2400.51
871.668,2371.85
871.887,2493.63
872.106,2235.75
872.324,2087.11
872.543,1786.24
872.761,1578.5
872.98,1478.21
873.198,1288.38
873.417,1206
873.635,1288.38
873.854,1184.51
874.072,1159.44
874.29,1132.57
874.509,976.77
874.727,853.2
874.945,804.85
875.164,767.24
875.382,772.61
875.6,647.25
875.818,647.25
876.037,650.83
876.255,622.18
876.473,598.9
876.691,546.96
876.909,654.41
877.127,559.5
877.345,674.11
877.563,695.6
877.781,589.94
877.999,736.79
878.217,668.74
878.435,636.5
878.653,607.85
878.871,700.98
879.089,792.31
879.307,783.36
879.525,906.93
879.743,932
879.96,889.02
880.178,978.56
880.396,1112.87
880.614,1139.74
880.832,1170.18
881.049,1274.05
881.267,1286.59
881.485,1345.69
881.702,1496.12
881.92,1431.65
882.137,1641.18
882.355,1741.47
882.573,1834.59
882.79,1881.16
883.008,2070.99
883.225,2241.12
883.443,2287.68
883.66,2470.35
883.877,2622.58
884.095,2828.53
884.312,2715.7
884.53,2928.81
884.747,2995.08
884.964,3061.34
885.182,3202.82
885.399,3190.28
885.616,3106.11
885.833,3107.9
886.051,3179.54
886.268,2878.67
886.485,2975.38
886.702,3167
886.919,2955.68
887.136,3084.62
887.353,3177.74
887.57,3244.01
887.788,3082.83
888.005,3227.89
888.222,3063.13
888.439,3299.52
888.655,3091.78
888.872,3401.6
889.089,3220.73
889.306,3106.11
889.523,2905.53
889.74,2744.35
889.957,2762.26
890.174,2794.5
890.39,2898.37
890.607,2855.39
890.824,2749.73
891.041,2558.1
891.257,2305.59
891.474,2110.39
891.691,1784.45
891.907,1623.27
892.124,1445.98
892.34,1440.6
892.557,1451.35
892.774,1385.09
892.99,1325.99
893.207,1272.26
893.423,1034.08
893.64,1010.8
893.856,812.01
894.072,804.85
894.289,652.62
894.505,521.89
894.722,432.35
894.938,435.93
895.154,400.11
895.37,403.69
895.587,283.7
895.803,278.33
896.019,315.94
896.235,272.96
896.452,260.42
896.668,280.12
896.884,165.51
897.1,174.46
897.316,181.62
897.532,221.02
897.748,246.1
897.964,267.59
898.18,124.32
898.396,195.95
898.612,262.21
898.828,217.44
899.044,160.13
899.26,213.86
899.476,203.11
899.692,118.94
899.908,81.34
900.123,145.81
900.339,115.36
900.555,131.48
900.771,108.2
900.986,84.92
901.202,70.59
901.418,145.81
901.633,95.66
901.849,81.34
902.065,86.71
902.28,111.78
902.496,145.81
902.711,138.64
902.927,213.86
903.143,152.97
903.358,97.45
903.573,88.5
903.789,88.5
904.004,58.05
904.22,45.52
904.435,90.29
904.651,113.57
904.866,52.68
905.081,106.41
905.296,45.52
905.512,108.2
905.727,97.45
905.942,34.77
906.157,65.22
906.373,113.57
906.588,170.88
906.803,79.54
907.018,83.13
907.233,-18.95
907.448,108.2
907.663,115.36
907.878,109.99
908.093,104.62
908.308,27.61
908.523,88.5
908.738,178.04
908.953,74.17
909.168,147.6
909.383,75.96
909.598,145.81
909.813,144.02
910.027,221.02
910.242,187
910.457,158.34
910.672,156.55
910.887,117.15
911.101,136.85
911.316,174.46
911.531,203.11
911.745,101.03
911.96,156.55
912.174,210.28
912.389,206.7
912.604,238.93
912.818,221.02
913.033,255.05
913.247,210.28
913.462,215.65
913.676,221.02
913.89,197.74
914.105,194.16
914.319,246.1
914.534,264
914.748,187
914.962,280.12
915.177,260.42
915.391,160.13
915.605,208.49
915.819,160.13
916.034,321.31
916.248,231.77
916.462,260.42
916.676,206.7
916.89,188.79
917.104,262.21
917.318,285.49
917.532,192.37
917.746,301.61
917.96,145.81
918.174,226.4
918.388,187
918.602,233.56
918.816,95.66
919.03,149.39
919.244,251.47
919.458,152.97
919.672,208.49
919.886,156.55
920.099,179.83
920.313,152.97
920.527,124.32
920.741,149.39
920.954,201.32
921.168,188.79
921.382,138.64
921.595,131.48
921.809,61.64
922.023,181.62
922.236,92.08
922.45,84.92
922.663,99.24
922.877,129.69
923.09,88.5
923.304,32.98
923.517,-2.84
923.731,90.29
923.944,13.28
924.157,74.17
924.371,18.65
924.584,4.33
924.797,65.22
925.011,15.07
925.224,-36.86
925.437,40.15
925.65,58.05
925.864,2.54
926.077,-8.21
926.29,0.75
926.503,47.31
926.716,59.84
926.929,20.45
927.142,50.89
927.355,6.12
927.568,75.96
927.781,77.75
927.994,-13.58
928.207,149.39
928.42,54.47
928.633,58.05
928.846,18.65
929.059,124.32
929.272,72.38
929.485,36.56
929.697,34.77
929.91,-13.58
930.123,20.45
930.336,-40.44
930.549,49.1
930.761,29.4
930.974,52.68
931.187,68.8
931.399,56.26
931.612,90.29
931.824,27.61
932.037,-1.04
932.249,36.56
932.462,54.47
932.675,104.62
932.887,-6.42
933.099,65.22
933.312,74.17
933.524,129.69
933.737,68.8
933.949,117.15
934.161,77.75
934.374,92.08
934.586,145.81
934.798,161.92
935.011,113.57
935.223,161.92
935.435,126.11
935.647,-40.44
935.859,187
936.072,104.62
936.284,133.27
936.496,215.65
936.708,203.11
936.92,77.75
937.132,194.16
937.344,194.16
937.556,160.13
937.768,156.55
937.98,97.45
938.192,210.28
938.404,92.08
938.616,102.83
938.828,169.09
939.039,172.67
939.251,59.84
939.463,43.73
939.675,124.32
939.887,204.91
940.098,38.35
940.31,113.57
940.522,106.41
940.733,95.66
940.945,126.11
941.157,38.35
941.368,154.76
941.58,108.2
941.791,81.34
942.003,72.38
942.214,127.9
942.426,54.47
942.637,178.04
942.849,131.48
943.06,74.17
943.272,118.94
943.483,197.74
943.694,83.13
943.906,67.01
944.117,63.43
944.328,50.89
944.54,61.64
944.751,58.05
944.962,77.75
945.173,108.2
945.384,67.01
945.596,36.56
945.807,92.08
946.018,47.31
946.229,27.61
946.44,2.54
946.651,77.75
946.862,111.78
947.073,68.8
947.284,61.64
947.495,99.24
947.706,83.13
947.917,151.18
948.128,75.96
948.339,47.31
948.549,40.15
948.76,50.89
948.971,6.12
949.182,11.49
949.393,18.65
949.603,-2.84
949.814,34.77
950.025,29.4
950.235,-38.65
950.446,-24.33
950.657,75.96
950.867,25.82
951.078,20.45
951.288,-56.56
951.499,-6.42
951.709,18.65
951.92,-13.58
952.13,-35.07
952.341,9.7
952.551,-44.03
952.762,15.07
952.972,31.19
953.182,-94.17
953.393,-8.21
953.603,-6.42
953.813,24.03
954.024,34.77
954.234,50.89
954.444,22.24
954.654,-22.54
954.865,2.54
955.075,50.89
955.285,92.08
955.495,-4.63
955.705,15.07
955.915,6.12
956.125,106.41
956.335,101.03
956.545,-26.12
956.755,131.48
956.965,90.29
957.175,90.29
957.385,-4.63
957.595,2.54
957.805,81.34
958.015,61.64
958.224,7.91
958.434,34.77
958.644,59.84
958.854,45.52
959.064,129.69
959.273,117.15
959.483,-27.91
959.693,2.54
959.902,67.01
960.112,24.03
960.322,67.01
960.531,24.03
960.741,77.75
960.95,38.35
961.16,6.12
961.369,63.43
961.579,77.75
961.788,54.47
961.998,81.34
962.207,97.45
962.416,126.11
962.626,40.15
962.835,158.34
963.044,20.45
963.254,90.29
963.463,72.38
963.672,-24.33
963.881,88.5
964.091,86.71
964.3,-49.4
964.509,-11.79
964.718,144.02
964.927,81.34
965.136,88.5
965.345,84.92
965.554,52.68
965.763,6.12
965.972,102.83
966.181,127.9
966.39,58.05
966.599,84.92
966.808,129.69
967.017,38.35
967.226,54.47
967.435,34.77
967.644,93.87
967.852,174.46
968.061,152.97
968.27,122.53
968.479,-10
968.687,131.48
968.896,77.75
969.105,67.01
969.313,16.86
969.522,-27.91
969.731,109.99
969.939,-10
970.148,117.15
970.356,92.08
970.565,41.94
970.773,49.1
970.982,61.64
971.19,-58.35
971.399,75.96
971.607,29.4
971.815,-20.74
972.024,133.27
972.232,29.4
972.44,-74.47
972.649,6.12
972.857,-26.12
973.065,-24.33
973.273,45.52
973.482,-2.84
973.69,18.65
973.898,-33.28
974.106,40.15
974.314,-40.44
974.522,32.98
974.73,36.56
974.938,13.28
975.146,65.22
975.354,41.94
975.562,50.89
975.77,-26.12
975.978,86.71
976.186,41.94
976.394,97.45
976.602,16.86
976.81,2.54
977.018,135.06
977.225,15.07
977.433,43.73
977.641,67.01
977.849,-1.04
978.056,-2.84
978.264,9.7
978.472,-18.95
978.679,74.17
978.887,-38.65
979.094,97.45
979.302,-22.54
979.51,-15.37
979.717,13.28
979.925,40.15
980.132,61.64
980.339,-6.42
980.547,-31.49
980.754,97.45
980.962,32.98
981.169,7.91
981.376,-58.35
981.584,-78.05
981.791,65.22
981.998,0.75
982.206,84.92
982.413,47.31
982.62,99.24
982.827,-104.91
983.034,70.59
983.242,-24.33
983.449,75.96
983.656,-38.65
983.863,56.26
984.07,-27.91
984.277,43.73
984.484,50.89
984.691,22.24
984.898,4.33
985.105,-4.63
985.312,-83.42
985.519,56.26
985.725,-8.21
985.932,-20.74
986.139,34.77
986.346,81.34
986.553,54.47
986.759,-67.31
986.966,49.1
987.173,97.45
987.38,13.28
987.586,58.05
987.793,22.24
988,18.65
988.206,-20.74
988.413,43.73
988.619,77.75
988.826,56.26
989.032,118.94
989.239,124.32
989.445,-15.37
989.652,79.54
989.858,-42.23
990.064,79.54
990.271,-15.37
990.477,65.22
990.684,31.19
990.89,41.94
991.096,70.59
991.302,15.07
991.509,-51.19
991.715,81.34
991.921,0.75
992.127,-31.49
992.333,-15.37
992.539,43.73
992.746,2.54
992.952,24.03
993.158,36.56
993.364,54.47
993.57,-51.19
993.776,-51.19
993.982,31.19
994.188,84.92
994.394,-92.38
994.599,-60.14
994.805,-10
995.011,-18.95
995.217,-35.07
995.423,24.03
995.629,25.82
995.834,7.91
996.04,-11.79
996.246,-44.03
996.452,16.86
996.657,22.24
996.863,-129.99
997.068,31.19
997.274,40.15
997.48,41.94
997.685,-90.59
997.891,-45.82
998.096,13.28
998.302,40.15
998.507,-31.49
998.713,81.34
998.918,25.82
999.123,-17.16
999.329,-6.42
999.534,-27.91
999.74,6.12
999.945,32.98
1000.15,11.49
1000.355,-33.28
1000.561,9.7
1000.766,43.73
1000.971,86.71
1001.176,22.24
1001.381,-33.28
1001.586,-4.63
1001.792,-1.04
1001.997,-26.12
1002.202,131.48
1002.407,52.68
1002.612,52.68
1002.817,11.49
1003.022,31.19
1003.227,6.12
1003.432,59.84
1003.637,74.17
1003.841,22.24
1004.046,27.61
1004.251,-70.89
1004.456,-22.54
1004.661,-44.03
1004.865,-65.52
1005.07,61.64
1005.275,49.1
1005.48,7.91
1005.684,22.24
1005.889,-20.74
1006.094,-35.07
1006.298,-24.33
1006.503,-4.63
1006.707,45.52
1006.912,120.73
1007.116,-11.79
1007.321,11.49
1007.525,74.17
1007.73,49.1
1007.934,-31.49
1008.139,52.68
1008.343,18.65
1008.547,-22.54
1008.752,22.24
1008.956,-24.33
1009.16,24.03
1009.364,-10
1009.569,43.73
1009.773,-4.63
1009.977,32.98
1010.181,-51.19
1010.385,-52.98
1010.589,16.86
1010.794,-29.7
1010.998,22.24
1011.202,22.24
1011.406,58.05
1011.61,16.86
1011.814,-67.31
1012.018,-8.21
1012.222,56.26
1012.426,-4.63
1012.629,88.5
1012.833,-6.42
1013.037,22.24
1013.241,15.07
1013.445,9.7
1013.649,-72.68
1013.852,-8.21
1014.056,20.45
1014.26,2.54
1014.463,52.68
1014.667,-38.65
1014.871,40.15
1015.074,-38.65
1015.278,74.17
1015.482,-58.35
1015.685,15.07
1015.889,25.82
1016.092,-106.71
1016.296,-1.04
1016.499,-10
1016.703,20.45
1016.906,-2.84
1017.109,-29.7
1017.313,4.33
1017.516,22.24
1017.719,-13.58
1017.923,-35.07
1018.126,-52.98
1018.329,47.31
1018.532,6.12
1018.736,63.43
1018.939,70.59
1019.142,36.56
1019.345,-52.98
1019.548,-52.98
1019.751,-60.14
1019.954,-27.91
1020.157,-15.37
1020.361,-17.16
1020.564,-2.84
1020.766,-17.16
1020.969,9.7
1021.172,4.33
1021.375,-13.58
1021.578,22.24
1021.781,-6.42
1021.984,20.45
1022.187,4.33
1022.389,-22.54
1022.592,20.45
1022.795,-51.19
1022.998,-74.47
1023.2,0.75
1023.403,15.07
1023.606,-10
1023.808,79.54
1024.011,65.22
1024.214,-44.03
1024.416,56.26
1024.619,-85.22
1024.821,2.54
1025.024,-1.04
1025.226,72.38
1025.429,-88.8
1025.631,16.86
1025.833,70.59
1026.036,79.54
1026.238,-8.21
1026.441,18.65
1026.643,92.08
1026.845,11.49
1027.047,24.03
1027.25,0.75
1027.452,29.4
1027.654,83.13
1027.856,-67.31
1028.058,-18.95
1028.261,-54.77
1028.463,2.54
1028.665,7.91
1028.867,-67.31
1029.069,38.35
1029.271,41.94
1029.473,45.52
1029.675,-47.61
1029.877,-67.31
1030.079,-15.37
1030.281,-38.65
1030.482,20.45
1030.684,-58.35
1030.886,36.56
1031.088,25.82
1031.29,0.75
1031.491,-2.84
1031.693,54.47
1031.895,56.26
1032.097,-24.33
1032.298,34.77
1032.5,79.54
1032.701,32.98
1032.903,-38.65
1033.105,15.07
1033.306,83.13
1033.508,-18.95
1033.709,-17.16
1033.911,54.47
1034.112,-4.63
1034.314,0.75
1034.515,13.28
1034.716,-10
1034.918,-13.58
1035.119,9.7
1035.32,13.28
1035.522,43.73
1035.723,83.13
1035.924,-15.37
1036.125,9.7
1036.327,-45.82
1036.528,67.01
1036.729,-35.07
1036.93,-17.16
1037.131,24.03
1037.332,-63.73
1037.533,9.7
1037.734,-47.61
1037.935,-74.47
1038.136,-29.7
1038.337,31.19
1038.538,-61.93
1038.739,-44.03
1038.94,43.73
1039.141,-52.98
1039.342,-26.12
1039.543,-36.86
1039.744,43.73
1039.944,16.86
1040.145,-17.16
1040.346,45.52
1040.547,-70.89
1040.747,-40.44
1040.948,-15.37
1041.149,15.07
1041.349,-26.12
1041.55,-69.1
1041.75,-11.79
1041.951,4.33
1042.152,-11.79
1042.352,20.45
1042.553,49.1
1042.753,2.54
1042.953,61.64
1043.154,-76.26
1043.354,-42.23
1043.555,-38.65
1043.755,13.28
1043.955,54.47
1044.156,-15.37
1044.356,45.52
1044.556,72.38
1044.756,-6.42
1044.957,86.71
1045.157,90.29
1045.357,56.26
1045.557,-11.79
1045.757,-54.77
1045.957,6.12
1046.157,0.75
1046.357,-31.49
1046.557,24.03
1046.757,41.94
1046.957,-6.42
1047.157,2.54
1047.357,-63.73
1047.557,-8.21
1047.757,15.07
1047.957,38.35
1048.157,-44.03
1048.356,27.61
1048.556,0.75
1048.756,-58.35
1048.956,-8.21
1049.156,32.98
1049.355,22.24
1049.555,-8.21
1049.755,111.78
1049.954,7.91
1050.154,18.65
1050.353,59.84
1050.553,86.71
1050.752,-74.47
1050.952,13.28
1051.151,25.82
1051.351,77.75
1051.55,52.68
1051.75,75.96
1051.949,-17.16
1052.148,108.2
1052.348,50.89
1052.547,52.68
1052.746,-67.31
1052.946,0.75
1053.145,-90.59
1053.344,-4.63
1053.543,-15.37
1053.743,25.82
1053.942,-33.28
1054.141,38.35
1054.34,45.52
1054.539,-56.56
1054.738,4.33
1054.937,-47.61
1055.136,-11.79
1055.335,49.1
1055.534,6.12
1055.733,0.75
1055.932,0.75
1056.131,0.75
